g,0.01,0.02,0.01, ,0.002
l,-0.07,-0.00,0.07, ,0.035
g,0.01,-0.01,0.00, ,0.039
r,0.81,0.00,0.02,0.59,0.041
l,0.04,-0.00,0.14, ,0.045
g,0.00,0.02,0.00, ,0.047
r,0.70,0.00,0.03,0.71,0.050
l,0.00,-0.01,0.18, ,0.054
g,-0.03,0.00,0.00, ,0.056
r,0.63,0.00,0.03,0.78,0.059
g,-0.05,-0.02,-0.01, ,0.063
l,0.04,-0.04,0.21, ,0.066
r,0.58,0.00,0.03,0.81,0.068
g,-0.05,-0.04,-0.03, ,0.074
r,0.58,0.00,0.03,0.81,0.076
l,-0.04,-0.03,-0.02, ,0.079
g,-0.01,-0.01,-0.02, ,0.084
r,0.56,0.00,0.03,0.83,0.087
l,-0.06,0.01,-0.18, ,0.090
g,0.03,0.05,0.01, ,0.094
r,0.53,0.01,0.03,0.85,0.097
l,-0.10,0.01,-0.22, ,0.099
g,0.01,0.04,0.02, ,0.104
r,0.53,0.01,0.03,0.85,0.106
l,-0.13,-0.02,0.01, ,0.109
g,-0.02,-0.00,0.01, ,0.113
r,0.53,0.01,0.03,0.85,0.116
l,0.07,0.01,0.16, ,0.118
g,-0.03,0.01,0.01, ,0.123
r,0.52,0.00,0.03,0.85,0.126
l,0.03,-0.02,0.04, ,0.129
g,-0.02,0.01,0.00, ,0.134
r,0.52,0.00,0.03,0.85,0.136
l,-0.12,-0.09,0.01, ,0.139
g,-0.01,-0.02,-0.00, ,0.143
r,0.52,0.00,0.03,0.85,0.146
l,-0.04,-0.05,0.01, ,0.148
g,-0.03,-0.02,-0.01, ,0.154
r,0.52,0.00,0.03,0.85,0.156
l,-0.01,0.02,0.01, ,0.159
g,-0.02,-0.01,-0.01, ,0.164
r,0.52,0.00,0.03,0.85,0.167
l,-0.01,0.02,-0.03, ,0.170
g,-0.01,0.01,-0.00, ,0.174
r,0.52,0.00,0.03,0.85,0.177
l,-0.05,0.03,-0.03, ,0.179
g,0.00,0.01,-0.00, ,0.184
r,0.52,0.00,0.03,0.85,0.186
l,-0.09,-0.01,0.01, ,0.189
g,0.01,-0.00,0.00, ,0.193
r,0.52,0.00,0.03,0.85,0.196
l,-0.12,-0.01,0.01, ,0.198
g,0.02,0.00,0.02, ,0.203
r,0.52,0.00,0.03,0.85,0.206
l,-0.08,0.02,0.01, ,0.209
g,0.03,0.03,0.02, ,0.214
r,0.52,0.00,0.03,0.86,0.216
l,-0.04,-0.05,-0.03, ,0.219
g,0.04,0.02,0.02, ,0.223
r,0.52,0.00,0.03,0.86,0.226
l,0.04,-0.05,0.08, ,0.228
g,0.04,0.02,0.00, ,0.233
r,0.51,0.00,0.03,0.86,0.235
l,0.04,0.01,0.04, ,0.238
g,0.04,0.04,0.01, ,0.243
r,0.51,0.00,0.03,0.86,0.246
l,-0.07,0.01,-0.03, ,0.249
g,0.08,0.04,0.02, ,0.253
r,0.51,0.00,0.03,0.86,0.256
l,-0.09,-0.11,0.01, ,0.258
g,0.10,0.03,0.01, ,0.264
r,0.51,0.00,0.04,0.86,0.266
l,0.17,-0.03,0.20, ,0.269
g,0.07,0.03,-0.03, ,0.273
r,0.51,0.00,0.04,0.86,0.277
l,0.11,0.04,-0.03, ,0.279
g,0.07,0.05,-0.02, ,0.283
r,0.51,0.00,0.04,0.86,0.286
l,-0.12,-0.01,-0.15, ,0.289
g,0.08,0.05,0.00, ,0.294
r,0.51,0.00,0.04,0.86,0.296
l,-0.20,-0.05,-0.18, ,0.299
g,0.05,0.04,0.01, ,0.303
r,0.51,0.00,0.04,0.86,0.306
l,0.07,0.01,0.08, ,0.309
g,-0.01,0.02,-0.03, ,0.313
r,0.51,0.00,0.04,0.86,0.316
l,0.19,0.01,0.20, ,0.319
g,-0.07,-0.00,-0.05, ,0.323
r,0.51,0.00,0.04,0.86,0.325
l,0.08,-0.03,0.12, ,0.329
g,-0.12,-0.02,-0.03, ,0.333
r,0.51,0.00,0.04,0.86,0.337
l,-0.11,0.03,-0.11, ,0.339
g,-0.11,-0.04,-0.00, ,0.344
r,0.51,0.00,0.04,0.86,0.346
l,-0.12,-0.12,0.01, ,0.350
g,-0.09,-0.03,0.00, ,0.354
r,0.51,0.00,0.03,0.86,0.357
l,0.07,-0.02,0.04, ,0.359
g,-0.06,0.00,-0.01, ,0.363
r,0.51,0.00,0.03,0.86,0.366
l,0.15,-0.06,0.08, ,0.369
g,-0.03,0.02,-0.02, ,0.374
r,0.51,0.00,0.03,0.86,0.376
l,-0.12,-0.02,-0.07, ,0.379
g,-0.02,0.00,-0.01, ,0.383
r,0.51,0.00,0.03,0.86,0.386
l,-0.08,-0.05,-0.11, ,0.389
g,-0.04,-0.01,-0.03, ,0.393
r,0.51,0.00,0.03,0.86,0.397
l,-0.04,-0.01,0.01, ,0.399
g,-0.04,0.02,-0.03, ,0.404
r,0.51,0.00,0.03,0.86,0.406
l,0.07,0.07,0.08, ,0.409
g,0.01,0.07,0.13, ,0.413
r,0.51,0.00,0.03,0.86,0.416
l,-0.49,-0.05,-0.03, ,0.418
g,0.01,0.03,0.20, ,0.424
r,0.51,0.00,0.03,0.86,0.426
l,-0.07,-0.09,0.16, ,0.430
g,0.02,0.02,0.17, ,0.433
r,0.51,0.00,0.03,0.86,0.436
l,0.04,-0.09,0.16, ,0.438
g,0.02,0.08,0.17, ,0.443
r,0.51,0.00,0.03,0.86,0.446
l,0.09,-0.01,0.04, ,0.448
g,-0.06,0.06,0.17, ,0.453
r,0.50,0.00,0.03,0.86,0.455
l,-0.02,-0.05,-0.11, ,0.459
g,-0.14,0.03,0.13, ,0.463
r,0.50,0.00,0.03,0.86,0.466
l,0.10,-0.12,-0.07, ,0.469
g,-0.24,-0.03,0.06, ,0.474
r,0.50,-0.00,0.03,0.86,0.476
l,0.33,-0.02,-0.68, ,0.479
g,-0.36,0.05,0.03, ,0.483
r,0.50,-0.00,0.03,0.86,0.486
l,0.02,0.27,0.12, ,0.488
g,-0.38,0.13,0.11, ,0.493
r,0.50,-0.00,0.03,0.86,0.495
l,0.11,0.01,0.23, ,0.498
g,-0.44,0.07,0.11, ,0.503
r,0.50,-0.00,0.03,0.87,0.506
l,0.11,0.05,0.04, ,0.509
g,-0.51,0.05,0.07, ,0.513
r,0.50,-0.01,0.03,0.87,0.516
l,0.08,0.13,0.11, ,0.519
g,-0.61,0.05,0.10, ,0.524
r,0.50,-0.01,0.03,0.87,0.526
l,-0.10,0.19,-0.12, ,0.530
g,-0.82,-0.05,0.12, ,0.533
r,0.50,-0.01,0.02,0.87,0.536
l,-0.02,0.21,-0.04, ,0.538
g,-1.04,-0.08,0.13, ,0.543
r,0.50,-0.01,0.02,0.87,0.545
l,-0.03,0.38,-0.01, ,0.549
g,-1.24,-0.09,0.18, ,0.553
r,0.49,-0.01,0.01,0.87,0.556
l,-0.09,0.34,0.07, ,0.558
g,-1.24,-0.09,0.21, ,0.563
r,0.49,-0.02,0.01,0.87,0.565
l,-0.21,0.16,0.38, ,0.568
g,-1.33,-0.15,0.24, ,0.572
r,0.49,-0.02,0.00,0.87,0.575
l,-0.25,0.17,-0.20, ,0.578
g,-1.35,-0.22,0.26, ,0.583
r,0.49,-0.02,-0.00,0.87,0.585
l,-0.31,-0.09,-0.09, ,0.588
g,-1.15,-0.15,0.27, ,0.593
r,0.49,-0.02,-0.01,0.87,0.596
l,-0.21,-0.07,-0.08, ,0.598
g,-1.29,-0.24,0.24, ,0.603
r,0.49,-0.03,-0.02,0.87,0.605
l,0.34,0.54,0.04, ,0.608
g,-1.43,-0.06,0.15, ,0.612
r,0.49,-0.03,-0.02,0.87,0.615
l,0.22,-0.29,0.13, ,0.617
g,-1.53,0.20,0.24, ,0.622
r,0.48,-0.03,-0.03,0.87,0.625
l,-0.04,0.51,-0.17, ,0.628
g,-1.88,0.16,0.40, ,0.633
r,0.48,-0.04,-0.04,0.87,0.636
l,-0.26,0.56,-0.15, ,0.639
g,-2.18,0.19,0.48, ,0.644
r,0.48,-0.04,-0.04,0.88,0.646
l,-0.04,0.27,-0.21, ,0.650
g,-2.36,0.31,0.55, ,0.653
r,0.48,-0.05,-0.05,0.88,0.656
l,0.11,0.24,0.01, ,0.658
g,-2.54,0.36,0.56, ,0.662
r,0.47,-0.06,-0.06,0.88,0.665
l,0.18,0.17,0.20, ,0.668
g,-2.65,0.16,0.50, ,0.673
r,0.47,-0.06,-0.07,0.88,0.676
l,0.22,0.24,0.32, ,0.678
g,-2.80,-0.10,0.34, ,0.682
r,0.47,-0.07,-0.09,0.88,0.685
l,0.15,-0.09,0.26, ,0.689
g,-2.78,-0.23,0.14, ,0.692
r,0.46,-0.08,-0.10,0.88,0.695
l,0.26,-0.35,0.21, ,0.698
g,-2.58,-0.33,-0.05, ,0.702
r,0.46,-0.08,-0.11,0.88,0.705
l,0.23,-0.14,0.09, ,0.708
g,-1.26,-0.22,-0.22, ,0.713
r,0.46,-0.08,-0.12,0.88,0.716
l,0.23,-2.18,-1.05, ,0.718
g,-0.25,-0.11,-0.35, ,0.722
r,0.46,-0.08,-0.12,0.87,0.725
l,-0.01,-0.27,-0.30, ,0.728
g,-0.28,-0.03,-0.33, ,0.733
r,0.46,-0.09,-0.13,0.87,0.736
l,-0.23,0.18,0.25, ,0.738
g,-0.43,0.08,-0.22, ,0.742
r,0.46,-0.09,-0.13,0.87,0.745
l,-0.04,0.33,0.37, ,0.748
g,-0.70,0.54,0.02, ,0.752
r,0.46,-0.09,-0.13,0.87,0.755
l,0.07,-0.23,0.42, ,0.758
g,-0.52,0.98,0.33, ,0.762
r,0.46,-0.09,-0.13,0.87,0.765
l,0.03,-0.71,0.25, ,0.768
g,-0.62,0.98,0.39, ,0.773
r,0.46,-0.10,-0.13,0.87,0.776
l,0.14,0.11,-0.64, ,0.778
g,-0.50,0.72,0.39, ,0.782
r,0.46,-0.10,-0.13,0.87,0.785
l,-0.62,-0.61,-0.01, ,0.788
g,-0.87,0.44,0.32, ,0.792
r,0.45,-0.11,-0.13,0.87,0.795
l,-0.21,0.37,0.09, ,0.797
g,-1.11,0.31,0.21, ,0.803
r,0.45,-0.11,-0.14,0.87,0.805
l,0.07,0.30,0.02, ,0.809
g,-1.12,0.10,0.20, ,0.813
r,0.45,-0.12,-0.14,0.87,0.816
l,-0.52,-0.12,-0.06, ,0.819
g,-1.42,-0.11,0.17, ,0.824
r,0.45,-0.12,-0.15,0.87,0.826
l,-0.32,-0.14,0.55, ,0.830
g,-1.41,-0.34,0.21, ,0.833
r,0.45,-0.12,-0.15,0.87,0.836
l,-0.53,0.70,0.95, ,0.838
g,-1.82,-0.36,0.24, ,0.843
r,0.44,-0.12,-0.16,0.87,0.845
l,0.33,0.64,0.82, ,0.848
g,-1.49,-0.12,0.46, ,0.852
r,0.44,-0.13,-0.17,0.87,0.855
l,-0.41,0.01,0.65, ,0.857
g,-1.34,-0.14,0.62, ,0.863
r,0.44,-0.13,-0.17,0.87,0.865
l,-0.71,-0.43,0.25, ,0.868
g,-1.12,-0.34,0.57, ,0.872
r,0.43,-0.13,-0.18,0.87,0.876
l,0.14,-0.18,0.05, ,0.878
g,-1.43,-0.39,0.44, ,0.883
r,0.43,-0.13,-0.18,0.87,0.885
l,0.25,0.17,-0.16, ,0.888
g,-1.70,-0.51,0.30, ,0.892
r,0.43,-0.13,-0.19,0.87,0.895
l,-0.20,0.14,-0.10, ,0.897
g,-1.79,-0.55,0.25, ,0.902
r,0.42,-0.14,-0.20,0.87,0.904
l,-0.04,0.25,-0.33, ,0.907
g,-1.97,-0.47,0.20, ,0.912
r,0.42,-0.14,-0.21,0.87,0.915
l,0.16,0.07,-0.16, ,0.917
g,-2.39,-0.40,0.12, ,0.922
r,0.42,-0.14,-0.22,0.87,0.925
l,0.47,0.26,-0.10, ,0.927
g,-3.29,-0.31,-0.05, ,0.932
r,0.41,-0.14,-0.23,0.87,0.936
l,0.63,1.07,-0.54, ,0.938
g,-3.40,-0.59,-0.26, ,0.943
r,0.41,-0.15,-0.25,0.86,0.946
l,-0.30,-1.21,0.45, ,0.949
g,-2.95,-0.85,-0.33, ,0.952
r,0.41,-0.15,-0.26,0.86,0.955
l,-0.55,0.68,-0.04, ,0.958
g,-2.80,-0.83,-0.11, ,0.962
r,0.41,-0.15,-0.28,0.86,0.965
l,-0.87,0.29,0.66, ,0.967
g,-2.53,-0.76,0.18, ,0.972
r,0.41,-0.16,-0.29,0.85,0.975
l,-0.77,0.08,0.21, ,0.978
g,-2.99,-0.57,0.32, ,0.982
r,0.40,-0.16,-0.30,0.85,0.985
l,0.19,0.32,-0.82, ,0.988
g,-3.13,-0.51,0.23, ,0.992
r,0.40,-0.16,-0.32,0.85,0.996
l,0.43,-0.52,-0.50, ,0.999
g,-2.32,-0.54,0.04, ,1.003
r,0.39,-0.17,-0.33,0.84,1.006
l,0.18,-1.26,-0.23, ,1.008
g,-2.39,-0.49,-0.11, ,1.013
r,0.39,-0.17,-0.34,0.84,1.015
l,0.41,0.73,-0.57, ,1.018
g,-1.96,-0.64,-0.25, ,1.022
r,0.39,-0.17,-0.35,0.83,1.025
l,-0.02,-0.81,0.25, ,1.028
g,-1.71,-0.75,-0.32, ,1.032
r,0.39,-0.17,-0.36,0.83,1.034
l,0.37,0.47,-0.04, ,1.037
g,-1.88,-0.76,-0.32, ,1.042
r,0.38,-0.17,-0.37,0.83,1.045
l,0.45,-0.02,-0.32, ,1.047
g,-1.84,-0.85,-0.40, ,1.052
r,0.38,-0.17,-0.38,0.82,1.054
l,0.26,-0.64,-0.66, ,1.057
g,-2.38,-1.07,-0.61, ,1.062
r,0.38,-0.17,-0.39,0.82,1.065
l,-0.15,0.38,-0.56, ,1.068
g,-3.68,-1.08,-0.81, ,1.072
r,0.38,-0.17,-0.41,0.81,1.074
l,-0.16,3.21,0.02, ,1.077
g,-4.50,-1.02,-0.76, ,1.082
r,0.38,-0.17,-0.42,0.81,1.085
l,-1.08,1.18,0.30, ,1.087
g,-4.16,-0.88,-0.79, ,1.092
r,0.37,-0.17,-0.44,0.80,1.095
l,0.11,-0.05,-0.51, ,1.097
g,-3.48,-0.63,-1.22, ,1.102
r,0.37,-0.18,-0.46,0.79,1.105
l,0.59,0.16,-0.36, ,1.108
g,-2.60,-0.39,-1.46, ,1.112
r,0.38,-0.18,-0.48,0.78,1.115
l,0.07,-0.51,0.14, ,1.117
g,-2.20,-0.23,-1.03, ,1.122
r,0.38,-0.18,-0.49,0.77,1.125
l,-0.55,-0.72,0.57, ,1.127
g,-2.51,-0.14,-0.66, ,1.132
r,0.38,-0.18,-0.50,0.76,1.135
l,0.06,0.33,-0.15, ,1.137
g,-2.83,0.14,-0.34, ,1.141
r,0.38,-0.18,-0.51,0.75,1.144
l,1.05,-0.90,-0.34, ,1.148
g,-2.35,0.64,-0.22, ,1.151
r,0.38,-0.19,-0.52,0.75,1.154
l,1.00,-1.22,0.20, ,1.156
g,-1.88,0.69,-0.37, ,1.161
r,0.38,-0.19,-0.52,0.74,1.164
l,0.16,-0.57,0.77, ,1.167
g,-1.72,0.52,-0.51, ,1.171
r,0.38,-0.20,-0.53,0.73,1.174
l,0.03,0.02,0.04, ,1.176
g,-2.11,0.39,-0.67, ,1.181
r,0.38,-0.20,-0.54,0.73,1.184
l,0.26,0.36,-0.32, ,1.187
g,-2.66,0.35,-0.70, ,1.192
r,0.38,-0.21,-0.54,0.72,1.195
l,-0.10,0.81,-0.42, ,1.197
g,-3.23,0.32,-0.48, ,1.202
r,0.38,-0.21,-0.55,0.71,1.204
l,-0.41,0.96,-0.85, ,1.207
g,-3.56,0.53,-0.11, ,1.211
r,0.38,-0.22,-0.57,0.70,1.214
l,-0.50,0.98,-1.07, ,1.216
g,-3.57,0.63,0.14, ,1.222
r,0.38,-0.23,-0.58,0.69,1.224
l,-0.60,0.57,-0.28, ,1.228
g,-3.24,0.68,0.31, ,1.232
r,0.37,-0.24,-0.59,0.68,1.235
l,-0.60,0.04,0.16, ,1.237
g,-2.54,0.77,0.32, ,1.242
r,0.37,-0.25,-0.59,0.67,1.244
l,-0.41,-1.52,0.58, ,1.248
g,-1.77,0.67,0.18, ,1.251
r,0.37,-0.25,-0.60,0.66,1.254
l,-0.33,-1.48,1.39, ,1.256
g,-1.37,0.39,0.01, ,1.262
r,0.37,-0.26,-0.60,0.66,1.264
l,-0.12,-1.00,1.12, ,1.267
g,-1.54,0.16,0.02, ,1.271
r,0.37,-0.26,-0.61,0.65,1.274
l,0.18,-0.02,0.90, ,1.276
g,-1.57,0.33,0.17, ,1.282
r,0.37,-0.27,-0.61,0.65,1.284
l,-0.03,0.04,0.03, ,1.288
g,-1.46,0.37,0.12, ,1.292
r,0.37,-0.27,-0.62,0.64,1.295
l,0.02,-0.07,0.36, ,1.297
g,-1.31,0.24,-0.04, ,1.302
r,0.36,-0.27,-0.62,0.64,1.304
l,-0.66,0.52,0.42, ,1.307
g,-1.34,0.26,-0.02, ,1.311
r,0.36,-0.28,-0.62,0.63,1.314
l,-0.46,0.87,-0.15, ,1.316
g,-1.78,0.34,0.29, ,1.321
r,0.36,-0.28,-0.63,0.63,1.323
l,-0.76,1.11,-0.65, ,1.326
g,-1.58,0.31,0.57, ,1.331
r,0.36,-0.29,-0.63,0.62,1.334
l,-0.79,-0.14,0.55, ,1.336
g,-1.45,0.13,0.65, ,1.342
r,0.36,-0.29,-0.64,0.62,1.345
l,0.11,-0.59,0.51, ,1.348
g,-1.21,0.20,0.64, ,1.352
r,0.35,-0.30,-0.64,0.62,1.355
l,0.14,-0.39,-0.01, ,1.357
g,-1.25,0.24,0.63, ,1.362
r,0.35,-0.30,-0.64,0.61,1.365
l,0.70,0.08,-0.05, ,1.368
g,-1.23,0.37,0.69, ,1.372
r,0.35,-0.31,-0.64,0.61,1.375
l,0.42,-0.46,-0.31, ,1.377
g,-1.11,0.31,0.56, ,1.382
r,0.34,-0.31,-0.65,0.61,1.385
l,0.17,-0.57,0.56, ,1.387
g,-0.92,0.29,0.54, ,1.391
r,0.34,-0.32,-0.65,0.60,1.394
l,-0.23,0.09,0.11, ,1.397
g,-1.21,0.22,0.63, ,1.401
r,0.34,-0.32,-0.65,0.60,1.404
l,-0.14,1.27,-0.40, ,1.407
g,-1.66,0.20,0.83, ,1.410
r,0.34,-0.33,-0.65,0.60,1.413
l,-0.19,1.53,-0.11, ,1.416
g,-2.20,0.15,0.92, ,1.421
r,0.33,-0.33,-0.66,0.59,1.424
l,0.09,1.37,0.16, ,1.426
g,-2.62,0.06,0.79, ,1.430
r,0.32,-0.34,-0.66,0.58,1.433
l,0.32,-0.11,-0.11, ,1.436
g,-2.59,-0.00,0.57, ,1.441
r,0.32,-0.35,-0.67,0.58,1.444
l,-0.26,-0.97,0.15, ,1.447
g,-2.36,-0.08,0.33, ,1.451
r,0.31,-0.35,-0.67,0.57,1.453
l,-0.41,-0.55,0.39, ,1.456
g,-1.93,-0.20,0.33, ,1.461
r,0.31,-0.36,-0.68,0.56,1.464
l,-0.33,-0.43,0.57, ,1.467
g,-1.47,-0.35,0.35, ,1.472
r,0.30,-0.36,-0.68,0.56,1.474
l,-0.60,0.19,0.31, ,1.477
g,-1.76,-0.49,0.27, ,1.481
r,0.30,-0.36,-0.69,0.55,1.484
l,0.27,0.73,0.15, ,1.487
g,-1.58,-0.45,0.13, ,1.492
r,0.29,-0.36,-0.69,0.55,1.494
l,0.50,-0.53,0.63, ,1.497
g,-0.89,-0.35,-0.15, ,1.501
r,0.29,-0.36,-0.70,0.55,1.504
l,0.09,-0.59,0.47, ,1.506
g,-0.68,-0.22,-0.35, ,1.511
r,0.29,-0.36,-0.70,0.54,1.513
l,-0.05,0.19,-0.26, ,1.516
g,-1.05,-0.30,-0.40, ,1.521
r,0.28,-0.36,-0.70,0.54,1.524
l,-0.30,0.52,-0.25, ,1.527
g,-1.18,-0.40,-0.30, ,1.532
r,0.28,-0.36,-0.71,0.54,1.534
l,-0.63,0.37,0.01, ,1.537
g,-0.98,-0.40,-0.11, ,1.541
r,0.28,-0.36,-0.71,0.53,1.544
l,-0.45,0.49,0.84, ,1.547
g,-0.81,-0.38,0.00, ,1.551
r,0.28,-0.36,-0.72,0.53,1.553
l,0.21,-0.14,0.85, ,1.556
g,-0.77,-0.26,-0.06, ,1.561
r,0.27,-0.36,-0.72,0.53,1.564
l,0.30,0.67,0.00, ,1.567
g,-0.96,-0.11,-0.21, ,1.572
r,0.27,-0.36,-0.72,0.52,1.574
l,0.86,0.07,-0.41, ,1.577
g,-1.16,-0.02,-0.29, ,1.581
r,0.27,-0.36,-0.72,0.52,1.585
l,0.88,-0.19,-0.43, ,1.588
g,-1.28,0.04,-0.20, ,1.592
r,0.27,-0.36,-0.73,0.52,1.594
l,0.47,0.04,0.29, ,1.597
g,-1.08,-0.12,-0.21, ,1.601
r,0.27,-0.36,-0.73,0.51,1.604
l,-0.43,-0.57,0.70, ,1.607
g,-0.84,-0.42,-0.32, ,1.612
r,0.27,-0.36,-0.73,0.51,1.614
l,-1.02,-0.65,0.88, ,1.617
g,-0.72,-0.55,-0.39, ,1.621
r,0.26,-0.36,-0.74,0.51,1.624
l,-0.50,0.13,0.02, ,1.627
g,-1.02,-0.56,-0.63, ,1.631
r,0.26,-0.36,-0.74,0.50,1.634
l,0.01,0.32,-0.35, ,1.636
g,-0.97,-0.38,-0.77, ,1.641
r,0.26,-0.36,-0.75,0.50,1.645
l,0.50,-0.74,-0.34, ,1.648
g,-0.87,-0.23,-0.69, ,1.653
r,0.26,-0.35,-0.75,0.49,1.656
l,0.14,0.02,0.24, ,1.658
g,-1.15,-0.36,-0.83, ,1.661
r,0.26,-0.35,-0.75,0.49,1.664
l,-0.71,-0.70,1.36, ,1.667
g,-1.61,-0.55,-1.15, ,1.671
r,0.26,-0.35,-0.76,0.49,1.674
l,-0.83,-0.72,0.84, ,1.676
g,-1.91,-0.72,-1.41, ,1.680
r,0.25,-0.35,-0.77,0.48,1.683
l,-0.61,-0.61,0.73, ,1.685
g,-1.85,-0.83,-1.53, ,1.691
r,0.25,-0.34,-0.78,0.47,1.694
l,-0.18,-0.12,-0.24, ,1.696
g,-1.24,-0.75,-1.30, ,1.700
r,0.25,-0.33,-0.78,0.46,1.704
l,0.23,2.26,-1.37, ,1.708
g,-0.84,-0.67,-0.30, ,1.711
r,0.25,-0.33,-0.79,0.46,1.714
l,-0.45,3.70,-0.05, ,1.716
g,-1.17,-0.76,0.05, ,1.720
r,0.24,-0.33,-0.79,0.46,1.723
l,-0.21,-0.41,1.00, ,1.726
g,-0.98,-0.60,-0.23, ,1.730
r,0.24,-0.33,-0.79,0.45,1.733
l,0.31,0.12,-0.05, ,1.735
g,-1.51,-0.52,-0.37, ,1.741
r,0.23,-0.33,-0.80,0.45,1.743
l,0.39,0.64,0.37, ,1.747
g,-2.25,-0.44,-0.56, ,1.750
r,0.23,-0.33,-0.80,0.44,1.753
l,0.38,0.58,0.26, ,1.755
g,-2.53,-0.35,-0.56, ,1.761
r,0.22,-0.33,-0.81,0.43,1.763
l,0.04,0.83,0.08, ,1.766
g,-2.24,-0.47,-0.37, ,1.770
r,0.22,-0.33,-0.82,0.42,1.773
l,-0.70,0.44,0.27, ,1.775
g,-2.20,-0.61,-0.18, ,1.781
r,0.22,-0.33,-0.82,0.41,1.783
l,-0.38,1.38,0.62, ,1.787
g,-3.23,-0.37,-0.29, ,1.790
r,0.21,-0.33,-0.83,0.40,1.793
l,0.27,1.77,0.15, ,1.795
g,-3.89,-0.06,-0.56, ,1.801
r,0.20,-0.33,-0.84,0.39,1.803
l,0.52,1.09,-0.19, ,1.806
g,-3.42,0.12,-0.61, ,1.810
r,0.20,-0.33,-0.84,0.37,1.813
l,-0.17,-1.20,-0.04, ,1.815
g,-2.21,0.13,-0.66, ,1.821
r,0.20,-0.33,-0.85,0.36,1.823
l,-0.23,-1.96,0.02, ,1.826
g,-1.88,0.27,-0.76, ,1.830
r,0.19,-0.33,-0.85,0.35,1.833
l,0.52,0.29,-0.30, ,1.835
g,-1.81,0.36,-0.60, ,1.841
r,0.19,-0.33,-0.86,0.34,1.843
l,-0.01,0.14,0.38, ,1.846
g,-1.61,0.28,-0.23, ,1.850
r,0.19,-0.33,-0.86,0.33,1.853
l,-0.10,0.76,0.02, ,1.856
g,-1.74,0.29,0.22, ,1.861
r,0.19,-0.33,-0.86,0.33,1.863
l,0.26,1.21,-0.14, ,1.867
g,-2.04,0.45,0.43, ,1.871
r,0.19,-0.34,-0.87,0.32,1.874
l,0.38,0.73,-0.04, ,1.876
g,-2.90,0.70,0.44, ,1.881
r,0.19,-0.34,-0.87,0.31,1.883
l,-0.02,1.75,-0.01, ,1.887
g,-3.59,0.76,0.24, ,1.890
r,0.18,-0.35,-0.87,0.29,1.893
l,-0.48,0.09,0.12, ,1.895
g,-3.47,0.56,0.05, ,1.901
r,0.18,-0.35,-0.88,0.27,1.903
l,-0.59,-0.20,-0.06, ,1.906
g,-3.01,0.36,0.05, ,1.910
r,0.18,-0.36,-0.88,0.26,1.913
l,-0.39,0.17,0.04, ,1.915
g,-2.77,0.31,0.10, ,1.921
r,0.17,-0.36,-0.88,0.25,1.923
l,0.12,1.05,-0.11, ,1.926
g,-2.45,0.38,0.09, ,1.929
r,0.17,-0.36,-0.89,0.24,1.932
l,0.44,0.50,-0.45, ,1.934
g,-2.10,0.46,0.13, ,1.940
r,0.17,-0.36,-0.89,0.22,1.942
l,-0.05,0.54,-0.44, ,1.946
g,-1.99,0.47,0.18, ,1.950
r,0.17,-0.37,-0.89,0.22,1.953
l,-0.00,0.38,-0.04, ,1.955
g,-2.08,0.61,0.18, ,1.960
r,0.16,-0.37,-0.89,0.21,1.962
l,0.39,0.39,-0.25, ,1.966
g,-2.10,0.77,0.22, ,1.969
r,0.16,-0.37,-0.89,0.19,1.972
l,0.18,0.38,-0.17, ,1.974
g,-2.21,0.82,0.24, ,1.980
r,0.16,-0.38,-0.89,0.18,1.983
l,-0.14,0.53,-0.30, ,1.985
g,-2.27,0.73,0.26, ,1.990
r,0.16,-0.38,-0.89,0.17,1.993
l,-0.17,0.19,0.08, ,1.996
g,-1.98,0.62,0.25, ,2.000
r,0.16,-0.38,-0.89,0.16,2.003
l,-0.32,-0.40,0.20, ,2.006
g,-1.64,0.48,-0.01, ,2.009
r,0.16,-0.39,-0.90,0.15,2.012
l,-0.41,-0.57,-0.23, ,2.015
g,-1.48,0.25,-0.32, ,2.020
r,0.16,-0.39,-0.90,0.14,2.023
l,-0.95,-1.37,0.24, ,2.025
g,-0.84,-0.18,-0.47, ,2.031
r,0.16,-0.39,-0.90,0.14,2.033
l,-1.88,-0.36,-0.03, ,2.036
g,-0.32,-0.57,-0.72, ,2.040
r,0.15,-0.38,-0.90,0.14,2.043
l,-0.80,0.38,0.15, ,2.046
g,-0.73,-0.90,-0.82, ,2.050
r,0.15,-0.38,-0.90,0.14,2.052
l,0.05,0.47,-1.04, ,2.056
g,-1.03,-0.92,-0.87, ,2.060
r,0.14,-0.38,-0.91,0.13,2.063
l,0.33,0.57,-0.23, ,2.065
g,0.03,-0.57,-0.89, ,2.070
r,0.14,-0.37,-0.91,0.13,2.072
l,1.17,2.88,1.98, ,2.075
g,0.27,-0.35,-0.44, ,2.080
r,0.14,-0.37,-0.91,0.13,2.083
l,-0.54,2.43,-0.16, ,2.086
g,-0.85,-0.76,-0.05, ,2.090
r,0.14,-0.37,-0.91,0.13,2.092
l,-0.57,0.86,-0.87, ,2.095
g,-0.94,-0.97,0.25, ,2.100
r,0.13,-0.37,-0.91,0.13,2.103
l,-1.10,-0.45,-0.10, ,2.105
g,0.03,-0.61,0.54, ,2.110
r,0.13,-0.37,-0.91,0.13,2.112
l,0.75,2.16,0.91, ,2.116
g,-0.63,-0.38,0.71, ,2.120
r,0.12,-0.37,-0.91,0.13,2.123
l,0.04,0.99,-0.91, ,2.126
g,-1.77,-0.45,0.59, ,2.131
r,0.12,-0.38,-0.91,0.12,2.134
l,-0.73,-1.41,-1.63, ,2.136
g,-1.72,-0.61,0.50, ,2.140
r,0.11,-0.38,-0.91,0.12,2.143
l,0.44,-1.10,-0.28, ,2.146
g,-1.29,-0.42,0.36, ,2.150
r,0.11,-0.38,-0.91,0.11,2.153
l,1.38,-0.66,-1.00, ,2.156
g,-1.50,0.16,0.01, ,2.161
r,0.10,-0.38,-0.91,0.11,2.163
l,1.32,-0.07,-1.06, ,2.167
g,-1.79,0.53,-0.24, ,2.171
r,0.10,-0.38,-0.91,0.10,2.174
l,0.83,0.05,-0.80, ,2.177
g,-1.84,0.56,-0.27, ,2.182
r,0.10,-0.38,-0.91,0.09,2.184
l,-0.73,0.29,0.97, ,2.189
g,-1.76,0.36,-0.14, ,2.191
r,0.10,-0.38,-0.91,0.08,2.194
l,-0.77,0.14,1.00, ,2.196
g,-1.65,0.06,-0.17, ,2.201
r,0.10,-0.38,-0.92,0.07,2.203
l,-0.88,-0.16,0.58, ,2.207
g,-1.73,-0.19,-0.18, ,2.210
r,0.09,-0.38,-0.92,0.06,2.213
l,0.43,0.91,-0.59, ,2.215
g,-2.13,-0.17,-0.19, ,2.220
r,0.09,-0.38,-0.92,0.06,2.222
l,0.41,0.77,-0.16, ,2.225
g,-2.39,-0.04,-0.11, ,2.230
r,0.09,-0.38,-0.92,0.04,2.233
l,0.38,0.50,-0.05, ,2.236
g,-2.41,0.17,-0.00, ,2.241
r,0.08,-0.39,-0.92,0.03,2.243
l,0.18,0.13,0.37, ,2.247
g,-2.40,0.37,0.08, ,2.251
r,0.08,-0.39,-0.92,0.02,2.254
l,-0.04,0.62,-0.26, ,2.256
g,-2.50,0.45,0.09, ,2.261
r,0.07,-0.39,-0.92,0.01,2.263
l,-0.19,0.38,-0.29, ,2.267
g,-2.63,0.40,0.09, ,2.271
r,0.07,-0.39,-0.92,-0.00,2.274
l,-0.23,0.59,-0.35, ,2.276
g,-2.69,0.19,0.15, ,2.281
r,0.07,-0.39,-0.92,-0.01,2.283
l,-0.49,0.42,0.03, ,2.287
g,-2.62,0.11,0.22, ,2.290
r,0.06,-0.39,-0.92,-0.03,2.294
l,-0.50,0.26,0.45, ,2.296
g,-2.72,0.03,0.11, ,2.300
r,0.06,-0.39,-0.92,-0.04,2.302
l,-1.24,0.68,0.68, ,2.306
g,-2.81,-0.14,0.03, ,2.309
r,0.05,-0.40,-0.92,-0.05,2.312
l,-0.77,0.12,0.41, ,2.314
g,-2.75,-0.35,-0.12, ,2.320
r,0.05,-0.40,-0.92,-0.06,2.322
l,-0.94,-0.18,0.16, ,2.326
g,-2.81,-0.55,-0.23, ,2.330
r,0.04,-0.40,-0.91,-0.08,2.333
l,0.03,0.62,-0.17, ,2.335
g,-3.12,-0.47,-0.23, ,2.340
r,0.03,-0.40,-0.91,-0.09,2.342
l,0.66,1.22,-0.28, ,2.346
g,-3.47,-0.25,-0.11, ,2.349
r,0.03,0.77,0.63,0.10,2.353
l,0.82,0.69,-0.36, ,2.355
g,-3.26,-0.07,0.04, ,2.360
r,0.04,0.76,0.63,0.11,2.363
l,0.57,-0.30,-0.53, ,2.365
g,-2.66,-0.00,0.12, ,2.369
r,0.05,0.76,0.63,0.12,2.372
l,0.03,-0.27,-0.33, ,2.375
g,-2.11,0.02,0.07, ,2.379
r,0.06,0.76,0.63,0.13,2.382
l,-0.32,-1.22,-0.23, ,2.385
g,-1.46,-0.14,-0.02, ,2.388
r,0.07,0.76,0.63,0.13,2.391
l,-0.43,-0.66,-0.12, ,2.394
g,-1.28,-0.31,-0.14, ,2.400
r,0.07,0.76,0.63,0.14,2.403
l,-0.41,-0.21,0.07, ,2.405
g,-1.46,-0.43,-0.17, ,2.409
r,0.08,0.76,0.63,0.14,2.413
l,0.44,0.54,-0.12, ,2.416
g,-1.75,-0.25,-0.22, ,2.420
r,0.09,0.76,0.63,0.14,2.423
l,0.05,0.58,-0.16, ,2.426
g,-1.86,-0.13,-0.30, ,2.431
r,0.10,0.76,0.63,0.15,2.433
l,-0.22,0.30,0.05, ,2.436
g,-1.77,-0.13,-0.31, ,2.440
r,0.10,0.76,0.63,0.15,2.443
l,-0.39,-0.16,0.14, ,2.445
g,-1.69,-0.22,-0.35, ,2.450
r,0.11,0.75,0.63,0.16,2.452
l,-0.33,0.46,0.12, ,2.456
g,-1.64,-0.27,-0.33, ,2.459
r,0.12,0.75,0.63,0.16,2.462
l,-0.40,0.45,-0.01, ,2.465
g,-1.62,-0.29,-0.38, ,2.470
r,0.13,0.75,0.63,0.17,2.473
l,-0.33,0.35,-0.26, ,2.476
g,-1.86,-0.24,-0.50, ,2.480
r,0.13,0.75,0.62,0.17,2.483
l,-0.03,0.89,0.10, ,2.486
g,-2.33,-0.25,-0.71, ,2.491
r,0.14,0.75,0.62,0.17,2.494
l,-0.77,0.23,0.31, ,2.496
g,-2.32,-0.43,-0.82, ,2.499
r,0.15,0.74,0.62,0.18,2.502
l,-0.14,-0.16,0.22, ,2.506
g,-2.03,-0.31,-0.71, ,2.510
r,0.16,0.74,0.62,0.18,2.513
l,0.50,-0.07,-0.34, ,2.515
g,-1.94,-0.07,-0.59, ,2.519
r,0.17,0.74,0.62,0.19,2.522
l,0.09,0.26,-0.59, ,2.526
g,-1.83,0.04,-0.53, ,2.529
r,0.18,0.74,0.62,0.20,2.533
l,0.16,0.32,-0.64, ,2.535
g,-1.80,0.15,-0.42, ,2.540
r,0.19,0.73,0.62,0.20,2.542
l,0.17,0.29,-0.46, ,2.545
g,-1.91,0.28,-0.31, ,2.549
r,0.19,0.73,0.62,0.21,2.552
l,0.02,0.34,-0.33, ,2.554
g,-2.11,0.40,-0.23, ,2.559
r,0.20,0.73,0.62,0.21,2.561
l,-0.11,0.21,0.18, ,2.565
g,-2.27,0.55,-0.18, ,2.569
r,0.21,0.73,0.61,0.22,2.572
l,-0.06,0.18,0.01, ,2.574
g,-2.19,0.54,-0.19, ,2.579
r,0.22,0.73,0.61,0.23,2.581
l,-0.09,-0.11,0.26, ,2.584
g,-1.85,0.17,-0.28, ,2.589
r,0.22,0.72,0.61,0.24,2.593
l,-0.34,-0.27,0.37, ,2.595
g,-1.37,-0.33,-0.39, ,2.600
r,0.23,0.72,0.61,0.24,2.602
l,-1.16,-0.79,0.73, ,2.606
g,-1.35,-0.68,-0.60, ,2.609
r,0.24,0.72,0.61,0.24,2.612
l,-1.00,-0.04,0.43, ,2.614
g,-1.94,-0.76,-0.92, ,2.619
r,0.25,0.72,0.60,0.24,2.621
l,-0.82,0.36,0.32, ,2.624
g,-1.88,-0.87,-1.19, ,2.629
r,0.26,0.71,0.60,0.24,2.632
l,-0.73,-0.02,-0.41, ,2.634
g,-2.05,-0.71,-1.20, ,2.639
r,0.27,0.71,0.60,0.24,2.641
l,0.20,0.76,-0.38, ,2.645
g,-2.35,-0.60,-1.21, ,2.648
r,0.28,0.71,0.60,0.25,2.652
l,0.04,1.02,-0.65, ,2.654
g,-3.09,-0.47,-1.09, ,2.659
r,0.29,0.70,0.60,0.25,2.662
l,0.34,1.34,-0.36, ,2.664
g,-3.20,-0.04,-0.78, ,2.669
r,0.31,0.70,0.60,0.26,2.672
l,0.27,0.38,-0.68, ,2.674
g,-3.42,0.31,-0.61, ,2.679
r,0.32,0.69,0.59,0.26,2.682
l,0.12,1.10,-0.86, ,2.685
g,-4.40,-0.05,-0.78, ,2.688
r,0.34,0.68,0.59,0.27,2.691
l,-0.11,0.73,0.67, ,2.694
g,-5.00,-0.47,-0.87, ,2.699
r,0.35,0.67,0.58,0.28,2.702
l,-0.33,0.30,0.61, ,2.704
g,-4.72,-0.48,-0.66, ,2.709
r,0.37,0.67,0.58,0.29,2.712
l,-0.78,-1.52,0.43, ,2.715
g,-3.82,-0.54,-0.66, ,2.719
r,0.39,0.66,0.57,0.30,2.722
l,-1.05,-2.55,0.41, ,2.725
g,-3.03,-0.58,-0.68, ,2.729
r,0.41,0.65,0.56,0.31,2.731
l,-0.96,-1.46,0.32, ,2.734
g,-2.46,-0.49,-0.56, ,2.739
r,0.42,0.65,0.56,0.31,2.742
l,-0.70,-0.58,0.13, ,2.744
g,-2.59,-0.29,-0.47, ,2.749
r,0.43,0.64,0.55,0.31,2.751
l,-0.16,0.74,-0.04, ,2.754
g,-2.71,-0.41,-0.61, ,2.758
r,0.44,0.64,0.55,0.32,2.761
l,-0.18,0.21,-0.08, ,2.764
g,-2.69,-0.46,-0.62, ,2.769
r,0.45,0.63,0.54,0.32,2.773
l,0.01,-0.04,-0.14, ,2.775
g,-2.49,-0.37,-0.35, ,2.779
r,0.46,0.63,0.54,0.32,2.782
l,0.11,0.43,-0.58, ,2.784
g,-2.37,-0.31,-0.10, ,2.789
r,0.47,0.62,0.53,0.33,2.792
l,0.29,0.82,-0.37, ,2.794
g,-2.46,-0.28,0.11, ,2.798
r,0.48,0.62,0.52,0.33,2.801
l,0.22,0.86,-0.10, ,2.804
g,-2.65,-0.24,0.30, ,2.809
r,0.49,0.61,0.52,0.34,2.812
l,0.33,0.66,-0.23, ,2.814
g,-2.84,-0.27,0.35, ,2.818
r,0.50,0.61,0.51,0.34,2.821
l,0.00,-0.37,0.63, ,2.823
g,-2.62,-0.47,0.25, ,2.828
r,0.51,0.61,0.50,0.35,2.832
l,-0.36,-0.67,0.14, ,2.834
g,-2.21,-0.53,0.14, ,2.838
r,0.52,0.60,0.49,0.35,2.841
l,-0.45,-0.57,-0.09, ,2.844
g,-2.09,-0.60,0.11, ,2.849
r,0.53,0.60,0.49,0.35,2.852
l,-0.18,-0.01,-0.20, ,2.854
g,-2.39,-0.59,0.17, ,2.859
r,0.54,0.60,0.48,0.36,2.861
l,0.20,0.45,0.17, ,2.865
g,-2.86,-0.57,0.23, ,2.868
r,0.55,0.59,0.47,0.36,2.871
l,-0.11,0.38,0.20, ,2.873
g,-3.06,-0.54,0.20, ,2.879
r,0.56,0.58,0.46,0.37,2.881
l,-0.16,0.34,-0.27, ,2.884
g,-3.03,-0.47,0.13, ,2.888
r,0.57,0.58,0.45,0.37,2.892
l,-0.25,0.42,-0.48, ,2.894
g,-2.67,-0.41,0.06, ,2.899
r,0.58,0.57,0.45,0.38,2.901
l,-0.33,-0.29,-0.43, ,2.905
g,-2.35,-0.30,0.04, ,2.908
r,0.58,0.57,0.44,0.38,2.911
l,-0.30,0.27,-0.42, ,2.913
g,-2.21,-0.22,0.04, ,2.919
r,0.59,0.56,0.43,0.38,2.922
l,-0.22,0.27,-0.40, ,2.924
g,-2.12,-0.20,0.03, ,2.928
r,0.60,0.56,0.43,0.39,2.931
l,-0.31,-0.04,-0.18, ,2.933
g,-2.23,-0.16,0.02, ,2.938
r,0.60,0.55,0.42,0.39,2.941
l,0.04,0.39,0.02, ,2.944
g,-2.54,-0.14,-0.01, ,2.948
r,0.61,0.54,0.42,0.40,2.952
l,-0.08,0.40,0.44, ,2.954
g,-2.88,-0.13,0.01, ,2.959
r,0.62,0.53,0.41,0.40,2.962
l,0.07,0.65,0.04, ,2.964
g,-2.83,-0.16,0.04, ,2.968
r,0.63,0.53,0.41,0.41,2.971
l,-0.04,0.25,-0.04, ,2.973
g,-2.48,-0.13,0.11, ,2.978
r,0.63,0.52,0.40,0.41,2.981
l,-0.28,-0.29,-0.70, ,2.984
g,-2.34,-0.12,0.04, ,2.987
r,0.64,0.51,0.40,0.42,2.990
l,-0.32,-0.64,0.09, ,2.992
g,-2.69,-0.13,0.00, ,2.999
r,0.65,0.50,0.39,0.42,3.002
l,-0.02,0.10,-0.38, ,3.004
g,-3.27,-0.15,-0.14, ,3.008
r,0.65,0.49,0.38,0.43,3.012
l,-0.21,-0.04,-0.08, ,3.015
g,-3.47,-0.18,-0.26, ,3.019
r,0.66,0.48,0.38,0.43,3.022
l,-0.08,-0.30,-0.08, ,3.025
g,-3.18,-0.17,-0.21, ,3.028
r,0.67,0.47,0.37,0.44,3.031
l,-0.06,0.18,-0.22, ,3.034
g,-2.92,-0.21,-0.19, ,3.038
r,0.68,0.46,0.36,0.44,3.041
l,0.07,0.07,-0.23, ,3.043
g,-2.66,-0.30,-0.23, ,3.047
r,0.68,0.45,0.36,0.45,3.050
l,-0.18,-0.14,0.09, ,3.053
g,-2.32,-0.37,-0.20, ,3.058
r,0.69,0.44,0.35,0.45,3.061
l,-0.14,-0.01,0.15, ,3.064
g,-2.04,-0.39,-0.16, ,3.068
r,0.70,0.43,0.35,0.46,3.071
l,-0.10,0.26,0.14, ,3.074
g,-2.12,-0.38,-0.15, ,3.078
r,0.70,0.43,0.34,0.46,3.081
l,0.25,0.53,0.23, ,3.083
g,-1.99,-0.37,-0.18, ,3.088
r,0.71,0.42,0.34,0.46,3.090
l,-0.21,-0.27,0.35, ,3.093
g,-1.33,-0.24,-0.14, ,3.098
r,0.71,0.41,0.33,0.47,3.101
l,-0.25,-0.08,-0.18, ,3.104
g,-0.93,-0.02,-0.11, ,3.108
r,0.71,0.41,0.33,0.47,3.110
l,-0.54,-0.22,-0.25, ,3.113
g,-0.68,0.11,-0.09, ,3.118
r,0.71,0.41,0.33,0.47,3.121
l,-0.34,-0.27,-0.20, ,3.123
g,-0.50,0.16,-0.07, ,3.128
r,0.71,0.40,0.33,0.47,3.131
l,-0.25,0.15,0.06, ,3.134
g,-0.69,0.10,-0.11, ,3.138
r,0.72,0.40,0.33,0.47,3.141
l,-0.28,0.79,-0.38, ,3.144
g,-1.20,0.01,-0.00, ,3.149
r,0.72,0.40,0.33,0.47,3.151
l,-0.12,0.60,-0.35, ,3.154
g,-1.80,-0.05,0.05, ,3.158
r,0.72,0.39,0.32,0.47,3.161
l,0.07,0.29,-0.08, ,3.164
g,-2.45,-0.16,-0.14, ,3.168
r,0.73,0.38,0.32,0.48,3.170
l,0.15,-0.37,0.11, ,3.173
g,-2.35,-0.30,-0.12, ,3.178
r,0.73,0.38,0.31,0.48,3.181
l,0.18,-0.40,0.18, ,3.184
g,-1.84,-0.39,-0.08, ,3.189
r,0.74,0.37,0.30,0.48,3.193
l,0.09,-0.63,0.31, ,3.195
g,-1.77,-0.37,-0.05, ,3.199
r,0.74,0.36,0.30,0.48,3.202
l,0.09,0.42,0.20, ,3.205
g,-1.87,-0.40,0.13, ,3.209
r,0.74,0.36,0.29,0.49,3.212
l,0.06,0.63,0.22, ,3.214
g,-2.25,-0.42,0.22, ,3.218
r,0.75,0.35,0.29,0.49,3.221
l,0.07,0.86,0.11, ,3.225
g,-2.99,-0.40,0.18, ,3.228
r,0.75,0.34,0.28,0.49,3.231
l,-0.28,0.27,-0.12, ,3.233
g,-2.97,-0.36,0.23, ,3.237
r,0.76,0.33,0.27,0.50,3.240
l,-0.20,-0.50,0.19, ,3.243
g,-2.68,-0.29,0.28, ,3.248
r,0.76,0.32,0.26,0.50,3.251
l,-0.32,-0.55,-0.04, ,3.254
g,-2.16,-0.23,0.32, ,3.259
r,0.76,0.31,0.25,0.50,3.261
l,-0.16,-0.66,-0.14, ,3.265
g,-1.72,-0.19,0.32, ,3.269
r,0.77,0.31,0.25,0.51,3.272
l,-0.16,-0.91,0.27, ,3.274
g,-1.46,-0.10,0.28, ,3.279
r,0.77,0.30,0.24,0.51,3.281
l,-0.27,-0.50,-0.01, ,3.285
g,-1.28,-0.03,0.27, ,3.289
r,0.77,0.30,0.24,0.51,3.292
l,-0.30,0.05,-0.21, ,3.294
g,-1.20,0.03,0.38, ,3.299
r,0.77,0.29,0.23,0.52,3.301
l,-0.32,0.60,-0.26, ,3.304
g,-1.05,0.12,0.54, ,3.308
r,0.77,0.29,0.23,0.52,3.311
l,-0.04,0.25,0.50, ,3.314
g,-0.81,0.14,0.61, ,3.318
r,0.77,0.29,0.23,0.52,3.320
l,0.25,-0.29,0.55, ,3.324
g,-0.78,0.14,0.56, ,3.327
r,0.77,0.28,0.22,0.53,3.330
l,0.37,-0.62,0.46, ,3.332
g,-0.96,0.13,0.54, ,3.338
r,0.77,0.28,0.22,0.53,3.340
l,0.31,-0.68,0.45, ,3.343
g,-1.23,0.22,0.70, ,3.347
r,0.77,0.28,0.22,0.53,3.350
l,-0.52,0.66,-0.50, ,3.352
g,-1.55,0.28,0.98, ,3.358
r,0.77,0.27,0.21,0.54,3.360
l,-0.59,0.72,-0.32, ,3.364
g,-2.02,0.24,1.08, ,3.367
r,0.77,0.26,0.21,0.54,3.370
l,-0.21,0.36,-0.24, ,3.373
g,-2.14,0.26,0.99, ,3.378
r,0.77,0.26,0.20,0.55,3.380
l,-0.06,-0.34,-0.02, ,3.383
g,-1.93,0.28,0.82, ,3.387
r,0.77,0.25,0.20,0.56,3.390
l,-0.18,-1.30,0.09, ,3.392
g,-1.60,0.37,0.62, ,3.398
r,0.77,0.24,0.19,0.56,3.400
l,-0.04,-0.69,-0.47, ,3.404
g,-1.88,0.43,0.36, ,3.407
r,0.77,0.23,0.19,0.56,3.410
l,-0.12,-0.36,-0.42, ,3.412
g,-1.61,0.50,0.30, ,3.418
r,0.77,0.23,0.19,0.57,3.420
l,-0.02,-0.61,0.48, ,3.423
g,-1.32,0.65,0.25, ,3.427
r,0.77,0.22,0.18,0.57,3.430
l,0.47,-0.68,1.44, ,3.433
g,-1.02,0.64,0.24, ,3.437
r,0.77,0.21,0.18,0.57,3.440
l,0.43,-0.59,1.11, ,3.443
g,-1.08,0.47,0.13, ,3.447
r,0.77,0.21,0.18,0.58,3.450
l,0.28,-0.46,0.34, ,3.452
g,-1.48,0.27,-0.02, ,3.457
r,0.77,0.20,0.18,0.58,3.460
l,-0.04,-0.36,-0.46, ,3.462
g,-1.80,0.28,-0.09, ,3.467
r,0.77,0.20,0.18,0.58,3.470
l,-0.28,-0.21,-0.58, ,3.472
g,-2.03,0.36,0.03, ,3.477
r,0.77,0.19,0.17,0.58,3.480
l,-0.64,0.36,-0.55, ,3.483
g,-3.00,0.37,0.08, ,3.487
r,0.77,0.18,0.17,0.58,3.490
l,-0.80,1.07,-0.82, ,3.494
g,-3.81,0.42,0.02, ,3.498
r,0.78,0.16,0.16,0.59,3.501
l,-0.30,-2.13,0.29, ,3.504
g,-2.28,0.58,0.18, ,3.507
r,0.78,0.15,0.15,0.59,3.510
l,-0.30,-0.42,0.74, ,3.513
g,-1.33,0.66,0.29, ,3.517
r,0.78,0.14,0.15,0.59,3.520
l,0.02,-0.30,0.38, ,3.522
g,-1.32,0.57,0.21, ,3.528
r,0.78,0.13,0.15,0.60,3.530
l,0.07,-0.38,0.01, ,3.533
g,-1.59,0.47,0.09, ,3.537
r,0.78,0.13,0.14,0.60,3.540
l,0.18,-0.14,0.12, ,3.543
g,-2.13,0.26,-0.04, ,3.547
r,0.78,0.12,0.14,0.60,3.549
l,0.22,0.00,0.06, ,3.552
g,-2.38,-0.01,-0.18, ,3.557
r,0.78,0.11,0.13,0.60,3.560
l,0.07,-0.33,0.21, ,3.563
g,-2.36,-0.16,-0.37, ,3.568
r,0.78,0.10,0.13,0.60,3.570
l,0.20,-0.41,-0.05, ,3.573
g,-2.80,-0.27,-0.57, ,3.577
r,0.79,0.09,0.12,0.60,3.580
l,0.07,0.05,-0.35, ,3.583
g,-2.84,-0.22,-0.72, ,3.587
r,0.79,0.08,0.11,0.60,3.589
l,-0.01,-0.01,-0.51, ,3.592
g,-2.65,-0.03,-0.88, ,3.597
r,0.79,0.07,0.10,0.60,3.600
l,-0.35,-0.36,-0.84, ,3.602
g,-2.88,-0.13,-0.90, ,3.607
r,0.80,0.06,0.09,0.59,3.610
l,0.01,0.91,-0.36, ,3.613
g,-2.74,-0.10,-1.06, ,3.617
r,0.80,0.05,0.08,0.59,3.620
l,-0.02,0.10,0.01, ,3.623
g,-2.49,-0.11,-0.99, ,3.626
r,0.80,0.03,0.07,0.59,3.629
l,0.83,-0.96,0.16, ,3.632
g,-1.67,-0.23,-0.84, ,3.637
r,0.81,0.03,0.07,0.59,3.640
l,-0.25,-0.49,0.52, ,3.643
g,-1.49,-0.33,-0.79, ,3.647
r,0.81,0.02,0.06,0.58,3.650
l,-0.08,0.01,0.07, ,3.653
g,-1.38,-0.36,-0.72, ,3.657
r,0.81,0.02,0.06,0.58,3.660
l,-0.21,-0.19,-0.18, ,3.663
g,-1.30,-0.37,-0.67, ,3.666
r,0.81,0.01,0.05,0.58,3.669
l,-0.36,0.18,-0.04, ,3.672
g,-1.51,-0.41,-0.71, ,3.677
r,0.82,0.01,0.05,0.58,3.680
l,-0.09,0.05,0.18, ,3.682
g,-1.98,-0.54,-0.78, ,3.686
r,0.82,0.00,0.04,0.57,3.689
l,0.26,0.22,-0.02, ,3.691
g,-2.69,-0.67,-0.88, ,3.697
r,0.82,-0.01,0.03,0.57,3.700
l,-0.07,0.84,0.43, ,3.703
g,-3.55,-0.76,-0.95, ,3.707
r,0.82,-0.02,0.02,0.57,3.710
l,0.28,0.43,0.11, ,3.712
g,-3.54,-0.62,-0.88, ,3.717
r,0.83,-0.03,0.01,0.56,3.720
l,-0.17,-0.30,0.54, ,3.722
g,-3.57,-0.53,-0.71, ,3.726
r,0.83,-0.04,-0.01,0.56,3.729
l,-0.27,-0.50,0.25, ,3.731
g,-3.74,-0.47,-0.62, ,3.737
r,0.83,-0.06,-0.02,0.56,3.740
l,-0.14,0.56,-0.21, ,3.743
g,-4.02,-0.45,-0.65, ,3.746
r,0.83,-0.07,-0.03,0.55,3.749
l,0.27,-0.50,-0.11, ,3.752
g,-3.42,-0.49,-0.65, ,3.757
r,0.83,-0.09,-0.05,0.55,3.760
l,0.11,-0.50,0.06, ,3.762
g,-2.43,-0.35,-0.61, ,3.767
r,0.83,-0.10,-0.05,0.55,3.769
l,-0.10,-0.80,-0.27, ,3.772
g,-1.47,-0.14,-0.59, ,3.777
r,0.83,-0.10,-0.06,0.55,3.780
l,-0.10,-0.60,-0.83, ,3.782
g,-0.79,0.05,-0.65, ,3.787
r,0.83,-0.11,-0.07,0.54,3.789
l,-0.15,-0.35,-0.73, ,3.793
g,-0.62,0.16,-0.76, ,3.797
r,0.83,-0.11,-0.07,0.54,3.800
l,0.18,-0.36,0.59, ,3.803
g,-0.59,0.23,-0.72, ,3.807
r,0.83,-0.11,-0.07,0.54,3.809
l,-0.05,-0.21,0.79, ,3.812
g,-0.30,0.23,-0.55, ,3.816
r,0.84,-0.12,-0.07,0.53,3.819
l,0.72,-0.52,0.43, ,3.822
g,0.45,0.12,-0.48, ,3.827
r,0.84,-0.12,-0.07,0.53,3.829
l,1.27,-1.49,0.00, ,3.832
g,0.30,0.02,-0.65, ,3.836
r,0.84,-0.12,-0.07,0.53,3.839
l,0.11,-0.02,0.30, ,3.841
g,0.03,-0.14,-0.54, ,3.846
r,0.84,-0.11,-0.07,0.53,3.848
l,-0.45,0.34,0.60, ,3.852
g,-0.16,-0.42,-0.23, ,3.856
r,0.84,-0.11,-0.07,0.52,3.859
l,-0.72,0.77,0.60, ,3.861
g,-0.69,-0.59,-0.28, ,3.867
r,0.84,-0.11,-0.07,0.52,3.870
l,-0.74,1.46,0.50, ,3.872
g,-0.98,-0.71,-0.32, ,3.876
r,0.84,-0.12,-0.08,0.52,3.879
l,-0.61,0.55,0.26, ,3.883
g,-1.38,-0.69,-0.14, ,3.886
r,0.84,-0.12,-0.08,0.52,3.889
l,-0.69,0.89,0.18, ,3.891
g,-1.81,-0.41,0.08, ,3.897
r,0.84,-0.12,-0.09,0.52,3.899
l,-0.59,0.54,0.49, ,3.902
g,-2.14,-0.26,0.28, ,3.906
r,0.84,-0.13,-0.10,0.52,3.909
l,-0.38,0.38,0.63, ,3.912
g,-2.70,-0.39,0.33, ,3.917
r,0.84,-0.14,-0.10,0.52,3.919
l,-0.28,0.68,0.55, ,3.923
g,-3.04,-0.69,0.45, ,3.926
r,0.83,-0.15,-0.11,0.52,3.929
l,-0.43,0.46,0.78, ,3.931
g,-2.93,-1.16,0.73, ,3.937
r,0.83,-0.16,-0.12,0.52,3.939
l,-0.69,0.26,0.74, ,3.942
g,-3.47,-1.46,0.86, ,3.946
r,0.82,-0.17,-0.14,0.53,3.949
l,-0.04,0.46,0.45, ,3.951
g,-3.72,-1.67,0.68, ,3.956
r,0.82,-0.18,-0.15,0.53,3.958
l,-0.18,-2.21,0.03, ,3.961
g,-2.65,-1.88,0.47, ,3.966
r,0.81,-0.19,-0.17,0.53,3.970
l,-0.08,-0.58,-0.04, ,3.972
g,-2.37,-1.91,0.43, ,3.977
r,0.80,-0.20,-0.18,0.53,3.980
l,-0.07,0.25,0.29, ,3.982
g,-2.77,-1.78,0.52, ,3.986
r,0.80,-0.20,-0.19,0.53,3.989
l,0.23,0.04,0.43, ,3.992
g,-3.05,-1.54,0.58, ,3.996
r,0.79,-0.21,-0.21,0.53,3.999
l,0.36,-0.84,-0.01, ,4.002
g,-2.35,-1.06,0.60, ,4.006
r,0.79,-0.22,-0.22,0.53,4.009
l,-0.33,-0.45,-0.30, ,4.012
g,-1.59,-0.53,0.67, ,4.016
r,0.78,-0.23,-0.23,0.53,4.019
l,-0.85,-0.11,-0.45, ,4.021
g,-1.50,-0.11,0.81, ,4.027
r,0.78,-0.23,-0.23,0.54,4.030
l,-0.74,0.98,-1.00, ,4.033
g,-2.35,0.23,0.73, ,4.037
r,0.77,-0.24,-0.24,0.54,4.040
l,-0.16,1.10,-0.72, ,4.043
g,-2.57,0.39,0.49, ,4.048
r,0.77,-0.25,-0.24,0.54,4.050
l,-0.10,-0.10,-0.86, ,4.053
g,-3.07,0.56,0.35, ,4.057
r,0.76,-0.26,-0.25,0.53,4.060
l,0.31,0.86,-0.89, ,4.062
g,-3.54,0.69,0.53, ,4.067
r,0.76,-0.28,-0.25,0.53,4.069
l,0.27,-0.64,-0.54, ,4.072
g,-4.19,0.63,0.56, ,4.076
r,0.75,-0.29,-0.26,0.53,4.079
l,0.42,0.12,-0.71, ,4.082
g,-4.06,0.44,0.47, ,4.086
r,0.75,-0.31,-0.27,0.52,4.089
l,0.88,-1.20,-0.21, ,4.092
g,-3.12,0.39,0.46, ,4.096
r,0.74,-0.33,-0.27,0.52,4.099
l,0.94,-1.33,-0.38, ,4.101
g,-2.71,0.36,0.59, ,4.106
r,0.74,-0.34,-0.28,0.52,4.109
l,0.58,-0.61,-0.05, ,4.111
g,-3.07,0.15,0.55, ,4.116
r,0.73,-0.35,-0.28,0.51,4.119
l,0.49,0.18,-0.05, ,4.121
g,-3.17,-0.07,0.35, ,4.126
r,0.72,-0.36,-0.29,0.51,4.129
l,0.34,0.20,-0.45, ,4.131
g,-2.56,-0.00,0.34, ,4.136
r,0.72,-0.38,-0.30,0.51,4.139
l,0.25,-0.70,-0.70, ,4.142
g,-1.91,0.22,0.40, ,4.146
r,0.71,-0.38,-0.30,0.50,4.150
l,0.28,-0.25,-0.52, ,4.152
g,-1.81,0.30,0.31, ,4.157
r,0.71,-0.39,-0.31,0.50,4.159
l,-0.02,0.43,-0.56, ,4.163
g,-1.90,0.27,0.21, ,4.167
r,0.70,-0.40,-0.31,0.50,4.170
l,-0.02,0.47,-0.79, ,4.172
g,-1.56,0.35,0.18, ,4.177
r,0.70,-0.41,-0.31,0.50,4.179
l,-0.45,0.83,-0.06, ,4.183
g,-1.33,0.40,0.29, ,4.187
r,0.70,-0.41,-0.31,0.50,4.190
l,-0.83,0.97,-0.33, ,4.192
g,-1.26,0.66,0.44, ,4.197
r,0.69,-0.42,-0.31,0.49,4.199
l,-0.55,0.84,-0.55, ,4.202
g,-1.17,0.91,0.57, ,4.206
r,0.69,-0.43,-0.31,0.49,4.210
l,-0.05,0.12,-0.61, ,4.212
g,-2.23,0.70,0.33, ,4.217
r,0.69,-0.44,-0.31,0.49,4.219
l,-0.62,0.73,0.48, ,4.223
g,-3.13,0.19,0.12, ,4.227
r,0.68,-0.45,-0.32,0.48,4.230
l,-0.24,0.14,0.13, ,4.232
g,-3.24,-0.10,0.05, ,4.237
r,0.67,-0.46,-0.33,0.48,4.239
l,-0.04,-0.57,0.74, ,4.243
g,-3.53,-0.17,-0.04, ,4.247
r,0.67,-0.47,-0.33,0.47,4.250
l,0.04,-0.04,0.00, ,4.252
g,-3.60,-0.26,-0.09, ,4.257
r,0.66,-0.48,-0.34,0.47,4.259
l,0.71,-0.77,0.12, ,4.263
g,-3.09,-0.26,-0.10, ,4.267
r,0.65,-0.49,-0.35,0.46,4.271
l,-0.18,-0.48,0.49, ,4.274
g,-2.78,-0.22,0.02, ,4.278
r,0.64,-0.50,-0.36,0.46,4.281
g,-2.02,0.02,0.21, ,4.285
l,1.00,-1.39,0.33, ,4.287
r,0.64,-0.51,-0.36,0.45,4.290
g,-1.96,0.15,0.20, ,4.295
r,0.63,-0.51,-0.37,0.45,4.298
l,1.02,1.06,-0.81, ,4.302
g,-2.89,0.38,-0.02, ,4.306
r,0.62,-0.52,-0.37,0.45,4.309
l,0.92,2.98,-1.92, ,4.311
g,-4.24,0.57,-0.27, ,4.316
r,0.62,-0.53,-0.38,0.44,4.318
l,-0.46,4.61,-1.24, ,4.321
g,-3.46,0.67,0.08, ,4.326
r,0.61,-0.55,-0.39,0.43,4.330
l,-0.74,-1.16,0.84, ,4.332
g,-2.91,0.63,0.10, ,4.337
r,0.60,-0.56,-0.39,0.42,4.339
l,0.01,-0.68,0.21, ,4.343
g,-2.61,0.44,-0.11, ,4.347
r,0.59,-0.57,-0.40,0.41,4.350
l,-0.21,-0.94,1.19, ,4.352
g,-3.20,0.19,-0.50, ,4.357
r,0.59,-0.57,-0.40,0.41,4.359
l,0.56,0.07,-0.15, ,4.362
g,-3.86,0.21,-0.84, ,4.366
r,0.58,-0.58,-0.41,0.40,4.369
l,-0.20,-0.09,-0.13, ,4.371
g,-4.04,0.12,-0.89, ,4.376
r,0.57,-0.59,-0.42,0.39,4.378
l,-0.32,0.24,-0.38, ,4.382
g,-3.62,-0.01,-0.66, ,4.385
r,0.56,-0.60,-0.43,0.37,4.389
l,-1.28,0.13,0.87, ,4.392
g,-3.10,-0.14,-0.35, ,4.396
r,0.55,-0.61,-0.44,0.37,4.399
l,-0.83,-0.02,0.53, ,4.401
g,-2.93,-0.29,-0.14, ,4.405
r,0.54,-0.62,-0.44,0.36,4.408
l,0.07,0.28,-0.27, ,4.411
g,-2.69,-0.13,0.09, ,4.416
r,0.53,-0.63,-0.45,0.35,4.419
l,0.30,0.23,-0.05, ,4.422
g,-3.25,-0.05,0.04, ,4.427
r,0.52,-0.63,-0.45,0.35,4.429
l,0.84,0.98,-0.29, ,4.432
g,-3.66,0.21,0.13, ,4.436
r,0.51,-0.64,-0.46,0.34,4.439
l,-0.07,1.16,-0.55, ,4.441
g,-3.54,0.46,0.41, ,4.446
r,0.50,-0.65,-0.46,0.33,4.449
l,0.48,0.11,-0.19, ,4.452
g,-3.64,0.74,0.65, ,4.456
r,0.49,-0.66,-0.47,0.32,4.459
l,0.56,1.35,-0.71, ,4.461
g,-4.60,0.45,0.38, ,4.466
r,0.47,-0.68,-0.47,0.31,4.468
l,0.55,0.33,0.68, ,4.471
g,-5.32,0.33,0.17, ,4.475
r,0.46,-0.69,-0.48,0.30,4.478
l,1.24,0.41,-0.58, ,4.480
g,-5.31,0.34,0.01, ,4.485
r,0.44,-0.70,-0.48,0.29,4.488
l,0.78,0.00,-0.64, ,4.490
g,-5.29,0.34,-0.20, ,4.495
r,0.42,-0.71,-0.49,0.27,4.498
l,0.37,1.62,-0.52, ,4.501
g,-5.42,0.26,-0.11, ,4.505
r,0.40,-0.72,-0.50,0.26,4.509
l,-0.84,0.44,0.18, ,4.511
g,-5.32,-0.07,-0.12, ,4.515
r,0.38,-0.73,-0.50,0.24,4.518
l,-0.89,-1.32,1.65, ,4.522
g,-4.46,-0.12,-0.17, ,4.526
r,0.37,-0.74,-0.51,0.23,4.529
l,-0.11,-1.58,0.60, ,4.531
g,-3.22,0.06,0.20, ,4.536
r,0.35,-0.75,-0.51,0.22,4.538
l,0.02,-1.32,-0.20, ,4.542
g,-2.54,0.03,0.50, ,4.546
r,0.34,-0.76,-0.52,0.21,4.549
l,-0.30,-0.79,-0.17, ,4.551
g,-2.58,-0.06,0.52, ,4.556
r,0.33,-0.76,-0.52,0.21,4.558
l,-0.43,-0.95,-0.11, ,4.562
g,-1.75,-0.06,0.36, ,4.566
r,0.32,-0.77,-0.52,0.20,4.569
l,-0.62,-1.05,0.26, ,4.571
g,-1.61,-0.22,0.23, ,4.576
r,0.31,-0.77,-0.52,0.20,4.579
l,-1.02,0.39,0.50, ,4.582
g,-1.27,-0.41,0.29, ,4.586
r,0.31,-0.77,-0.52,0.20,4.589
l,-0.28,0.45,0.28, ,4.592
g,-1.20,-0.41,0.31, ,4.596
r,0.30,-0.77,-0.52,0.20,4.599
l,0.15,0.96,0.14, ,4.602
g,-1.20,-0.31,0.41, ,4.605
r,0.30,-0.78,-0.52,0.20,4.608
l,0.39,0.23,-0.33, ,4.611
g,-0.24,-0.24,0.30, ,4.615
r,0.29,-0.78,-0.52,0.20,4.618
l,0.40,-0.36,-0.51, ,4.620
g,0.51,-0.29,-0.17, ,4.626
r,0.29,-0.78,-0.52,0.20,4.628
l,1.23,1.72,-0.90, ,4.631
g,-0.73,-0.31,-0.04, ,4.635
r,0.29,-0.78,-0.52,0.20,4.638
l,-0.07,0.75,-0.25, ,4.641
g,-1.13,-0.45,-0.07, ,4.645
r,0.29,-0.78,-0.52,0.20,4.647
l,0.00,-2.54,-0.04, ,4.650
g,-0.56,-0.38,-0.29, ,4.655
r,0.28,-0.78,-0.53,0.20,4.658
l,0.93,-2.26,-1.13, ,4.660
g,-0.53,-0.63,-0.52, ,4.665
r,0.28,-0.78,-0.53,0.20,4.667
l,0.26,-0.61,-0.75, ,4.670
g,-0.41,-0.87,-0.59, ,4.675
r,0.28,-0.78,-0.53,0.20,4.678
l,-0.06,0.50,-0.04, ,4.681
g,-0.56,-0.74,-0.56, ,4.686
r,0.27,-0.77,-0.54,0.20,4.688
l,0.47,0.31,-0.43, ,4.691
g,-1.01,-0.38,-0.41, ,4.695
r,0.27,-0.77,-0.54,0.20,4.698
l,0.67,-0.02,-0.15, ,4.700
g,-1.48,-0.08,-0.43, ,4.705
r,0.26,-0.77,-0.54,0.19,4.707
l,-0.07,-0.80,0.19, ,4.710
g,-1.40,-0.11,-0.65, ,4.715
r,0.26,-0.77,-0.55,0.19,4.718
l,-0.28,0.77,0.86, ,4.721
g,-0.41,-0.38,-0.74, ,4.725
r,0.25,-0.77,-0.55,0.19,4.728
l,-0.38,1.23,1.30, ,4.730
g,-1.18,-0.31,-0.39, ,4.735
r,0.25,-0.77,-0.55,0.19,4.737
l,-0.01,-0.39,-1.23, ,4.741
g,-1.02,-0.27,-0.75, ,4.745
r,0.25,-0.77,-0.56,0.18,4.748
l,-0.13,0.10,-0.63, ,4.750
g,-1.10,-0.40,-0.91, ,4.755
r,0.24,-0.77,-0.56,0.18,4.757
l,-0.07,0.51,-0.49, ,4.761
g,-1.29,-0.49,-0.97, ,4.764
r,0.24,-0.77,-0.57,0.18,4.767
l,0.10,0.64,-0.57, ,4.769
g,-1.78,-0.61,-1.06, ,4.775
r,0.23,-0.77,-0.57,0.17,4.777
l,0.13,0.90,-0.38, ,4.780
g,-2.57,-0.92,-1.32, ,4.784
r,0.22,-0.77,-0.58,0.17,4.787
l,0.09,-0.07,-0.54, ,4.789
g,-2.84,-1.09,-1.34, ,4.795
r,0.21,-0.76,-0.59,0.16,4.798
l,0.22,0.65,-0.32, ,4.801
g,-3.05,-1.17,-1.16, ,4.805
r,0.19,-0.76,-0.60,0.16,4.808
l,0.53,1.47,-0.37, ,4.811
g,-3.28,-1.13,-0.99, ,4.815
r,0.18,-0.76,-0.60,0.15,4.818
l,1.07,0.98,-0.27, ,4.820
g,-2.75,-0.80,-0.66, ,4.824
r,0.17,-0.76,-0.61,0.15,4.827
l,0.43,0.04,0.55, ,4.830
g,-1.91,-0.70,-0.36, ,4.835
r,0.16,-0.76,-0.61,0.14,4.838
l,-0.32,-0.18,0.53, ,4.840
g,-1.38,-0.58,-0.21, ,4.845
r,0.15,-0.76,-0.62,0.14,4.847
l,-0.02,-0.25,0.32, ,4.850
g,-1.22,-0.36,-0.19, ,4.854
r,0.14,-0.76,-0.62,0.14,4.858
l,0.44,0.82,0.14, ,4.860
g,-1.14,-0.05,-0.06, ,4.864
r,0.14,-0.76,-0.62,0.13,4.866
l,0.73,1.34,-0.16, ,4.869
g,-1.23,0.16,0.26, ,4.874
r,0.13,-0.76,-0.62,0.13,4.877
l,0.57,1.72,-0.50, ,4.879
g,-1.81,0.21,0.51, ,4.885
r,0.13,-0.76,-0.62,0.12,4.888
l,0.60,1.07,-0.45, ,4.890
g,-3.09,0.23,0.68, ,4.894
r,0.12,-0.77,-0.62,0.12,4.897
l,0.40,0.63,-1.36, ,4.900
g,-3.32,0.44,0.70, ,4.904
r,0.11,-0.77,-0.62,0.11,4.907
l,-0.22,-1.14,-0.11, ,4.909
g,-2.86,0.45,0.55, ,4.914
r,0.09,-0.78,-0.62,0.09,4.918
l,-0.47,-0.98,0.39, ,4.922
g,-2.37,0.41,0.42, ,4.926
r,0.09,-0.78,-0.62,0.09,4.929
l,-0.54,-1.41,-0.04, ,4.931
g,-1.65,0.32,0.18, ,4.935
r,0.08,-0.78,-0.62,0.08,4.938
l,-0.42,-0.50,-0.04, ,4.942
g,-0.95,0.22,-0.05, ,4.946
r,0.07,-0.78,-0.62,0.07,4.949
l,-0.74,-1.31,0.42, ,4.951
g,-0.62,-0.15,-0.08, ,4.955
r,0.07,-0.78,-0.62,0.07,4.958
l,-1.44,0.10,0.46, ,4.961
g,-0.45,-0.44,0.01, ,4.965
r,0.07,-0.78,-0.62,0.07,4.968
l,-0.84,0.67,0.78, ,4.970
g,-0.54,-0.50,0.11, ,4.974
r,0.06,-0.78,-0.62,0.07,4.978
l,-0.03,0.59,0.75, ,4.982
g,-1.07,-0.53,0.18, ,4.986
r,0.06,-0.78,-0.62,0.07,4.989
l,1.06,1.23,-0.31, ,4.991
g,-1.08,-0.19,0.33, ,4.996
r,0.05,-0.78,-0.62,0.07,4.998
l,0.18,0.48,0.28, ,5.002
g,-1.39,-0.06,0.29, ,5.006
r,0.05,-0.78,-0.62,0.06,5.009
l,0.39,-0.15,-0.57, ,5.011
g,-1.79,0.11,0.03, ,5.014
r,0.04,-0.79,-0.62,0.06,5.017
l,0.39,-0.41,-0.68, ,5.021
g,-1.98,0.36,-0.30, ,5.024
r,0.04,-0.79,-0.62,0.05,5.027
l,0.82,-0.46,-0.68, ,5.029
g,-1.97,0.44,-0.44, ,5.034
r,0.03,-0.78,-0.62,0.04,5.038
l,0.20,-0.02,-0.62, ,5.041
g,-1.72,0.23,-0.46, ,5.045
r,0.02,-0.78,-0.62,0.04,5.048
l,-0.76,0.21,0.09, ,5.050
g,-1.32,-0.13,-0.39, ,5.055
r,0.02,-0.78,-0.62,0.03,5.057
l,-1.26,0.14,0.86, ,5.061
g,-1.16,-0.47,-0.38, ,5.064
r,0.01,-0.78,-0.62,0.03,5.067
l,-0.70,0.55,0.10, ,5.069
g,-1.27,-0.51,-0.34, ,5.075
r,0.01,-0.78,-0.63,0.03,5.077
l,0.19,0.79,-0.50, ,5.080
g,-1.34,-0.63,-0.29, ,5.084
r,0.00,0.78,0.63,-0.03,5.087
l,-0.45,-0.13,0.61, ,5.089
g,-0.94,-0.98,-0.31, ,5.095
r,0.01,0.78,0.63,-0.03,5.098
l,-1.29,-0.09,0.80, ,5.102
g,-1.04,-1.18,-0.55, ,5.105
r,0.02,0.78,0.63,-0.03,5.108
l,-0.26,0.38,-0.02, ,5.110
g,-1.39,-0.89,-0.66, ,5.115
r,0.02,0.77,0.63,-0.03,5.117
l,0.99,0.45,0.48, ,5.120
g,-1.30,-0.32,-0.44, ,5.124
r,0.03,0.77,0.63,-0.03,5.127
l,0.89,0.34,0.74, ,5.130
g,-1.51,0.05,-0.34, ,5.135
r,0.04,0.77,0.64,-0.02,5.137
l,0.45,1.23,-0.11, ,5.141
g,-2.00,0.15,-0.18, ,5.145
r,0.04,0.77,0.64,-0.01,5.148
l,0.44,1.59,-1.19, ,5.150
g,-1.91,0.49,-0.01, ,5.155
r,0.05,0.77,0.64,-0.01,5.158
l,0.87,0.37,-0.01, ,5.162
g,-1.80,1.00,0.06, ,5.165
r,0.05,0.77,0.64,0.00,5.168
l,0.46,0.12,-0.17, ,5.170
g,-1.63,1.20,0.08, ,5.174
r,0.06,0.77,0.64,0.01,5.177
l,-0.23,-0.09,0.05, ,5.181
g,-1.54,1.25,0.15, ,5.185
r,0.06,0.77,0.64,0.02,5.188
l,-0.48,-0.06,0.57, ,5.190
g,-1.42,1.34,0.32, ,5.194
r,0.06,0.77,0.64,0.03,5.197
l,-1.63,-0.35,1.98, ,5.201
g,-1.04,0.97,0.62, ,5.204
r,0.06,0.77,0.64,0.04,5.207
l,-0.79,0.29,0.35, ,5.209
g,-1.35,0.29,0.73, ,5.214
r,0.06,0.77,0.63,0.05,5.218
l,-0.70,1.70,-0.70, ,5.222
g,-1.38,-0.23,0.73, ,5.226
r,0.07,0.77,0.63,0.05,5.229
l,-0.49,0.04,0.81, ,5.232
g,-0.75,-0.51,0.85, ,5.234
r,0.07,0.77,0.63,0.05,5.237
l,-0.17,0.71,0.64, ,5.241
g,-1.02,-0.49,1.01, ,5.244
r,0.08,0.78,0.62,0.05,5.247
l,0.45,1.58,-0.64, ,5.249
g,-1.29,-0.32,1.20, ,5.254
r,0.08,0.78,0.62,0.06,5.256
l,-0.11,0.52,-0.16, ,5.260
g,-1.59,-0.27,1.27, ,5.264
r,0.09,0.78,0.61,0.06,5.267
l,-0.08,0.10,-0.54, ,5.269
g,-2.10,-0.22,1.13, ,5.274
r,0.10,0.79,0.61,0.06,5.277
l,0.49,0.42,-0.51, ,5.281
g,-2.32,-0.03,1.08, ,5.284
r,0.11,0.79,0.60,0.07,5.287
l,-0.18,0.02,-0.48, ,5.289
g,-2.84,0.19,1.12, ,5.294
r,0.12,0.79,0.60,0.08,5.296
l,-0.06,0.08,-0.40, ,5.300
g,-3.94,0.41,1.12, ,5.304
r,0.13,0.79,0.59,0.09,5.307
l,1.33,1.41,-1.30, ,5.309
g,-4.58,0.66,1.21, ,5.314
r,0.14,0.79,0.58,0.11,5.316
l,0.14,0.26,0.10, ,5.320
g,-4.62,0.85,1.18, ,5.324
r,0.16,0.79,0.58,0.13,5.327
l,-0.01,-0.36,0.15, ,5.329
g,-4.20,0.93,1.05, ,5.334
r,0.17,0.79,0.57,0.14,5.337
l,-0.48,-0.17,0.46, ,5.340
g,-3.61,0.89,1.36, ,5.344
r,0.18,0.79,0.56,0.16,5.347
l,0.04,0.10,-0.37, ,5.349
g,-3.01,0.44,1.49, ,5.354
r,0.19,0.79,0.56,0.17,5.356
l,-0.96,-0.63,1.12, ,5.360
g,-2.44,0.00,1.28, ,5.363
r,0.20,0.79,0.55,0.18,5.366
l,-0.21,-1.35,-0.24, ,5.368
g,-2.21,-0.09,0.86, ,5.374
r,0.21,0.79,0.54,0.19,5.376
l,-0.88,-0.43,-0.79, ,5.379
g,-1.91,-0.13,0.65, ,5.383
r,0.22,0.79,0.54,0.19,5.386
l,0.20,-0.20,-0.62, ,5.388
g,-1.79,-0.13,0.30, ,5.394
r,0.23,0.79,0.53,0.20,5.396
l,0.14,-0.12,-0.77, ,5.400
g,-1.97,-0.03,0.11, ,5.403
r,0.23,0.79,0.53,0.20,5.406
l,0.03,0.45,-0.19, ,5.408
g,-2.09,-0.07,-0.09, ,5.414
r,0.24,0.79,0.53,0.21,5.417
l,-0.28,0.25,0.04, ,5.419
g,-2.48,-0.16,-0.27, ,5.423
r,0.25,0.78,0.53,0.21,5.426
l,-0.56,0.51,0.56, ,5.428
g,-2.59,-0.29,-0.35, ,5.434
r,0.26,0.78,0.52,0.22,5.437
l,-0.38,0.15,0.25, ,5.440
g,-2.48,-0.30,-0.37, ,5.444
r,0.27,0.78,0.52,0.23,5.447
l,-0.21,-0.24,0.01, ,5.450
g,-3.03,-0.23,-0.23, ,5.454
r,0.28,0.77,0.52,0.23,5.457
l,0.44,0.76,0.29, ,5.460
g,-2.58,-0.16,0.02, ,5.464
r,0.30,0.77,0.52,0.24,5.466
l,-0.00,-0.54,-0.50, ,5.469
g,-1.88,-0.18,0.18, ,5.473
r,0.30,0.76,0.51,0.24,5.476
l,0.54,-0.16,-0.35, ,5.478
g,-1.76,-0.13,0.21, ,5.484
r,0.31,0.76,0.51,0.25,5.486
l,0.12,0.18,-0.22, ,5.489
g,-1.90,-0.15,0.19, ,5.493
r,0.32,0.76,0.51,0.25,5.496
l,-0.50,-0.17,0.47, ,5.498
g,-1.85,-0.25,0.14, ,5.503
r,0.33,0.76,0.50,0.26,5.505
l,-0.31,0.33,0.17, ,5.508
g,-1.76,-0.29,-0.05, ,5.513
r,0.33,0.76,0.50,0.26,5.516
l,-0.49,-0.25,-0.46, ,5.519
g,-1.48,-0.18,-0.34, ,5.524
r,0.34,0.75,0.50,0.26,5.526
l,-0.42,-0.89,-0.35, ,5.529
g,-1.79,0.05,-0.52, ,5.533
r,0.35,0.75,0.50,0.26,5.536
l,0.04,0.77,-0.24, ,5.539
g,-1.93,0.08,-0.62, ,5.543
r,0.36,0.74,0.50,0.27,5.545
l,-0.22,0.00,0.06, ,5.548
g,-2.57,-0.01,-0.73, ,5.553
r,0.36,0.74,0.50,0.27,5.556
l,-0.36,0.71,0.81, ,5.559
g,-3.07,-0.11,-0.67, ,5.564
r,0.38,0.73,0.50,0.28,5.566
l,-0.19,0.29,0.39, ,5.569
g,-3.07,-0.14,-0.59, ,5.573
r,0.39,0.72,0.49,0.28,5.576
l,-0.14,0.55,0.57, ,5.579
g,-3.26,-0.30,-0.57, ,5.583
r,0.40,0.72,0.49,0.29,5.586
l,0.47,-0.28,-0.21, ,5.588
g,-2.94,-0.32,-0.64, ,5.593
r,0.41,0.71,0.49,0.30,5.596
l,-0.20,-0.42,-0.04, ,5.599
g,-2.29,-0.15,-0.65, ,5.603
r,0.42,0.70,0.49,0.30,5.606
l,-0.05,-1.34,-1.11, ,5.608
g,-1.92,-0.04,-0.53, ,5.612
r,0.43,0.70,0.48,0.30,5.615
l,0.11,0.25,-0.26, ,5.618
g,-2.07,-0.11,-0.38, ,5.623
r,0.44,0.69,0.48,0.31,5.626
l,0.43,0.70,0.29, ,5.628
g,-2.48,-0.27,-0.23, ,5.634
r,0.45,0.69,0.48,0.31,5.636
l,0.30,1.03,0.47, ,5.640
g,-2.63,-0.40,-0.12, ,5.644
r,0.46,0.68,0.48,0.32,5.647
l,-0.16,0.13,-0.04, ,5.649
g,-2.59,-0.41,-0.04, ,5.654
r,0.47,0.67,0.47,0.32,5.656
l,-0.37,0.28,-0.23, ,5.660
g,-2.45,-0.34,0.00, ,5.663
r,0.48,0.67,0.47,0.32,5.666
l,-0.28,0.23,-0.56, ,5.668
g,-2.13,-0.28,-0.08, ,5.673
r,0.49,0.66,0.46,0.33,5.676
l,-0.38,-0.26,-0.54, ,5.678
g,-1.96,-0.33,-0.20, ,5.683
r,0.49,0.66,0.46,0.33,5.686
l,-0.21,-0.17,0.02, ,5.688
g,-1.75,-0.51,-0.29, ,5.693
r,0.50,0.65,0.46,0.33,5.696
l,-0.56,-0.36,-0.18, ,5.699
g,-1.49,-0.73,-0.23, ,5.702
r,0.51,0.65,0.45,0.34,5.705
l,-0.24,-0.07,0.11, ,5.708
g,-1.52,-0.89,-0.07, ,5.713
r,0.52,0.65,0.45,0.34,5.716
l,0.06,0.28,0.00, ,5.718
g,-1.59,-0.97,-0.00, ,5.722
r,0.52,0.65,0.44,0.34,5.725
l,0.16,0.75,0.09, ,5.728
g,-1.63,-1.02,0.00, ,5.733
r,0.53,0.64,0.44,0.34,5.735
l,0.11,0.82,-0.07, ,5.739
g,-1.48,-1.05,-0.03, ,5.743
r,0.54,0.64,0.43,0.34,5.746
l,-0.11,0.18,-0.23, ,5.748
g,-1.35,-0.84,-0.12, ,5.753
r,0.54,0.64,0.43,0.34,5.756
l,0.23,0.04,-0.81, ,5.759
g,-1.59,-0.45,-0.06, ,5.763
r,0.55,0.64,0.42,0.34,5.766
l,0.28,0.93,0.03, ,5.768
g,-2.03,-0.63,0.02, ,5.773
r,0.56,0.63,0.42,0.34,5.776
l,-0.17,0.64,0.55, ,5.779
g,-2.98,-0.91,0.14, ,5.783
r,0.57,0.63,0.41,0.34,5.786
l,0.26,1.18,1.13, ,5.789
g,-3.62,-1.14,0.01, ,5.793
r,0.58,0.62,0.40,0.35,5.796
l,-0.43,-0.04,0.02, ,5.798
g,-3.46,-1.02,-0.20, ,5.803
r,0.59,0.61,0.39,0.35,5.805
l,-0.15,-0.71,-0.71, ,5.808
g,-2.97,-0.63,-0.31, ,5.813
r,0.60,0.60,0.39,0.35,5.816
l,-0.28,-0.72,-0.96, ,5.819
g,-2.67,-0.40,-0.34, ,5.824
r,0.61,0.59,0.38,0.36,5.826
l,-0.42,-0.33,-0.64, ,5.829
g,-2.64,-0.22,-0.39, ,5.833
r,0.62,0.58,0.38,0.36,5.836
l,-0.31,0.44,-0.36, ,5.839
g,-2.70,0.03,-0.42, ,5.843
r,0.63,0.58,0.37,0.36,5.845
l,0.03,-0.20,-0.88, ,5.848
g,-2.62,0.40,-0.46, ,5.853
r,0.64,0.56,0.37,0.37,5.856
l,-0.19,-0.13,-0.57, ,5.858
g,-2.83,0.46,-0.49, ,5.863
r,0.65,0.55,0.37,0.37,5.866
l,-0.52,0.24,-0.01, ,5.868
g,-3.02,0.38,-0.41, ,5.872
r,0.66,0.54,0.36,0.38,5.875
l,0.02,0.05,0.17, ,5.879
g,-3.38,0.38,-0.34, ,5.883
r,0.66,0.53,0.36,0.38,5.886
l,0.34,0.64,-0.07, ,5.888
g,-4.01,0.33,-0.21, ,5.893
r,0.67,0.52,0.36,0.39,5.895
l,0.60,1.24,0.28, ,5.898
g,-4.46,0.23,0.03, ,5.903
r,0.68,0.50,0.35,0.40,5.906
l,0.69,1.38,0.21, ,5.908
g,-4.71,0.06,0.17, ,5.912
r,0.70,0.49,0.34,0.40,5.915
l,0.14,0.46,-0.12, ,5.919
g,-4.56,0.00,0.20, ,5.923
r,0.71,0.47,0.33,0.41,5.926
l,-0.33,-0.38,-0.18, ,5.928
g,-4.53,-0.05,0.08, ,5.933
r,0.72,0.46,0.32,0.42,5.935
l,0.07,-0.34,-0.09, ,5.939
g,-5.07,-0.27,-0.03, ,5.943
r,0.73,0.44,0.31,0.43,5.946
l,-0.01,0.36,0.07, ,5.948
g,-5.41,-0.48,0.00, ,5.952
r,0.74,0.42,0.30,0.44,5.955
l,0.09,-0.18,0.29, ,5.959
g,-5.54,-0.62,-0.09, ,5.962
r,0.75,0.40,0.28,0.44,5.965
l,0.14,-0.40,-0.15, ,5.967
g,-5.59,-0.90,-0.37, ,5.972
r,0.76,0.38,0.27,0.45,5.975
l,-0.75,-0.41,0.43, ,5.978
g,-4.35,-0.71,-0.74, ,5.983
r,0.78,0.36,0.25,0.45,5.986
l,0.46,-3.79,-1.78, ,5.988
g,-2.53,-0.14,-0.85, ,5.993
r,0.78,0.35,0.25,0.45,5.995
l,-0.62,0.71,-2.22, ,5.999
g,-1.89,-0.05,-0.68, ,6.002
r,0.79,0.34,0.24,0.45,6.005
l,-0.83,0.05,-0.82, ,6.007
g,-1.57,-0.24,-0.50, ,6.013
r,0.79,0.33,0.24,0.45,6.015
l,-0.07,0.02,0.24, ,6.018
g,-1.72,-0.43,-0.44, ,6.022
r,0.80,0.33,0.23,0.45,6.025
l,0.18,0.16,0.20, ,6.027
g,-1.62,-0.48,-0.41, ,6.033
r,0.80,0.32,0.23,0.45,6.035
l,-0.18,-0.06,-0.12, ,6.039
g,-1.52,-0.45,-0.28, ,6.042
r,0.81,0.31,0.22,0.45,6.045
l,-0.34,0.13,-0.35, ,6.047
g,-1.26,-0.24,-0.20, ,6.053
r,0.81,0.31,0.22,0.45,6.055
l,0.07,0.07,-0.33, ,6.059
g,-1.20,-0.16,-0.01, ,6.063
r,0.81,0.30,0.22,0.45,6.066
l,-0.12,0.50,0.31, ,6.068
g,-1.49,-0.18,0.16, ,6.073
r,0.81,0.30,0.21,0.45,6.075
l,-0.02,0.17,0.23, ,6.079
g,-1.90,-0.20,0.22, ,6.083
r,0.82,0.29,0.21,0.45,6.086
l,-0.09,0.41,0.22, ,6.088
g,-2.04,-0.26,0.24, ,6.093
r,0.82,0.29,0.20,0.46,6.095
l,0.11,-0.90,0.41, ,6.098
g,-1.69,-0.25,0.23, ,6.102
r,0.82,0.28,0.20,0.46,6.105
l,-0.07,-0.31,-0.39, ,6.108
g,-1.04,-0.02,0.38, ,6.113
r,0.82,0.27,0.19,0.46,6.115
l,-0.07,0.33,-0.76, ,6.119
g,-0.58,0.11,0.61, ,6.123
r,0.82,0.27,0.19,0.46,6.126
l,-0.01,0.16,-0.34, ,6.128
g,-0.38,0.04,0.61, ,6.133
r,0.82,0.27,0.19,0.47,6.136
l,0.11,-0.43,0.15, ,6.139
g,-0.40,-0.03,0.53, ,6.143
r,0.82,0.27,0.19,0.47,6.146
l,0.23,-0.29,0.25, ,6.148
g,-0.78,-0.14,0.50, ,6.153
r,0.82,0.27,0.18,0.47,6.156
l,0.19,-0.05,0.41, ,6.159
g,-1.08,-0.23,0.41, ,6.163
r,0.82,0.26,0.18,0.47,6.166
l,0.15,-0.17,0.20, ,6.169
g,-1.24,-0.23,0.25, ,6.173
r,0.82,0.26,0.18,0.48,6.176
l,0.15,-1.15,-0.04, ,6.179
g,-1.24,-0.25,0.07, ,6.182
r,0.82,0.26,0.17,0.48,6.185
l,-0.25,0.13,0.02, ,6.188
g,-1.61,-0.24,0.00, ,6.192
r,0.82,0.25,0.17,0.48,6.195
l,0.11,0.16,0.40, ,6.198
g,-1.68,-0.15,-0.03, ,6.202
r,0.83,0.24,0.16,0.48,6.205
l,0.21,-0.36,0.46, ,6.208
g,-1.53,0.06,0.10, ,6.212
r,0.83,0.24,0.16,0.48,6.215
l,-0.03,-0.23,-0.55, ,6.218
g,-1.27,0.22,0.19, ,6.221
r,0.83,0.23,0.16,0.48,6.224
l,-0.29,-0.03,-0.01, ,6.227
g,-1.06,0.24,0.20, ,6.232
r,0.83,0.23,0.15,0.48,6.235
l,0.02,-0.24,0.16, ,6.237
g,-0.77,0.30,0.20, ,6.242
r,0.83,0.22,0.15,0.49,6.245
l,0.15,-0.24,0.00, ,6.248
g,-0.66,0.26,0.18, ,6.252
r,0.83,0.22,0.15,0.49,6.255
l,-0.07,-0.11,-0.07, ,6.258
g,-0.72,0.14,0.13, ,6.263
r,0.83,0.21,0.15,0.49,6.265
l,-0.09,-0.09,-0.07, ,6.268
g,-0.93,0.09,0.07, ,6.272
r,0.83,0.21,0.15,0.49,6.275
l,-0.09,-0.02,-0.11, ,6.278
g,-1.31,0.02,0.05, ,6.282
r,0.83,0.21,0.15,0.49,6.285
l,-0.09,0.00,0.14, ,6.288
g,-1.58,-0.04,0.04, ,6.292
r,0.83,0.20,0.14,0.49,6.295
l,0.29,0.00,0.08, ,6.298
g,-1.86,-0.02,0.26, ,6.302
r,0.84,0.19,0.14,0.49,6.305
l,0.32,0.54,-0.04, ,6.307
g,-2.71,-0.07,0.73, ,6.312
r,0.84,0.18,0.13,0.50,6.315
l,0.18,0.88,0.32, ,6.318
g,-2.59,-0.27,0.59, ,6.322
r,0.84,0.17,0.12,0.50,6.325
l,-0.36,-1.32,-0.94, ,6.328
g,-1.55,0.02,0.10, ,6.332
r,0.84,0.17,0.12,0.51,6.335
l,0.30,-1.38,-0.45, ,6.338
g,-0.89,0.29,-0.12, ,6.341
r,0.84,0.16,0.12,0.51,6.344
l,0.09,-0.41,-0.22, ,6.347
g,-1.07,0.24,-0.01, ,6.352
r,0.84,0.16,0.11,0.51,6.355
l,-0.08,0.25,-0.04, ,6.357
g,-1.01,0.34,0.18, ,6.361
r,0.84,0.15,0.11,0.51,6.364
l,-0.02,0.14,0.39, ,6.367
g,-0.68,0.41,0.24, ,6.372
r,0.84,0.15,0.11,0.51,6.375
l,0.09,-0.23,0.52, ,6.378
g,-0.51,0.33,0.16, ,6.381
r,0.84,0.14,0.11,0.51,6.384
l,0.19,-0.14,0.43, ,6.387
g,-0.73,0.16,0.16, ,6.392
r,0.84,0.14,0.11,0.51,6.395
l,0.09,0.30,0.18, ,6.397
g,-1.09,-0.04,0.26, ,6.402
r,0.84,0.14,0.11,0.51,6.404
l,-0.06,0.18,0.11, ,6.407
g,-1.31,-0.07,0.34, ,6.412
r,0.84,0.13,0.11,0.52,6.415
l,-0.38,0.38,-0.23, ,6.418
g,-1.40,0.11,0.22, ,6.423
r,0.84,0.13,0.10,0.52,6.426
l,-0.24,0.46,-0.31, ,6.429
g,-1.30,0.22,-0.00, ,6.433
r,0.84,0.12,0.10,0.52,6.436
l,-1.49,-0.57,-1.20, ,6.439
g,-0.97,0.45,-0.46, ,6.443
r,0.84,0.11,0.10,0.52,6.445
l,-1.30,-1.12,-1.76, ,6.448
g,-0.33,0.46,-0.88, ,6.452
r,0.84,0.11,0.10,0.52,6.455
l,0.41,-1.12,-0.44, ,6.458
g,-0.13,-0.06,-0.68, ,6.462
r,0.85,0.11,0.10,0.51,6.464
l,1.18,0.16,1.59, ,6.467
g,-0.19,-0.53,-0.39, ,6.471
r,0.85,0.11,0.10,0.51,6.474
l,0.16,0.37,0.93, ,6.476
g,-0.36,-0.60,-0.40, ,6.481
r,0.85,0.11,0.10,0.51,6.484
l,0.20,0.17,0.04, ,6.487
g,-0.46,-0.57,-0.52, ,6.491
r,0.85,0.11,0.09,0.51,6.494
l,0.05,-0.21,-0.05, ,6.496
g,-0.13,-0.47,-0.63, ,6.502
r,0.85,0.11,0.09,0.50,6.504
l,-0.03,0.05,-0.18, ,6.507
g,0.29,-0.38,-0.73, ,6.511
r,0.85,0.11,0.09,0.50,6.514
l,-0.16,0.09,-0.18, ,6.516
g,0.49,-0.37,-0.82, ,6.521
r,0.86,0.11,0.09,0.50,6.523
l,0.02,-0.26,0.02, ,6.526
g,0.65,-0.41,-0.91, ,6.531
r,0.86,0.11,0.09,0.49,6.534
l,-0.04,-0.34,-0.08, ,6.537
g,0.79,-0.43,-1.11, ,6.542
r,0.86,0.12,0.09,0.49,6.545
l,-0.12,-0.98,-0.25, ,6.548
g,0.70,-0.50,-1.20, ,6.552
r,0.86,0.12,0.09,0.48,6.555
l,0.01,-0.46,0.14, ,6.558
g,0.45,-0.62,-1.15, ,6.563
r,0.87,0.12,0.09,0.48,6.565
l,0.19,0.10,0.08, ,6.568
g,0.01,-0.78,-1.04, ,6.572
r,0.87,0.13,0.09,0.47,6.575
l,0.04,0.05,0.29, ,6.578
g,-0.43,-0.88,-0.75, ,6.583
r,0.87,0.13,0.08,0.47,6.585
l,0.18,0.68,0.66, ,6.588
g,-0.41,-0.66,-0.09, ,6.592
r,0.87,0.13,0.08,0.47,6.595
l,-0.04,1.03,0.38, ,6.598
g,-0.40,-0.26,0.42, ,6.603
r,0.87,0.13,0.08,0.47,6.606
l,-0.16,0.37,0.28, ,6.610
g,-0.57,0.18,0.53, ,6.613
r,0.87,0.12,0.07,0.47,6.616
l,0.05,-0.54,-0.11, ,6.620
g,-0.72,0.44,0.41, ,6.623
r,0.87,0.12,0.07,0.47,6.625
l,-0.27,-0.22,-0.20, ,6.628
g,-0.93,0.35,0.22, ,6.632
r,0.87,0.12,0.07,0.47,6.635
l,-0.55,-0.03,-0.26, ,6.637
g,-1.05,0.26,0.16, ,6.642
r,0.87,0.11,0.07,0.47,6.645
l,-0.14,0.14,-0.10, ,6.647
g,-0.99,0.28,0.38, ,6.651
r,0.87,0.11,0.07,0.48,6.654
l,-0.28,0.47,-0.09, ,6.656
g,-1.12,0.08,0.53, ,6.661
r,0.87,0.10,0.07,0.48,6.665
l,-0.39,-0.35,0.04, ,6.667
g,-1.18,-0.05,0.42, ,6.671
r,0.87,0.10,0.07,0.48,6.674
l,0.14,-0.89,-0.26, ,6.677
g,-0.95,-0.14,0.33, ,6.681
r,0.87,0.09,0.06,0.48,6.683
l,0.12,-0.79,-0.16, ,6.686
g,-0.72,-0.26,0.29, ,6.691
r,0.87,0.09,0.06,0.48,6.694
l,0.29,-0.67,0.08, ,6.696
g,-0.73,-0.49,0.27, ,6.701
r,0.87,0.09,0.06,0.48,6.704
l,0.13,-0.38,0.22, ,6.706
g,-0.83,-0.51,0.24, ,6.711
r,0.87,0.08,0.05,0.49,6.714
l,0.04,-0.07,0.25, ,6.717
g,-0.91,-0.46,0.29, ,6.722
r,0.87,0.08,0.05,0.49,6.726
l,-0.02,-0.17,-0.00, ,6.728
g,-0.83,-0.42,0.31, ,6.732
r,0.87,0.08,0.04,0.49,6.735
l,0.10,-0.68,-0.29, ,6.738
g,-0.64,-0.27,0.32, ,6.742
r,0.87,0.08,0.04,0.49,6.744
l,-0.18,-0.49,-0.34, ,6.747
g,-0.60,-0.01,0.33, ,6.751
r,0.87,0.08,0.04,0.49,6.754
l,-0.00,-0.57,-0.24, ,6.757
g,-0.57,0.21,0.24, ,6.762
r,0.87,0.07,0.04,0.49,6.764
l,0.04,-0.74,-0.40, ,6.767
g,-0.54,0.35,0.09, ,6.771
r,0.87,0.07,0.04,0.49,6.774
l,-0.20,-0.76,-0.74, ,6.776
g,-0.37,0.59,-0.07, ,6.781
r,0.87,0.07,0.04,0.49,6.784
l,0.07,-0.15,-0.10, ,6.788
g,0.03,0.60,0.02, ,6.791
r,0.87,0.06,0.04,0.49,6.794
l,0.05,0.14,-0.86, ,6.797
g,-0.10,0.53,0.07, ,6.802
r,0.87,0.06,0.04,0.49,6.804
l,0.03,0.37,0.29, ,6.807
g,-0.66,0.41,0.15, ,6.811
r,0.87,0.06,0.04,0.50,6.814
l,-0.04,0.63,0.81, ,6.817
g,-1.00,0.24,0.31, ,6.821
r,0.87,0.06,0.04,0.50,6.823
l,-0.31,0.34,0.61, ,6.826
g,-1.03,0.16,0.44, ,6.831
r,0.86,0.05,0.04,0.50,6.834
l,-0.18,0.28,0.21, ,6.837
g,-1.31,0.23,0.38, ,6.842
r,0.86,0.04,0.04,0.50,6.844
l,0.06,0.16,-0.03, ,6.848
g,-1.75,0.11,0.23, ,6.852
r,0.86,0.04,0.04,0.50,6.855
l,0.18,0.04,-0.11, ,6.858
g,-1.76,0.24,0.03, ,6.863
r,0.86,0.03,0.03,0.50,6.865
l,0.01,-0.52,0.18, ,6.868
g,-1.73,0.16,-0.07, ,6.872
r,0.86,0.02,0.03,0.50,6.875
l,-0.09,0.41,-0.61, ,6.878
g,-1.22,0.08,0.07, ,6.882
r,0.86,0.02,0.03,0.50,6.885
l,-0.30,0.14,-0.42, ,6.888
g,-0.61,0.30,0.22, ,6.891
r,0.86,0.01,0.02,0.50,6.894
l,-0.06,-0.08,-0.69, ,6.897
g,-0.64,0.60,0.12, ,6.900
r,0.86,0.01,0.02,0.51,6.903
l,0.38,0.02,-0.69, ,6.907
g,-0.50,0.45,0.01, ,6.911
r,0.86,0.00,0.02,0.51,6.914
l,0.11,-0.53,0.69, ,6.917
g,-0.33,0.16,-0.06, ,6.921
r,0.86,0.00,0.03,0.51,6.924
l,0.14,-0.22,0.69, ,6.926
g,-0.27,-0.05,-0.06, ,6.931
r,0.86,-0.00,0.02,0.51,6.933
l,0.54,0.00,0.61, ,6.937
g,-0.54,-0.08,-0.19, ,6.941
r,0.86,-0.00,0.02,0.50,6.944
l,0.80,-0.12,0.19, ,6.946
g,-0.80,0.05,-0.38, ,6.951
r,0.86,-0.00,0.02,0.50,6.953
l,0.68,-0.36,0.30, ,6.957
g,-0.83,0.07,-0.37, ,6.961
r,0.86,-0.01,0.02,0.50,6.964
l,0.07,-0.46,0.61, ,6.967
g,-0.72,-0.04,-0.47, ,6.972
r,0.87,-0.01,0.02,0.50,6.974
l,-0.31,-0.50,0.38, ,6.978
g,-0.37,-0.15,-0.13, ,6.981
r,0.87,-0.01,0.02,0.50,6.984
l,-1.01,0.74,-0.20, ,6.986
g,-0.12,-0.05,0.17, ,6.991
r,0.87,-0.02,0.02,0.50,6.993
l,-0.56,0.34,-0.66, ,6.996
g,-0.32,-0.01,0.09, ,7.000
r,0.87,-0.02,0.01,0.50,7.003
l,-0.10,-0.52,-0.09, ,7.005
g,-0.49,-0.11,-0.09, ,7.011
r,0.87,-0.02,0.01,0.50,7.013
l,-0.07,-0.40,0.18, ,7.017
g,-0.42,-0.08,-0.08, ,7.020
r,0.87,-0.02,0.01,0.50,7.023
l,0.07,-0.16,-0.05, ,7.026
g,-0.37,0.05,-0.05, ,7.031
r,0.87,-0.02,0.01,0.50,7.033
l,0.23,-0.09,0.00, ,7.036
g,-0.37,0.13,-0.12, ,7.040
r,0.87,-0.02,0.01,0.50,7.043
l,0.66,-0.17,-0.15, ,7.045
g,-0.33,0.24,-0.16, ,7.050
r,0.87,-0.03,0.01,0.50,7.053
l,0.64,0.14,-0.08, ,7.057
g,-0.15,0.22,-0.18, ,7.061
r,0.87,-0.03,0.01,0.50,7.064
l,0.47,-0.11,0.34, ,7.066
g,-0.05,0.12,-0.21, ,7.070
r,0.87,-0.03,0.01,0.50,7.073
l,0.41,-0.01,0.27, ,7.075
g,-0.07,0.08,-0.21, ,7.080
r,0.87,-0.03,0.01,0.50,7.082
l,0.38,0.15,0.20, ,7.086
g,-0.17,0.05,-0.24, ,7.090
r,0.87,-0.03,0.01,0.49,7.093
l,0.34,0.01,0.31, ,7.095
g,-0.24,0.03,-0.22, ,7.101
r,0.87,-0.03,0.01,0.49,7.103
l,0.00,0.19,0.20, ,7.106
g,-0.11,-0.03,-0.12, ,7.110
r,0.87,-0.03,0.01,0.49,7.113
l,-0.57,-0.34,0.27, ,7.115
g,0.06,-0.13,-0.10, ,7.120
r,0.87,-0.03,0.01,0.49,7.122
l,-0.35,-0.49,0.05, ,7.125
g,0.08,-0.12,-0.08, ,7.130
r,0.87,-0.03,0.01,0.49,7.133
l,-0.18,0.08,0.05, ,7.136
g,0.26,0.06,0.08, ,7.141
r,0.87,-0.03,0.01,0.49,7.143
l,-0.41,-0.28,-0.15, ,7.147
g,0.30,0.21,0.16, ,7.151
r,0.87,-0.03,0.01,0.49,7.154
l,-0.09,-0.16,-0.23, ,7.157
g,0.21,0.11,0.20, ,7.161
r,0.87,-0.03,0.01,0.49,7.164
l,-0.11,-0.11,0.00, ,7.166
g,0.14,0.01,0.20, ,7.171
r,0.87,-0.03,0.01,0.49,7.173
l,0.05,-0.31,0.15, ,7.177
g,0.06,-0.07,0.15, ,7.180
r,0.87,-0.03,0.01,0.49,7.183
l,0.13,-0.37,0.22, ,7.185
g,0.17,-0.10,0.16, ,7.190
r,0.87,-0.03,0.01,0.50,7.192
l,0.04,-0.18,0.22, ,7.195
g,0.40,-0.07,0.20, ,7.199
r,0.87,-0.02,0.01,0.50,7.202
l,0.03,-0.25,0.30, ,7.205
g,0.60,-0.06,0.23, ,7.210
r,0.87,-0.02,0.01,0.50,7.212
l,-0.39,-0.26,0.07, ,7.215
g,0.69,-0.15,0.16, ,7.220
r,0.87,-0.02,0.02,0.50,7.223
l,-0.52,-0.59,0.03, ,7.225
g,0.55,-0.26,0.21, ,7.230
r,0.87,-0.02,0.02,0.50,7.232
l,0.46,-0.26,-0.01, ,7.236
g,0.48,-0.25,0.13, ,7.239
r,0.87,-0.01,0.02,0.50,7.242
l,0.02,-0.12,0.10, ,7.244
g,0.41,-0.20,0.07, ,7.250
r,0.87,-0.01,0.02,0.50,7.252
l,0.30,-0.17,-0.05, ,7.256
g,0.23,-0.18,0.02, ,7.260
r,0.87,-0.01,0.02,0.50,7.263
l,0.46,0.03,0.06, ,7.265
g,0.06,-0.19,-0.05, ,7.270
r,0.87,-0.01,0.02,0.50,7.272
l,0.29,-0.10,0.18, ,7.276
g,0.01,-0.17,-0.08, ,7.280
r,0.87,-0.01,0.02,0.50,7.283
l,0.20,-0.07,0.25, ,7.285
g,0.02,-0.12,-0.05, ,7.290
r,0.87,-0.01,0.01,0.50,7.293
l,0.22,0.09,0.37, ,7.295
g,0.01,-0.10,-0.04, ,7.300
r,0.87,-0.01,0.01,0.50,7.302
l,0.21,0.12,0.41, ,7.305
g,-0.13,-0.10,-0.08, ,7.309
r,0.87,-0.01,0.01,0.50,7.312
l,0.20,0.09,0.10, ,7.315
g,-0.20,-0.13,-0.14, ,7.320
r,0.87,-0.01,0.01,0.50,7.322
l,0.12,0.04,0.25, ,7.325
g,-0.15,-0.07,-0.15, ,7.330
r,0.87,-0.01,0.01,0.50,7.333
l,0.03,-0.03,0.18, ,7.335
g,-0.11,-0.00,-0.16, ,7.340
r,0.87,-0.01,0.01,0.50,7.342
l,0.03,-0.05,-0.05, ,7.345
g,-0.10,0.03,-0.14, ,7.350
r,0.87,-0.01,0.01,0.50,7.353
l,-0.12,-0.31,-0.13, ,7.356
g,-0.04,0.04,-0.10, ,7.360
r,0.87,-0.01,0.01,0.50,7.362
l,-0.32,-0.07,-0.05, ,7.365
g,-0.06,0.08,-0.06, ,7.370
r,0.87,-0.01,0.01,0.50,7.373
l,-0.12,-0.02,-0.09, ,7.375
g,0.00,0.10,0.04, ,7.379
r,0.87,-0.01,0.01,0.50,7.382
l,-0.34,0.21,-0.21, ,7.384
g,0.14,0.17,0.20, ,7.390
r,0.87,-0.01,0.01,0.50,7.393
l,-0.36,-0.14,0.14, ,7.396
g,0.16,0.22,0.31, ,7.399
r,0.87,-0.01,0.01,0.50,7.402
l,0.27,0.07,-0.05, ,7.404
g,0.03,0.18,0.25, ,7.410
r,0.87,-0.01,0.01,0.50,7.412
l,0.29,0.03,0.37, ,7.415
g,0.02,0.08,0.10, ,7.419
r,0.87,-0.01,0.02,0.50,7.422
l,0.11,-0.09,0.06, ,7.424
g,0.10,0.10,0.06, ,7.430
r,0.87,-0.01,0.02,0.50,7.432
l,0.23,-0.06,-0.02, ,7.436
g,0.22,0.10,0.06, ,7.440
r,0.87,-0.01,0.02,0.50,7.443
