r,1.00,0.00,0.00,0.02,0.010
r,1.00,0.00,0.00,0.02,0.032
r,1.00,0.00,0.00,0.02,0.035
r,1.00,0.00,0.00,0.02,0.040
r,1.00,0.00,0.00,0.02,0.044
r,1.00,0.00,0.00,0.02,0.048
r,1.00,0.00,0.00,0.02,0.052
r,1.00,0.00,0.00,0.02,0.055
r,1.00,0.00,0.00,0.02,0.059
r,1.00,0.00,0.00,0.02,0.062
r,1.00,0.00,0.00,0.02,0.067
r,1.00,0.00,0.00,0.02,0.071
r,1.00,0.00,0.00,0.02,0.074
r,1.00,0.00,0.00,0.02,0.078
r,1.00,0.00,0.00,0.02,0.083
r,1.00,0.00,0.00,0.02,0.086
r,1.00,0.00,0.00,0.02,0.090
r,1.00,0.00,0.00,0.02,0.094
r,1.00,0.00,0.00,0.02,0.098
r,1.00,0.00,0.00,0.02,0.102
r,1.00,0.00,0.00,0.02,0.106
r,1.00,0.00,0.00,0.02,0.110
r,1.00,0.00,0.00,0.02,0.113
r,1.00,0.00,0.00,0.02,0.117
r,1.00,0.00,0.00,0.02,0.122
r,1.00,0.00,0.00,0.02,0.126
r,1.00,0.00,0.00,0.02,0.130
r,1.00,0.00,0.00,0.02,0.134
r,1.00,0.00,0.00,0.02,0.137
r,1.00,0.00,0.00,0.02,0.142
r,1.00,0.00,0.00,0.02,0.145
r,1.00,0.00,0.00,0.02,0.149
r,1.00,0.00,0.00,0.02,0.154
r,1.00,0.00,0.00,0.02,0.157
r,1.00,0.00,0.00,0.02,0.162
r,1.00,0.00,0.00,0.02,0.167
r,1.00,0.00,0.00,0.02,0.170
r,1.00,0.00,0.00,0.02,0.174
r,1.00,0.00,0.00,0.02,0.177
r,1.00,0.00,0.00,0.02,0.181
r,1.00,0.00,0.00,0.02,0.185
r,1.00,0.00,0.00,0.02,0.189
r,1.00,0.00,0.00,0.02,0.193
r,1.00,0.00,0.00,0.02,0.197
r,1.00,0.00,0.00,0.02,0.201
r,1.00,0.00,0.00,0.02,0.205
r,1.00,0.00,0.00,0.02,0.208
r,1.00,0.00,0.00,0.02,0.212
r,1.00,0.00,0.00,0.02,0.217
r,1.00,0.00,0.00,0.02,0.221
r,1.00,0.00,0.00,0.02,0.225
r,1.00,0.00,0.00,0.02,0.230
r,1.00,0.00,0.00,0.02,0.234
r,1.00,0.00,0.00,0.02,0.238
r,1.00,0.00,0.00,0.02,0.243
r,1.00,0.00,0.00,0.02,0.247
r,1.00,0.00,0.00,0.02,0.251
r,1.00,0.00,0.00,0.02,0.254
r,1.00,0.00,0.00,0.02,0.259
r,1.00,0.00,0.00,0.02,0.263
r,1.00,0.00,0.00,0.02,0.267
r,1.00,0.00,0.00,0.02,0.271
r,1.00,0.00,0.00,0.02,0.274
r,1.00,0.00,0.00,0.02,0.279
r,1.00,0.00,0.00,0.02,0.284
r,1.00,0.00,0.00,0.02,0.287
r,1.00,0.00,0.00,0.02,0.292
r,1.00,0.00,0.00,0.02,0.296
r,1.00,0.00,0.00,0.02,0.299
r,1.00,0.00,0.00,0.02,0.304
r,1.00,0.00,0.00,0.02,0.307
r,1.00,0.00,0.00,0.02,0.311
r,1.00,0.00,0.00,0.02,0.315
r,1.00,0.00,0.00,0.02,0.318
r,1.00,0.00,0.00,0.02,0.323
r,1.00,0.00,0.00,0.02,0.327
r,1.00,0.00,0.00,0.02,0.331
r,1.00,0.00,0.00,0.02,0.335
r,1.00,0.00,0.00,0.02,0.339
r,1.00,0.00,0.00,0.02,0.343
r,1.00,0.00,0.00,0.02,0.347
r,1.00,0.00,0.00,0.02,0.351
r,1.00,0.00,0.00,0.02,0.355
r,1.00,0.00,0.00,0.02,0.360
r,1.00,0.00,0.00,0.02,0.364
r,1.00,0.00,0.00,0.02,0.369
r,1.00,0.00,0.00,0.02,0.373
r,1.00,0.00,0.00,0.02,0.377
r,1.00,0.00,0.00,0.02,0.382
r,1.00,0.00,0.00,0.02,0.385
r,1.00,0.00,0.00,0.02,0.389
r,1.00,0.00,0.00,0.02,0.393
r,1.00,0.00,0.00,0.02,0.396
r,1.00,0.00,0.00,0.02,0.401
r,1.00,0.00,0.00,0.02,0.404
r,1.00,0.00,0.00,0.02,0.409
r,1.00,0.00,0.00,0.02,0.413
r,1.00,0.00,0.00,0.02,0.416
r,1.00,0.00,0.00,0.02,0.421
r,1.00,0.00,0.00,0.02,0.425
r,1.00,0.00,0.00,0.02,0.428
r,1.00,0.00,0.00,0.02,0.432
r,1.00,0.00,0.00,0.02,0.436
r,1.00,0.00,0.00,0.02,0.441
r,1.00,0.00,0.00,0.02,0.445
r,1.00,0.00,0.00,0.02,0.448
r,1.00,0.00,0.00,0.02,0.453
r,1.00,0.00,0.00,0.02,0.457
r,1.00,0.00,0.00,0.02,0.461
r,1.00,0.00,0.00,0.02,0.465
r,1.00,0.00,0.00,0.02,0.468
r,1.00,0.00,0.00,0.02,0.472
r,1.00,0.00,0.00,0.02,0.476
r,1.00,0.00,0.00,0.02,0.480
r,1.00,0.00,0.00,0.02,0.484
r,1.00,0.00,0.00,0.02,0.489
r,1.00,0.00,0.00,0.02,0.493
r,1.00,0.00,0.00,0.02,0.498
r,1.00,0.00,0.00,0.02,0.503
r,1.00,0.00,0.00,0.02,0.507
r,1.00,0.00,0.00,0.02,0.511
r,1.00,0.00,0.00,0.02,0.515
r,1.00,0.00,0.00,0.02,0.520
r,1.00,0.00,0.00,0.02,0.524
r,1.00,0.00,0.00,0.02,0.527
r,1.00,0.00,0.00,0.02,0.531
r,1.00,0.00,0.00,0.02,0.535
r,1.00,0.00,0.00,0.02,0.540
r,1.00,0.00,0.00,0.02,0.544
r,1.00,0.00,0.00,0.02,0.548
r,1.00,0.00,0.00,0.02,0.552
r,1.00,0.00,0.00,0.02,0.556
r,1.00,0.00,0.00,0.02,0.559
r,1.00,0.00,0.00,0.02,0.563
r,1.00,0.00,0.00,0.02,0.566
r,1.00,0.00,0.00,0.02,0.571
r,1.00,0.00,0.00,0.02,0.575
r,1.00,0.00,0.00,0.02,0.578
r,1.00,0.00,0.00,0.02,0.583
r,1.00,0.00,0.00,0.02,0.587
r,1.00,0.00,0.00,0.02,0.590
r,1.00,0.00,0.00,0.02,0.594
r,1.00,0.00,0.00,0.02,0.598
r,1.00,0.00,0.00,0.02,0.603
r,1.00,0.00,0.00,0.02,0.607
r,1.00,0.00,0.00,0.02,0.611
r,1.00,0.00,0.00,0.02,0.615
r,1.00,0.00,0.00,0.02,0.620
r,1.00,0.00,0.00,0.02,0.623
r,1.00,0.00,0.00,0.02,0.627
r,1.00,0.00,0.00,0.02,0.630
r,1.00,0.00,0.00,0.02,0.634
r,1.00,0.00,0.00,0.02,0.638
r,1.00,0.00,0.00,0.02,0.642
r,1.00,0.00,0.00,0.02,0.646
r,1.00,0.00,0.00,0.02,0.651
r,1.00,0.00,0.00,0.02,0.654
r,1.00,0.00,0.00,0.02,0.659
r,1.00,0.00,0.00,0.02,0.662
r,1.00,0.00,0.00,0.02,0.666
r,1.00,0.00,0.00,0.02,0.671
r,1.00,0.00,0.00,0.02,0.674
r,1.00,0.00,0.00,0.02,0.679
r,1.00,0.00,0.00,0.02,0.684
r,1.00,0.00,0.00,0.02,0.688
r,1.00,0.00,0.00,0.02,0.693
r,1.00,0.00,0.00,0.02,0.696
r,1.00,0.00,0.00,0.02,0.701
r,1.00,0.00,0.00,0.02,0.705
r,1.00,0.00,0.00,0.02,0.708
r,1.00,0.00,0.00,0.02,0.712
r,1.00,0.00,0.00,0.02,0.716
r,1.00,0.00,0.00,0.02,0.720
r,1.00,0.00,0.00,0.02,0.724
r,1.00,0.00,0.00,0.02,0.728
r,1.00,0.00,0.00,0.02,0.732
r,1.00,0.00,0.00,0.02,0.736
r,1.00,0.00,0.00,0.01,0.740
r,1.00,0.00,0.00,0.01,0.744
r,1.00,0.00,0.00,0.01,0.748
r,1.00,0.00,0.00,0.01,0.751
r,1.00,0.00,0.00,0.01,0.756
r,1.00,0.00,0.00,0.01,0.761
r,1.00,0.00,0.00,0.01,0.765
r,1.00,0.00,0.00,0.01,0.769
r,1.00,0.00,0.00,0.01,0.773
r,1.00,0.00,0.00,0.01,0.777
r,1.00,0.00,0.00,0.01,0.781
r,1.00,0.00,0.00,0.01,0.785
r,1.00,0.00,0.00,0.01,0.789
r,1.00,0.00,0.00,0.01,0.793
r,1.00,0.00,0.00,0.01,0.796
r,1.00,0.00,0.00,0.01,0.801
r,1.00,0.00,0.00,0.01,0.805
r,1.00,0.00,0.00,0.01,0.810
r,1.00,0.00,0.00,0.01,0.815
r,1.00,0.00,0.00,0.01,0.819
r,1.00,0.00,0.00,0.01,0.823
r,1.00,0.00,0.00,0.01,0.827
r,1.00,0.00,0.00,0.01,0.830
r,1.00,0.00,0.00,0.01,0.835
r,1.00,0.00,0.00,0.01,0.839
r,1.00,0.00,0.00,0.01,0.843
r,1.00,0.00,0.00,0.01,0.847
r,1.00,0.00,0.00,0.01,0.850
r,1.00,0.00,0.00,0.01,0.854
r,1.00,0.00,0.00,0.01,0.859
r,1.00,0.00,0.00,0.01,0.862
r,1.00,0.00,0.00,0.01,0.866
r,1.00,0.00,0.00,0.01,0.871
r,1.00,0.00,0.00,0.01,0.874
r,1.00,0.00,0.00,0.01,0.878
r,1.00,0.00,0.00,0.01,0.882
r,1.00,0.00,0.00,0.01,0.886
r,1.00,0.00,0.00,0.01,0.890
r,1.00,0.00,0.00,0.01,0.894
r,1.00,0.00,0.00,0.01,0.899
r,1.00,0.00,0.00,0.01,0.903
r,1.00,0.00,0.00,0.01,0.906
r,1.00,0.00,0.00,0.01,0.911
r,1.00,0.00,0.00,0.01,0.914
r,1.00,0.00,0.00,0.01,0.919
r,1.00,0.00,0.00,0.01,0.923
r,1.00,0.00,0.00,0.01,0.926
r,1.00,0.00,0.00,0.01,0.930
r,1.00,0.00,0.00,0.01,0.934
r,1.00,0.00,0.00,0.01,0.938
r,1.00,0.00,0.00,0.01,0.943
r,1.00,0.00,0.00,0.01,0.947
r,1.00,0.00,0.00,0.01,0.950
r,1.00,0.00,0.00,0.01,0.954
r,1.00,0.00,0.00,0.01,0.957
r,1.00,0.00,0.00,0.01,0.962
r,1.00,0.00,0.00,0.01,0.966
r,1.00,0.00,0.00,0.01,0.969
r,1.00,0.00,0.00,0.01,0.973
r,1.00,0.00,0.00,0.01,0.977
r,1.00,0.00,0.00,0.01,0.980
r,1.00,0.00,0.00,0.01,0.984
r,1.00,0.00,0.00,0.01,0.988
r,1.00,0.00,0.00,0.01,0.991
r,1.00,0.00,0.00,0.01,0.995
r,1.00,0.00,0.00,0.01,0.998
r,1.00,0.00,0.00,0.01,1.003
r,1.00,0.00,0.00,0.01,1.008
r,1.00,0.00,0.00,0.01,1.012
r,1.00,0.00,0.00,0.01,1.016
r,1.00,0.00,0.00,0.01,1.025
r,1.00,0.00,0.00,0.01,1.028
r,1.00,0.00,0.00,0.01,1.033
r,1.00,0.00,0.00,0.01,1.036
r,1.00,0.00,0.00,0.01,1.040
r,1.00,0.00,0.00,0.01,1.044
r,1.00,0.00,0.00,0.01,1.047
r,1.00,0.00,0.00,0.01,1.051
r,1.00,0.00,0.00,0.01,1.056
r,1.00,0.00,0.00,0.01,1.060
r,1.00,0.00,0.00,0.01,1.064
r,1.00,0.00,0.00,0.01,1.067
r,1.00,0.00,0.00,0.01,1.071
r,1.00,0.00,0.00,0.01,1.075
r,1.00,0.00,0.00,0.01,1.079
r,1.00,0.00,0.00,0.01,1.084
r,1.00,0.00,0.00,0.01,1.088
r,1.00,0.00,0.00,0.01,1.092
r,1.00,0.00,0.00,0.01,1.096
r,1.00,0.00,0.00,0.01,1.100
r,1.00,0.00,0.00,0.01,1.104
r,1.00,0.00,0.00,0.01,1.108
r,1.00,0.00,0.00,0.01,1.112
r,1.00,0.00,0.00,0.01,1.116
r,1.00,0.00,0.00,0.01,1.121
r,1.00,0.00,0.00,0.01,1.124
r,1.00,0.00,0.00,0.01,1.128
r,1.00,0.00,0.00,0.01,1.132
r,1.00,0.00,0.00,0.01,1.135
r,1.00,0.00,0.00,0.01,1.140
r,1.00,0.00,0.00,0.01,1.144
r,1.00,0.00,0.00,0.01,1.148
r,1.00,0.00,0.00,0.01,1.153
r,1.00,0.00,0.00,0.01,1.157
r,1.00,0.00,0.00,0.01,1.162
r,1.00,0.00,0.00,0.01,1.166
r,1.00,0.00,0.00,0.01,1.170
r,1.00,0.00,0.00,0.01,1.174
r,1.00,0.00,0.00,0.01,1.177
r,1.00,0.00,0.00,0.01,1.182
r,1.00,0.00,0.00,0.01,1.185
r,1.00,0.00,0.00,0.01,1.189
r,1.00,0.00,0.00,0.01,1.194
r,1.00,0.00,0.00,0.01,1.198
r,1.00,0.00,0.00,0.01,1.202
r,1.00,0.00,0.00,0.01,1.206
r,1.00,0.00,0.00,0.01,1.209
r,1.00,0.00,0.00,0.01,1.214
r,1.00,0.00,0.00,0.01,1.218
r,1.00,0.00,0.00,0.01,1.222
r,1.00,0.00,0.00,0.01,1.226
r,1.00,0.00,0.00,0.01,1.229
r,1.00,0.00,0.00,0.01,1.234
r,1.00,0.00,0.00,0.01,1.238
r,1.00,0.00,0.00,0.01,1.242
r,1.00,0.00,0.00,0.01,1.247
r,1.00,0.00,0.00,0.01,1.250
r,1.00,0.00,0.00,0.01,1.254
r,1.00,0.00,0.00,0.01,1.257
r,1.00,0.00,0.00,0.01,1.262
r,1.00,0.00,0.00,0.01,1.266
r,1.00,0.00,0.00,0.01,1.270
r,1.00,0.00,0.00,0.01,1.275
r,1.00,0.00,0.00,0.01,1.281
r,1.00,0.00,0.00,0.01,1.285
r,1.00,0.00,0.00,0.01,1.289
r,1.00,0.00,0.00,0.01,1.292
r,1.00,0.00,0.00,0.01,1.296
r,1.00,0.00,0.00,0.01,1.299
r,1.00,0.00,0.00,0.01,1.304
r,1.00,0.00,0.00,0.01,1.308
r,1.00,0.00,0.00,0.01,1.311
r,1.00,0.00,0.00,0.01,1.316
r,1.00,0.00,0.00,0.01,1.320
r,1.00,0.00,0.00,0.01,1.324
r,1.00,0.00,0.00,0.01,1.328
r,1.00,0.00,0.00,0.01,1.332
r,1.00,0.00,0.00,0.01,1.336
r,1.00,0.00,0.00,0.01,1.340
r,1.00,0.00,0.00,0.01,1.343
r,1.00,0.00,0.00,0.01,1.347
r,1.00,0.00,0.00,0.01,1.350
r,1.00,0.00,0.00,0.01,1.355
r,1.00,0.00,0.00,0.01,1.360
r,1.00,0.00,0.00,0.01,1.363
r,1.00,0.00,0.00,0.01,1.367
r,1.00,0.00,0.00,0.01,1.370
r,1.00,0.00,0.00,0.01,1.375
r,1.00,0.00,0.00,0.01,1.380
r,1.00,0.00,0.00,0.01,1.384
r,1.00,0.00,0.00,0.01,1.388
r,1.00,0.00,0.00,0.01,1.391
r,1.00,0.00,0.00,0.01,1.395
r,1.00,0.00,0.00,0.01,1.399
r,1.00,0.00,0.00,0.01,1.403
r,1.00,0.00,0.00,0.01,1.407
r,1.00,0.00,0.00,0.01,1.411
r,1.00,0.00,0.00,0.01,1.415
r,1.00,0.00,0.00,0.01,1.419
r,1.00,0.00,0.00,0.01,1.423
r,1.00,0.00,0.00,0.01,1.427
r,1.00,0.00,0.00,0.01,1.431
r,1.00,0.00,0.00,0.01,1.435
r,1.00,0.00,0.00,0.01,1.439
r,1.00,0.00,0.00,0.00,1.442
r,1.00,0.00,0.00,0.00,1.446
r,1.00,0.00,0.00,0.00,1.449
r,1.00,0.00,0.00,0.00,1.454
r,1.00,0.00,0.00,0.00,1.458
r,1.00,0.00,0.00,0.00,1.462
r,1.00,0.00,0.00,0.00,1.467
r,1.00,0.00,0.00,0.00,1.470
r,1.00,0.00,0.00,0.00,1.474
r,1.00,0.00,0.00,0.00,1.478
r,1.00,0.00,0.00,0.00,1.482
r,1.00,0.00,0.00,0.00,1.486
r,1.00,0.00,0.00,0.00,1.489
r,1.00,0.00,0.00,0.00,1.493
r,1.00,0.00,0.00,0.00,1.496
r,1.00,0.00,0.00,0.00,1.501
r,1.00,0.00,0.00,0.00,1.505
r,1.00,0.00,0.00,0.00,1.508
r,1.00,0.00,0.00,0.00,1.512
r,1.00,0.00,0.00,0.00,1.516
r,1.00,0.00,0.00,0.00,1.520
r,1.00,0.00,0.00,0.00,1.524
r,1.00,0.00,0.00,0.00,1.528
r,1.00,0.00,0.00,0.00,1.532
r,1.00,0.00,0.00,0.00,1.536
r,1.00,0.00,0.00,0.00,1.542
r,1.00,0.00,0.00,0.00,1.546
r,1.00,0.00,0.00,0.00,1.549
r,1.00,0.00,0.00,0.00,1.553
r,1.00,0.00,0.00,0.00,1.556
r,1.00,0.00,0.00,0.00,1.561
r,1.00,0.00,0.00,0.00,1.565
r,1.00,0.00,0.00,0.00,1.569
r,1.00,0.00,0.00,0.00,1.574
r,1.00,0.00,0.00,0.00,1.580
r,1.00,0.00,0.00,0.00,1.583
r,1.00,0.00,0.00,0.00,1.587
r,1.00,0.00,0.00,0.00,1.591
r,1.00,0.00,0.00,0.00,1.595
r,1.00,0.00,0.00,0.00,1.600
r,1.00,0.00,0.00,0.00,1.603
r,1.00,0.00,0.00,0.00,1.607
r,1.00,0.00,0.00,0.00,1.611
r,1.00,0.00,0.00,0.00,1.615
r,1.00,0.00,0.00,0.00,1.618
r,1.00,0.00,0.00,0.00,1.622
r,1.00,0.00,0.00,0.00,1.627
r,1.00,0.00,0.00,0.00,1.631
r,1.00,0.00,0.00,0.00,1.635
r,1.00,0.00,0.00,0.00,1.639
r,1.00,0.00,0.00,0.00,1.643
r,1.00,0.00,0.00,0.00,1.647
r,1.00,0.00,0.00,0.00,1.651
r,1.00,0.00,0.00,0.00,1.655
r,1.00,0.00,0.00,0.00,1.659
r,1.00,0.00,0.00,0.00,1.663
r,1.00,0.00,0.00,0.00,1.666
r,1.00,0.00,0.00,0.00,1.671
r,1.00,0.00,0.00,0.00,1.674
r,1.00,0.00,0.00,0.00,1.679
r,1.00,0.00,0.00,0.00,1.683
r,1.00,0.00,0.00,-0.00,1.687
r,1.00,0.00,0.00,-0.00,1.691
r,1.00,0.00,0.00,-0.00,1.694
r,1.00,0.00,0.00,-0.00,1.699
r,1.00,0.00,0.00,-0.00,1.702
r,1.00,0.00,0.00,-0.00,1.706
r,1.00,0.00,0.00,-0.00,1.711
r,1.00,0.00,0.00,-0.00,1.714
r,1.00,0.00,0.00,-0.00,1.719
r,1.00,0.00,0.00,-0.00,1.722
r,1.00,0.00,0.00,-0.00,1.726
r,1.00,0.00,0.00,-0.00,1.731
r,1.00,0.00,0.00,-0.00,1.734
r,1.00,0.00,0.00,-0.00,1.740
r,1.00,0.00,0.00,-0.00,1.743
r,1.00,0.00,0.00,-0.00,1.747
r,1.00,0.00,0.00,-0.00,1.752
r,1.00,0.00,0.00,-0.00,1.756
r,1.00,0.00,0.00,-0.00,1.760
r,1.00,0.00,0.00,-0.00,1.763
r,1.00,0.00,0.00,-0.00,1.766
r,1.00,0.00,0.00,-0.00,1.770
r,1.00,0.00,0.00,-0.00,1.773
r,1.00,0.00,0.00,-0.00,1.777
r,1.00,0.00,0.00,-0.00,1.780
r,1.00,0.00,0.00,-0.00,1.784
r,1.00,0.00,0.00,-0.00,1.789
r,1.00,0.00,0.00,-0.00,1.792
r,1.00,0.00,0.00,-0.00,1.799
r,1.00,0.00,0.00,-0.00,1.803
r,1.00,0.00,0.00,-0.00,1.807
r,1.00,0.00,0.00,-0.00,1.811
r,1.00,0.00,0.00,-0.00,1.814
r,1.00,0.00,0.00,-0.00,1.818
r,1.00,0.00,0.00,-0.00,1.821
r,1.00,0.00,0.00,-0.00,1.826
r,1.00,0.00,0.00,-0.00,1.831
r,1.00,0.00,0.00,-0.00,1.834
r,1.00,0.00,0.00,-0.00,1.840
r,1.00,0.00,0.00,-0.00,1.844
r,1.00,0.00,0.00,-0.00,1.848
r,1.00,0.00,0.00,-0.00,1.852
r,1.00,0.00,0.00,-0.00,1.856
r,1.00,0.00,0.00,-0.00,1.861
r,1.00,0.00,0.00,-0.00,1.865
r,1.00,0.00,0.00,-0.00,1.868
r,1.00,0.00,0.00,-0.00,1.872
r,1.00,0.00,0.00,-0.00,1.877
r,1.00,0.00,0.00,-0.00,1.881
r,1.00,0.00,0.00,-0.00,1.885
r,1.00,0.00,0.00,-0.00,1.888
r,1.00,0.00,0.00,-0.00,1.892
r,1.00,0.00,0.00,-0.00,1.895
r,1.00,0.00,0.00,-0.00,1.900
r,1.00,0.00,0.00,-0.00,1.904
r,1.00,0.00,0.00,-0.00,1.908
r,1.00,0.00,0.00,-0.00,1.912
r,1.00,0.00,0.00,-0.00,1.915
r,1.00,0.00,0.00,-0.00,1.920
r,1.00,0.00,0.00,-0.00,1.924
r,1.00,0.00,0.00,-0.00,1.928
r,1.00,0.00,0.00,-0.00,1.932
r,1.00,0.00,0.00,-0.00,1.935
r,1.00,0.00,0.00,-0.00,1.939
r,1.00,0.00,0.00,-0.00,1.943
r,1.00,0.00,0.00,-0.00,1.947
r,1.00,0.00,0.00,-0.00,1.951
r,1.00,0.00,0.00,-0.00,1.955
r,1.00,0.00,0.00,-0.00,1.960
r,1.00,0.00,0.00,-0.00,1.964
r,1.00,0.00,0.00,-0.00,1.967
r,1.00,0.00,0.00,-0.00,1.971
r,1.00,0.00,0.00,-0.00,1.974
r,1.00,0.00,0.00,-0.00,1.978
r,1.00,0.00,0.00,-0.00,1.982
r,1.00,0.00,0.00,-0.00,1.985
r,1.00,0.00,0.00,-0.00,1.989
r,1.00,0.00,0.00,-0.01,1.994
r,1.00,0.00,0.00,-0.01,1.998
r,1.00,0.00,0.00,-0.01,2.003
r,1.00,0.00,0.00,-0.01,2.006
r,1.00,0.00,0.00,-0.01,2.011
r,1.00,0.00,0.00,-0.01,2.016
r,1.00,0.00,0.00,-0.01,2.021
r,1.00,0.00,0.00,-0.01,2.025
r,1.00,0.00,0.00,-0.01,2.028
r,1.00,0.00,0.00,-0.01,2.033
r,1.00,0.00,0.00,-0.01,2.038
r,1.00,0.00,0.00,-0.01,2.041
r,1.00,0.00,0.00,-0.01,2.046
r,1.00,0.00,0.00,-0.01,2.049
r,1.00,0.00,0.00,-0.01,2.053
r,1.00,0.00,0.00,-0.01,2.060
r,1.00,0.00,0.00,-0.01,2.063
r,1.00,0.00,0.00,-0.01,2.067
r,1.00,0.00,0.00,-0.01,2.070
r,1.00,0.00,0.00,-0.01,2.074
r,1.00,0.00,0.00,-0.01,2.079
r,1.00,0.00,0.00,-0.01,2.083
r,1.00,0.00,0.00,-0.01,2.087
r,1.00,0.00,0.00,-0.01,2.090
r,1.00,0.00,0.00,-0.01,2.094
r,1.00,0.00,0.00,-0.01,2.099
r,1.00,0.00,0.00,-0.01,2.103
r,1.00,0.00,0.00,-0.01,2.108
r,1.00,0.00,0.00,-0.01,2.111
r,1.00,0.00,0.00,-0.01,2.116
r,1.00,0.00,0.00,-0.01,2.120
r,1.00,0.00,0.00,-0.01,2.123
r,1.00,0.00,0.00,-0.01,2.128
r,1.00,0.00,0.00,-0.01,2.133
r,1.00,0.00,0.00,-0.01,2.137
r,1.00,0.00,0.00,-0.01,2.141
r,1.00,0.00,0.00,-0.01,2.145
r,1.00,0.00,0.00,-0.01,2.149
r,1.00,0.00,0.00,-0.01,2.153
r,1.00,0.00,0.00,-0.01,2.157
r,1.00,0.00,0.00,-0.01,2.161
r,1.00,0.00,0.00,-0.01,2.165
r,1.00,0.00,0.00,-0.01,2.168
r,1.00,0.00,0.00,-0.01,2.172
r,1.00,0.00,0.00,-0.01,2.175
r,1.00,0.00,0.00,-0.01,2.180
r,1.00,0.00,0.00,-0.01,2.184
r,1.00,0.00,0.00,-0.01,2.188
r,1.00,0.00,0.00,-0.01,2.193
r,1.00,0.00,0.00,-0.01,2.199
r,1.00,0.00,0.00,-0.01,2.202
r,1.00,0.00,0.00,-0.01,2.206
r,1.00,0.00,0.00,-0.01,2.210
r,1.00,0.00,0.00,-0.01,2.214
r,1.00,0.00,0.00,-0.01,2.218
r,1.00,0.00,0.00,-0.01,2.222
r,1.00,0.00,0.00,-0.01,2.226
r,1.00,0.00,0.00,-0.01,2.229
r,1.00,0.00,0.00,-0.01,2.234
r,1.00,0.00,0.00,-0.01,2.238
r,1.00,0.00,0.00,-0.01,2.242
r,1.00,0.00,0.00,-0.01,2.247
r,1.00,0.00,0.00,-0.01,2.251
r,1.00,0.00,0.00,-0.01,2.255
r,1.00,0.00,0.00,-0.01,2.260
r,1.00,0.00,0.00,-0.01,2.263
r,1.00,0.00,0.00,-0.01,2.268
r,1.00,0.00,0.00,-0.01,2.273
r,1.00,0.00,0.00,-0.01,2.277
r,1.00,0.00,0.00,-0.01,2.281
r,1.00,0.00,0.00,-0.01,2.286
r,1.00,0.00,0.00,-0.01,2.289
r,1.00,0.00,0.00,-0.01,2.293
r,1.00,0.00,0.00,-0.01,2.298
r,1.00,0.00,0.00,-0.01,2.301
r,1.00,0.00,0.00,-0.01,2.305
r,1.00,0.00,0.00,-0.01,2.309
r,1.00,0.00,0.00,-0.01,2.313
r,1.00,0.00,0.00,-0.01,2.319
r,1.00,0.00,0.00,-0.01,2.323
r,1.00,0.00,0.00,-0.01,2.326
r,1.00,0.00,0.00,-0.01,2.330
r,1.00,0.00,0.00,-0.01,2.333
r,1.00,0.00,0.00,-0.01,2.338
r,1.00,0.00,0.00,-0.01,2.343
r,1.00,0.00,0.00,-0.01,2.347
r,1.00,0.00,0.00,-0.01,2.350
r,1.00,0.00,0.00,-0.01,2.354
r,1.00,0.00,0.00,-0.01,2.357
r,1.00,0.00,0.00,-0.01,2.361
r,1.00,0.00,0.00,-0.01,2.365
r,1.00,0.00,0.00,-0.01,2.368
r,1.00,0.00,0.00,-0.01,2.372
r,1.00,0.00,0.00,-0.01,2.376
r,1.00,0.00,0.00,-0.01,2.379
r,1.00,0.00,0.00,-0.01,2.384
r,1.00,0.00,0.00,-0.01,2.388
r,1.00,0.00,0.00,-0.01,2.391
r,1.00,0.00,0.00,-0.01,2.395
r,1.00,0.00,0.00,-0.01,2.399
r,1.00,0.00,0.00,-0.01,2.403
r,1.00,0.00,0.00,-0.01,2.408
r,1.00,0.00,0.00,-0.01,2.411
r,1.00,0.00,0.00,-0.01,2.416
r,1.00,0.00,0.00,-0.01,2.420
r,1.00,0.00,0.00,-0.01,2.424
r,1.00,0.00,0.00,-0.01,2.428
r,1.00,0.00,0.00,-0.01,2.433
r,1.00,0.00,0.00,-0.01,2.437
r,1.00,0.00,0.00,-0.01,2.441
r,1.00,0.00,0.00,-0.01,2.445
r,1.00,0.00,0.00,-0.01,2.448
r,1.00,0.00,0.00,-0.01,2.452
r,1.00,0.00,0.00,-0.01,2.457
r,1.00,0.00,0.00,-0.01,2.460
r,1.00,0.00,0.00,-0.01,2.464
r,1.00,0.00,0.00,-0.01,2.468
r,1.00,0.00,0.00,-0.01,2.471
r,1.00,0.00,0.00,-0.01,2.475
r,1.00,0.00,0.00,-0.01,2.479
r,1.00,0.00,0.00,-0.01,2.483
r,1.00,0.00,0.00,-0.01,2.487
r,1.00,0.00,0.00,-0.01,2.491
r,1.00,0.00,0.00,-0.01,2.496
r,1.00,0.00,0.00,-0.01,2.500
r,1.00,0.00,0.00,-0.01,2.504
r,1.00,0.00,0.00,-0.01,2.508
r,1.00,0.00,0.00,-0.01,2.512
r,1.00,0.00,0.00,-0.01,2.515
r,1.00,0.00,0.00,-0.01,2.520
r,1.00,0.00,0.00,-0.01,2.524
r,1.00,0.00,0.00,-0.01,2.527
r,1.00,0.00,0.00,-0.01,2.532
r,1.00,0.00,0.00,-0.01,2.538
r,1.00,0.00,0.00,-0.01,2.541
r,1.00,0.00,0.00,-0.01,2.544
r,1.00,0.00,0.00,-0.01,2.547
r,1.00,0.00,0.00,-0.01,2.552
r,1.00,0.00,0.00,-0.01,2.557
r,1.00,0.00,0.00,-0.01,2.560
r,1.00,0.00,0.00,-0.01,2.564
r,1.00,0.00,0.00,-0.01,2.568
r,1.00,0.00,0.00,-0.01,2.571
r,1.00,0.00,0.00,-0.01,2.575
r,1.00,0.00,0.00,-0.01,2.580
r,1.00,0.00,0.00,-0.01,2.583
r,1.00,0.00,0.00,-0.01,2.587
r,1.00,0.00,0.00,-0.01,2.591
r,1.00,0.00,0.00,-0.01,2.595
r,1.00,0.00,0.00,-0.01,2.599
r,1.00,0.00,0.00,-0.01,2.603
r,1.00,0.00,0.00,-0.01,2.606
r,1.00,0.00,0.00,-0.01,2.610
r,1.00,0.00,0.00,-0.01,2.614
r,1.00,0.00,0.00,-0.01,2.618
r,1.00,0.00,0.00,-0.01,2.622
r,1.00,0.00,0.00,-0.01,2.625
r,1.00,0.00,0.00,-0.01,2.630
r,1.00,0.00,0.00,-0.01,2.634
r,1.00,0.00,0.00,-0.01,2.638
r,1.00,0.00,0.00,-0.01,2.642
r,1.00,0.00,0.00,-0.01,2.646
r,1.00,0.00,0.00,-0.01,2.649
r,1.00,0.00,0.00,-0.01,2.654
r,1.00,0.00,0.00,-0.01,2.658
r,1.00,0.00,0.00,-0.01,2.662
r,1.00,0.00,0.00,-0.01,2.667
r,1.00,0.00,0.00,-0.01,2.671
r,1.00,0.00,0.00,-0.01,2.674
r,1.00,0.00,0.00,-0.01,2.678
r,1.00,0.00,0.00,-0.01,2.681
r,1.00,0.00,0.00,-0.01,2.685
r,1.00,0.00,0.00,-0.01,2.690
r,1.00,0.00,0.00,-0.01,2.694
r,1.00,0.00,0.00,-0.01,2.700
r,1.00,0.00,0.00,-0.02,2.704
r,1.00,0.00,0.00,-0.02,2.707
r,1.00,0.00,0.00,-0.02,2.711
r,1.00,0.00,0.00,-0.02,2.715
r,1.00,0.00,0.00,-0.02,2.719
r,1.00,0.00,0.00,-0.02,2.723
r,1.00,0.00,0.00,-0.02,2.726
r,1.00,0.00,0.00,-0.02,2.730
r,1.00,0.00,0.00,-0.02,2.735
r,1.00,0.00,0.00,-0.02,2.739
r,1.00,0.00,0.00,-0.02,2.743
r,1.00,0.00,0.00,-0.02,2.747
r,1.00,0.00,0.00,-0.02,2.751
r,1.00,0.00,0.00,-0.02,2.756
r,1.00,0.00,0.00,-0.02,2.760
r,1.00,0.00,0.00,-0.02,2.764
r,1.00,0.00,0.00,-0.02,2.768
r,1.00,0.00,0.00,-0.02,2.771
r,1.00,0.00,0.00,-0.02,2.776
r,1.00,0.00,0.00,-0.02,2.781
r,1.00,0.00,0.00,-0.02,2.784
r,1.00,0.00,0.00,-0.02,2.789
r,1.00,0.00,0.00,-0.02,2.792
r,1.00,0.00,0.00,-0.02,2.796
r,1.00,0.00,0.00,-0.02,2.801
r,1.00,0.00,0.00,-0.02,2.804
r,1.00,0.00,0.00,-0.02,2.807
r,1.00,0.00,0.00,-0.02,2.812
r,1.00,0.00,0.00,-0.02,2.816
r,1.00,0.00,0.00,-0.02,2.820
r,1.00,0.00,0.00,-0.02,2.824
r,1.00,0.00,0.00,-0.02,2.827
r,1.00,0.00,0.00,-0.02,2.831
r,1.00,0.00,0.00,-0.02,2.835
r,1.00,0.00,0.00,-0.02,2.839
r,1.00,0.00,0.00,-0.02,2.844
r,1.00,0.00,0.00,-0.02,2.848
r,1.00,0.00,0.00,-0.02,2.851
r,1.00,0.00,0.00,-0.02,2.855
r,1.00,0.00,0.00,-0.02,2.859
r,1.00,0.00,0.00,-0.02,2.863
r,1.00,0.00,0.00,-0.02,2.867
r,1.00,0.00,0.00,-0.02,2.871
r,1.00,0.00,0.00,-0.02,2.877
r,1.00,0.00,0.00,-0.02,2.881
r,1.00,0.00,0.00,-0.02,2.884
r,1.00,0.00,0.00,-0.02,2.889
r,1.00,0.00,0.00,-0.02,2.893
r,1.00,0.00,0.00,-0.02,2.897
r,1.00,0.00,0.00,-0.02,2.901
r,1.00,0.00,0.00,-0.02,2.905
r,1.00,0.00,0.00,-0.02,2.909
r,1.00,0.00,0.00,-0.02,2.914
r,1.00,0.00,0.00,-0.02,2.918
r,1.00,0.00,0.00,-0.02,2.922
r,1.00,0.00,0.00,-0.02,2.927
r,1.00,0.00,0.00,-0.02,2.931
r,1.00,0.00,0.00,-0.02,2.935
r,1.00,0.00,0.00,-0.02,2.939
r,1.00,0.00,0.00,-0.02,2.941
r,1.00,0.00,0.00,-0.02,2.945
r,1.00,0.00,0.00,-0.02,2.948
r,1.00,0.00,0.00,-0.02,2.952
r,1.00,0.00,0.00,-0.02,2.957
r,1.00,0.00,0.00,-0.02,2.961
r,1.00,0.00,0.00,-0.02,2.966
r,1.00,0.00,0.00,-0.02,2.970
r,1.00,0.00,0.00,-0.02,2.975
r,1.00,0.00,0.00,-0.02,2.979
r,1.00,0.00,0.00,-0.02,2.984
r,1.00,0.00,0.00,-0.02,2.987
r,1.00,0.00,0.00,-0.02,2.991
r,1.00,0.00,0.00,-0.02,2.997
r,1.00,0.00,0.00,-0.02,3.000
r,1.00,0.00,0.00,-0.02,3.004
r,1.00,0.00,0.00,-0.02,3.008
r,1.00,0.00,0.00,-0.02,3.012
r,1.00,0.00,0.00,-0.02,3.017
r,1.00,0.00,0.00,-0.02,3.020
r,1.00,0.00,0.00,-0.02,3.024
r,1.00,0.00,0.00,-0.02,3.028
r,1.00,0.00,0.00,-0.02,3.031
r,1.00,0.00,0.00,-0.02,3.036
r,1.00,0.00,0.00,-0.02,3.040
r,1.00,0.00,0.00,-0.02,3.044
r,1.00,0.00,0.00,-0.02,3.049
r,1.00,0.00,0.00,-0.02,3.052
r,1.00,0.00,0.00,-0.02,3.056
r,1.00,0.00,0.00,-0.02,3.060
r,1.00,0.00,0.00,-0.02,3.063
r,1.00,0.00,0.00,-0.02,3.067
r,1.00,0.00,0.00,-0.02,3.072
r,1.00,0.00,0.00,-0.02,3.076
r,1.00,0.00,0.00,-0.02,3.081
r,1.00,0.00,0.00,-0.02,3.085
r,1.00,0.00,0.00,-0.02,3.090
r,1.00,0.00,0.00,-0.02,3.095
r,1.00,0.00,0.00,-0.02,3.098
r,1.00,0.00,0.00,-0.02,3.102
r,1.00,0.00,0.00,-0.02,3.107
r,1.00,0.00,0.00,-0.02,3.111
r,1.00,0.00,0.00,-0.02,3.116
r,1.00,0.00,0.00,-0.02,3.119
r,1.00,0.00,0.00,-0.02,3.122
r,1.00,0.00,0.00,-0.02,3.126
r,1.00,0.00,0.00,-0.02,3.129
r,1.00,0.00,0.00,-0.02,3.134
r,1.00,0.00,0.00,-0.02,3.138
r,1.00,0.00,0.00,-0.02,3.141
r,1.00,0.00,0.00,-0.02,3.146
r,1.00,0.00,0.00,-0.02,3.150
r,1.00,0.00,0.00,-0.02,3.153
r,1.00,0.00,0.00,-0.02,3.158
r,1.00,0.00,0.00,-0.02,3.162
r,1.00,0.00,0.00,-0.02,3.165
r,1.00,0.00,0.00,-0.02,3.169
r,1.00,0.00,0.00,-0.02,3.172
r,1.00,0.00,0.00,-0.02,3.177
r,1.00,0.00,0.00,-0.02,3.181
r,1.00,0.00,0.00,-0.02,3.185
r,1.00,0.00,0.00,-0.02,3.189
r,1.00,0.00,0.00,-0.02,3.193
r,1.00,0.00,0.00,-0.02,3.197
r,1.00,0.00,0.00,-0.02,3.201
r,1.00,0.00,0.00,-0.02,3.206
r,1.00,0.00,0.00,-0.02,3.209
r,1.00,0.00,0.00,-0.02,3.214
r,1.00,0.00,0.00,-0.02,3.218
r,1.00,0.00,0.00,-0.02,3.222
r,1.00,0.00,0.00,-0.02,3.226
r,1.00,0.00,0.00,-0.02,3.229
r,1.00,0.00,0.00,-0.02,3.235
r,1.00,0.00,0.00,-0.02,3.240
r,1.00,0.00,0.00,-0.02,3.244
r,1.00,0.00,0.00,-0.02,3.248
r,1.00,0.00,0.00,-0.02,3.253
r,1.00,0.00,0.00,-0.02,3.257
r,1.00,0.00,0.00,-0.02,3.261
r,1.00,0.00,0.00,-0.02,3.265
r,1.00,0.00,0.00,-0.02,3.269
r,1.00,0.00,0.00,-0.02,3.273
r,1.00,0.00,0.00,-0.02,3.276
r,1.00,0.00,0.00,-0.02,3.280
r,1.00,0.00,0.00,-0.02,3.284
r,1.00,0.00,0.00,-0.02,3.288
r,1.00,0.00,0.00,-0.02,3.293
r,1.00,0.00,0.00,-0.02,3.297
r,1.00,0.00,0.00,-0.02,3.300
r,1.00,0.00,0.00,-0.02,3.304
r,1.00,0.00,0.00,-0.02,3.308
r,1.00,0.00,0.00,-0.02,3.312
r,1.00,0.00,0.00,-0.02,3.316
r,1.00,0.00,0.00,-0.02,3.319
r,1.00,0.00,0.00,-0.02,3.323
r,1.00,0.00,0.00,-0.02,3.326
r,1.00,0.00,0.00,-0.02,3.330
r,1.00,0.00,0.00,-0.02,3.335
r,1.00,0.00,0.00,-0.02,3.338
r,1.00,0.00,0.00,-0.02,3.342
r,1.00,0.00,0.00,-0.02,3.346
r,1.00,0.00,0.00,-0.02,3.350
r,1.00,0.00,0.00,-0.02,3.358
r,1.00,0.00,0.00,-0.02,3.363
r,1.00,0.00,0.00,-0.02,3.366
r,1.00,0.00,0.00,-0.02,3.371
r,1.00,0.00,0.00,-0.02,3.376
r,1.00,0.00,0.00,-0.02,3.379
r,1.00,0.00,0.00,-0.02,3.383
r,1.00,0.00,0.00,-0.02,3.386
r,1.00,0.00,0.00,-0.02,3.390
r,1.00,0.00,0.00,-0.02,3.394
r,1.00,0.00,0.00,-0.02,3.397
r,1.00,0.00,0.00,-0.02,3.401
r,1.00,0.00,0.00,-0.02,3.406
r,1.00,0.00,0.00,-0.02,3.409
r,1.00,0.00,0.00,-0.02,3.414
r,1.00,0.00,0.00,-0.02,3.417
r,1.00,0.00,0.00,-0.02,3.421
r,1.00,0.00,0.00,-0.02,3.426
r,1.00,0.00,0.00,-0.02,3.429
r,1.00,0.00,0.00,-0.02,3.433
r,1.00,0.00,0.00,-0.02,3.438
r,1.00,0.00,0.00,-0.02,3.441
r,1.00,0.00,0.00,-0.02,3.445
r,1.00,0.00,0.00,-0.02,3.450
r,1.00,0.00,0.00,-0.02,3.454
r,1.00,0.00,0.00,-0.02,3.458
r,1.00,0.00,0.00,-0.02,3.463
r,1.00,0.00,0.00,-0.02,3.466
r,1.00,0.00,0.00,-0.02,3.470
r,1.00,0.00,0.00,-0.02,3.473
r,1.00,0.00,0.00,-0.02,3.478
r,1.00,0.00,0.00,-0.02,3.482
r,1.00,0.00,0.00,-0.02,3.485
r,1.00,0.00,0.00,-0.02,3.490
r,1.00,0.00,0.00,-0.02,3.496
r,1.00,0.00,0.00,-0.02,3.500
r,1.00,0.00,0.00,-0.02,3.504
r,1.00,0.00,0.00,-0.02,3.508
r,1.00,0.00,0.00,-0.02,3.512
r,1.00,0.00,0.00,-0.02,3.517
r,1.00,0.00,0.00,-0.02,3.520
r,1.00,0.00,0.00,-0.02,3.525
r,1.00,0.00,0.00,-0.02,3.529
r,1.00,0.00,0.00,-0.02,3.532
r,1.00,0.00,0.00,-0.02,3.537
r,1.00,0.00,0.00,-0.02,3.541
r,1.00,0.00,0.00,-0.02,3.544
r,1.00,0.00,0.00,-0.02,3.548
r,1.00,0.00,0.00,-0.02,3.552
r,1.00,0.00,0.00,-0.02,3.555
r,1.00,0.00,0.00,-0.02,3.559
r,1.00,0.00,0.00,-0.02,3.562
r,1.00,0.00,0.00,-0.02,3.566
r,1.00,0.00,0.00,-0.02,3.570
r,1.00,0.00,0.00,-0.02,3.572
r,1.00,0.00,0.00,-0.02,3.577
r,1.00,0.00,0.00,-0.02,3.581
r,1.00,0.00,0.00,-0.02,3.584
r,1.00,0.00,0.00,-0.02,3.588
r,1.00,0.00,0.00,-0.02,3.591
r,1.00,0.00,0.00,-0.02,3.596
r,1.00,0.00,0.00,-0.02,3.600
r,1.00,0.00,0.00,-0.02,3.603
r,1.00,0.00,0.00,-0.02,3.607
r,1.00,0.00,0.00,-0.02,3.611
r,1.00,0.00,0.00,-0.02,3.615
r,1.00,0.00,0.00,-0.02,3.619
r,1.00,0.00,0.00,-0.02,3.623
r,1.00,0.00,0.00,-0.02,3.626
r,1.00,0.00,0.00,-0.02,3.630
r,1.00,0.00,0.00,-0.02,3.635
r,1.00,0.00,0.00,-0.02,3.638
r,1.00,0.00,0.00,-0.02,3.642
r,1.00,0.00,0.00,-0.02,3.646
r,1.00,0.00,0.00,-0.02,3.650
r,1.00,0.00,0.00,-0.02,3.655
r,1.00,0.00,0.00,-0.02,3.658
r,1.00,0.00,0.00,-0.02,3.662
r,1.00,0.00,0.00,-0.02,3.667
r,1.00,0.00,0.00,-0.02,3.670
r,1.00,0.00,0.00,-0.02,3.675
r,1.00,0.00,0.00,-0.02,3.679
r,1.00,0.00,0.00,-0.02,3.682
r,1.00,0.00,0.00,-0.02,3.686
r,1.00,0.00,0.00,-0.02,3.690
r,1.00,0.00,0.00,-0.02,3.694
r,1.00,0.00,0.00,-0.02,3.698
r,1.00,0.00,0.00,-0.02,3.701
r,1.00,0.00,0.00,-0.02,3.705
r,1.00,0.00,0.00,-0.02,3.709
r,1.00,0.00,0.00,-0.02,3.713
r,1.00,0.00,0.00,-0.02,3.717
r,1.00,0.00,0.00,-0.02,3.721
r,1.00,0.00,0.00,-0.02,3.724
r,1.00,0.00,0.00,-0.02,3.729
r,1.00,0.00,0.00,-0.02,3.734
r,1.00,0.00,0.00,-0.02,3.737
r,1.00,0.00,0.00,-0.02,3.741
r,1.00,0.00,0.00,-0.02,3.745
r,1.00,0.00,0.00,-0.02,3.748
r,1.00,0.00,0.00,-0.02,3.753
r,1.00,0.00,0.00,-0.02,3.756
r,1.00,0.00,0.00,-0.02,3.760
r,1.00,0.00,0.00,-0.02,3.764
r,1.00,0.00,0.00,-0.02,3.768
r,1.00,0.00,0.00,-0.02,3.773
r,1.00,0.00,0.00,-0.02,3.777
r,1.00,0.00,0.00,-0.02,3.780
r,1.00,0.00,0.00,-0.02,3.784
r,1.00,0.00,0.00,-0.02,3.788
r,1.00,0.00,0.00,-0.02,3.792
r,1.00,0.00,0.00,-0.02,3.796
r,1.00,0.00,0.00,-0.02,3.800
r,1.00,0.00,0.00,-0.02,3.804
r,1.00,0.00,0.00,-0.02,3.809
r,1.00,0.00,0.00,-0.02,3.813
r,1.00,0.00,0.00,-0.02,3.816
r,1.00,0.00,0.00,-0.02,3.820
r,1.00,0.00,0.00,-0.02,3.823
r,1.00,0.00,0.00,-0.02,3.827
r,1.00,0.00,0.00,-0.02,3.832
r,1.00,0.00,0.00,-0.02,3.835
r,1.00,0.00,0.00,-0.02,3.839
r,1.00,0.00,0.00,-0.02,3.844
r,1.00,0.00,0.00,-0.02,3.848
r,1.00,0.00,0.00,-0.02,3.853
r,1.00,0.00,0.00,-0.02,3.857
r,1.00,0.00,0.00,-0.02,3.861
r,1.00,0.00,0.00,-0.02,3.865
r,1.00,0.00,0.00,-0.02,3.869
r,1.00,0.00,0.00,-0.02,3.875
r,1.00,0.00,0.00,-0.02,3.879
r,1.00,0.00,0.00,-0.02,3.883
r,1.00,0.00,0.00,-0.02,3.887
r,1.00,0.00,0.00,-0.02,3.892
r,1.00,0.00,0.00,-0.02,3.896
r,1.00,0.00,0.00,-0.02,3.900
r,1.00,0.00,0.00,-0.02,3.904
r,1.00,0.00,0.00,-0.02,3.907
r,1.00,0.00,0.00,-0.02,3.912
r,1.00,0.00,0.00,-0.02,3.916
r,1.00,0.00,0.00,-0.02,3.919
r,1.00,0.00,0.00,-0.02,3.924
r,1.00,0.00,0.00,-0.02,3.927
r,1.00,0.00,0.00,-0.02,3.932
r,1.00,0.00,0.00,-0.02,3.937
r,1.00,0.00,0.00,-0.02,3.941
r,1.00,0.00,0.00,-0.02,3.945
r,1.00,0.00,0.00,-0.02,3.949
r,1.00,0.00,0.00,-0.02,3.953
r,1.00,0.00,0.00,-0.02,3.958
r,1.00,0.00,0.00,-0.02,3.962
r,1.00,0.00,0.00,-0.02,3.965
r,1.00,0.00,0.00,-0.02,3.969
r,1.00,0.00,0.00,-0.02,3.974
r,1.00,0.00,0.00,-0.02,3.977
r,1.00,0.00,0.00,-0.02,3.982
r,1.00,0.00,0.00,-0.02,3.985
r,1.00,0.00,0.00,-0.02,3.989
r,1.00,0.00,0.00,-0.02,3.994
r,1.00,0.00,0.00,-0.02,3.997
r,1.00,0.00,0.00,-0.02,4.001
r,1.00,0.00,0.00,-0.02,4.005
r,1.00,0.00,0.00,-0.02,4.008
r,1.00,0.00,0.00,-0.02,4.014
r,1.00,0.00,0.00,-0.02,4.018
r,1.00,0.00,0.00,-0.02,4.021
r,1.00,0.00,0.00,-0.02,4.025
r,1.00,0.00,0.00,-0.02,4.029
r,1.00,0.00,0.00,-0.02,4.032
r,1.00,0.00,0.00,-0.02,4.037
r,1.00,0.00,0.00,-0.02,4.040
r,1.00,0.00,0.00,-0.02,4.044
r,1.00,0.00,0.00,-0.02,4.048
r,1.00,0.00,0.00,-0.02,4.051
r,1.00,0.00,0.00,-0.02,4.056
r,1.00,0.00,0.00,-0.02,4.060
r,1.00,0.00,0.00,-0.02,4.063
r,1.00,0.00,0.00,-0.02,4.068
r,1.00,0.00,0.00,-0.02,4.073
r,1.00,0.00,0.00,-0.02,4.076
r,1.00,0.00,0.00,-0.02,4.080
r,1.00,0.00,0.00,-0.02,4.083
r,1.00,0.00,0.00,-0.02,4.088
r,1.00,0.00,0.00,-0.02,4.093
r,1.00,0.00,0.00,-0.02,4.096
r,1.00,0.00,0.00,-0.02,4.101
r,1.00,0.00,0.00,-0.02,4.105
r,1.00,0.00,0.00,-0.02,4.108
r,1.00,0.00,0.00,-0.02,4.113
r,1.00,0.00,0.00,-0.02,4.119
r,1.00,0.00,0.00,-0.02,4.122
r,1.00,0.00,0.00,-0.02,4.125
r,1.00,0.00,0.00,-0.02,4.129
r,1.00,0.00,0.00,-0.02,4.133
r,1.00,0.00,0.00,-0.02,4.136
r,1.00,0.00,0.00,-0.02,4.140
r,1.00,0.00,0.00,-0.02,4.144
r,1.00,0.00,0.00,-0.02,4.148
r,1.00,0.00,0.00,-0.02,4.151
r,1.00,0.00,0.00,-0.02,4.156
r,1.00,0.00,0.00,-0.02,4.160
r,1.00,0.00,0.00,-0.02,4.163
r,1.00,0.00,0.00,-0.02,4.168
r,1.00,0.00,0.00,-0.02,4.173
r,1.00,0.00,0.00,-0.02,4.176
r,1.00,0.00,0.00,-0.02,4.181
r,1.00,0.00,0.00,-0.02,4.186
r,1.00,0.00,0.00,-0.02,4.189
r,1.00,0.00,0.00,-0.02,4.194
r,1.00,0.00,0.00,-0.02,4.198
r,1.00,0.00,0.00,-0.02,4.200
r,1.00,0.00,0.00,-0.02,4.204
r,1.00,0.00,0.00,-0.02,4.208
r,1.00,0.00,0.00,-0.02,4.214
r,1.00,0.00,0.00,-0.02,4.218
r,1.00,0.00,0.00,-0.02,4.222
r,1.00,0.00,0.00,-0.02,4.226
r,1.00,0.00,0.00,-0.02,4.231
r,1.00,0.00,0.00,-0.02,4.235
r,1.00,0.00,0.00,-0.02,4.238
r,1.00,0.00,0.00,-0.02,4.242
r,1.00,0.00,0.00,-0.02,4.245
r,1.00,0.00,0.00,-0.02,4.250
r,1.00,0.00,0.00,-0.02,4.255
r,1.00,0.00,0.00,-0.02,4.258
r,1.00,0.00,0.00,-0.02,4.262
r,1.00,0.00,0.00,-0.02,4.265
r,1.00,0.00,0.00,-0.02,4.269
r,1.00,0.00,0.00,-0.02,4.274
r,1.00,0.00,0.00,-0.02,4.277
r,1.00,0.00,0.00,-0.02,4.281
r,1.00,0.00,0.00,-0.02,4.285
r,1.00,0.00,0.00,-0.02,4.288
r,1.00,0.00,0.00,-0.02,4.293
r,1.00,0.00,0.00,-0.02,4.297
r,1.00,0.00,0.00,-0.02,4.301
r,1.00,0.00,0.00,-0.02,4.305
r,1.00,0.00,0.00,-0.02,4.309
r,1.00,0.00,0.00,-0.02,4.313
r,1.00,0.00,0.00,-0.02,4.317
r,1.00,0.00,0.00,-0.02,4.320
r,1.00,0.00,0.00,-0.02,4.325
r,1.00,0.00,0.00,-0.02,4.329
r,1.00,0.00,0.00,-0.02,4.333
r,1.00,0.00,0.00,-0.02,4.337
r,1.00,0.00,0.00,-0.02,4.341
r,1.00,0.00,0.00,-0.02,4.344
r,1.00,0.00,0.00,-0.02,4.348
r,1.00,0.00,0.00,-0.02,4.352
r,1.00,0.00,0.00,-0.02,4.356
r,1.00,0.00,0.00,-0.02,4.360
r,1.00,0.00,0.00,-0.02,4.364
r,1.00,0.00,0.00,-0.02,4.367
r,1.00,0.00,0.00,-0.02,4.372
r,1.00,0.00,0.00,-0.02,4.376
r,1.00,0.00,0.00,-0.02,4.379
r,1.00,0.00,0.00,-0.02,4.383
r,1.00,0.00,0.00,-0.02,4.386
r,1.00,0.00,0.00,-0.02,4.390
r,1.00,0.00,0.00,-0.02,4.395
r,1.00,0.00,0.00,-0.02,4.399
r,1.00,0.00,0.00,-0.02,4.403
r,1.00,0.00,0.00,-0.02,4.407
r,1.00,0.00,0.00,-0.02,4.410
r,1.00,0.00,0.00,-0.02,4.415
r,1.00,0.00,0.00,-0.02,4.419
r,1.00,0.00,0.00,-0.02,4.423
r,1.00,0.00,0.00,-0.02,4.427
r,1.00,0.00,0.00,-0.02,4.432
r,1.00,0.00,0.00,-0.02,4.435
r,1.00,0.00,0.00,-0.02,4.439
r,1.00,0.00,0.00,-0.02,4.442
r,1.00,0.00,0.00,-0.02,4.446
r,1.00,0.00,0.00,-0.02,4.451
r,1.00,0.00,0.00,-0.02,4.454
r,1.00,0.00,0.00,-0.02,4.458
r,1.00,0.00,0.00,-0.02,4.463
r,1.00,0.00,0.00,-0.02,4.467
r,1.00,0.00,0.00,-0.02,4.472
r,1.00,0.00,0.00,-0.02,4.475
r,1.00,0.00,0.00,-0.02,4.478
r,1.00,0.00,0.00,-0.02,4.482
r,1.00,0.00,0.00,-0.02,4.486
r,1.00,0.00,0.00,-0.02,4.490
r,1.00,0.00,0.00,-0.02,4.495
r,1.00,0.00,0.00,-0.02,4.499
r,1.00,0.00,0.00,-0.02,4.502
r,1.00,0.00,0.00,-0.02,4.506
r,1.00,0.00,0.00,-0.02,4.509
r,1.00,0.00,0.00,-0.02,4.514
r,1.00,0.00,0.00,-0.02,4.518
r,1.00,0.00,0.00,-0.02,4.521
r,1.00,0.00,0.00,-0.02,4.525
r,1.00,0.00,0.00,-0.02,4.530
r,1.00,0.00,0.00,-0.02,4.534
r,1.00,0.00,0.00,-0.02,4.538
r,1.00,0.00,0.00,-0.02,4.543
r,1.00,0.00,0.00,-0.02,4.546
r,1.00,0.00,0.00,-0.02,4.550
r,1.00,0.00,0.00,-0.02,4.555
r,1.00,0.00,0.00,-0.02,4.558
r,1.00,0.00,0.00,-0.02,4.562
r,1.00,0.00,0.00,-0.02,4.566
r,1.00,0.00,0.00,-0.02,4.569
r,1.00,0.00,0.00,-0.02,4.573
r,1.00,0.00,0.00,-0.02,4.576
r,1.00,0.00,0.00,-0.02,4.580
r,1.00,0.00,0.00,-0.02,4.585
r,1.00,0.00,0.00,-0.02,4.588
r,1.00,0.00,0.00,-0.02,4.593
r,1.00,0.00,0.00,-0.02,4.597
r,1.00,0.00,0.00,-0.02,4.600
r,1.00,0.00,0.00,-0.02,4.604
r,1.00,0.00,0.00,-0.02,4.608
r,1.00,0.00,0.00,-0.02,4.612
r,1.00,0.00,0.00,-0.02,4.616
r,1.00,0.00,0.00,-0.02,4.621
r,1.00,0.00,0.00,-0.02,4.624
r,1.00,0.00,0.00,-0.02,4.628
r,1.00,0.00,0.00,-0.02,4.637
r,1.00,0.00,0.00,-0.02,4.640
r,1.00,0.00,0.00,-0.02,4.644
r,1.00,0.00,0.00,-0.02,4.647
r,1.00,0.00,0.00,-0.02,4.652
r,1.00,0.00,0.00,-0.02,4.657
r,1.00,0.00,0.00,-0.02,4.660
r,1.00,0.00,0.00,-0.02,4.665
r,1.00,0.00,0.00,-0.02,4.669
r,1.00,0.00,0.00,-0.02,4.673
r,1.00,0.00,0.00,-0.02,4.677
r,1.00,0.00,0.00,-0.02,4.681
r,1.00,0.00,0.00,-0.02,4.684
r,1.00,0.00,0.00,-0.02,4.688
r,1.00,0.00,0.00,-0.02,4.693
r,1.00,0.00,0.00,-0.02,4.696
r,1.00,0.00,0.00,-0.02,4.700
r,1.00,0.00,0.00,-0.02,4.704
r,1.00,0.00,0.00,-0.02,4.708
r,1.00,0.00,0.00,-0.02,4.713
r,1.00,0.00,0.00,-0.02,4.716
r,1.00,0.00,0.00,-0.02,4.720
r,1.00,0.00,0.00,-0.02,4.725
r,1.00,0.00,0.00,-0.02,4.728
r,1.00,0.00,0.00,-0.02,4.734
r,1.00,0.00,0.00,-0.02,4.738
r,1.00,0.00,0.00,-0.02,4.741
r,1.00,0.00,0.00,-0.02,4.744
r,1.00,0.00,0.00,-0.02,4.747
r,1.00,0.00,0.00,-0.02,4.752
r,1.00,0.00,0.00,-0.02,4.756
r,1.00,0.00,0.00,-0.02,4.759
r,1.00,0.00,0.00,-0.02,4.763
r,1.00,0.00,0.00,-0.02,4.767
r,1.00,0.00,0.00,-0.02,4.770
r,1.00,0.00,0.00,-0.02,4.775
r,1.00,0.00,0.00,-0.02,4.779
r,1.00,0.00,0.00,-0.02,4.782
r,1.00,0.00,0.00,-0.02,4.787
r,1.00,0.00,0.00,-0.02,4.792
r,1.00,0.00,0.00,-0.02,4.795
r,1.00,0.00,0.00,-0.02,4.800
r,1.00,0.00,0.00,-0.02,4.804
r,1.00,0.00,0.00,-0.02,4.808
r,1.00,0.00,0.00,-0.02,4.813
r,1.00,0.00,0.00,-0.02,4.817
r,1.00,0.00,0.00,-0.02,4.822
r,1.00,0.00,0.00,-0.02,4.826
r,1.00,0.00,0.00,-0.02,4.829
r,1.00,0.00,0.00,-0.02,4.834
r,1.00,0.00,0.00,-0.02,4.838
r,1.00,0.00,0.00,-0.02,4.842
r,1.00,0.00,0.00,-0.02,4.846
r,1.00,0.00,0.00,-0.02,4.850
r,1.00,0.00,0.00,-0.02,4.854
r,1.00,0.00,0.00,-0.02,4.858
r,1.00,0.00,0.00,-0.02,4.863
r,1.00,0.00,0.00,-0.02,4.866
r,1.00,0.00,0.00,-0.02,4.871
r,1.00,0.00,0.00,-0.02,4.874
r,1.00,0.00,0.00,-0.02,4.878
r,1.00,0.00,0.00,-0.02,4.882
r,1.00,0.00,0.00,-0.02,4.885
r,1.00,0.00,0.00,-0.02,4.889
r,1.00,0.00,0.00,-0.02,4.895
r,1.00,0.00,0.00,-0.02,4.899
r,1.00,0.00,0.00,-0.02,4.904
r,1.00,0.00,0.00,-0.02,4.908
r,1.00,0.00,0.00,-0.02,4.912
r,1.00,0.00,0.00,-0.02,4.917
r,1.00,0.00,0.00,-0.02,4.922
r,1.00,0.00,0.00,-0.02,4.925
r,1.00,0.00,0.00,-0.02,4.929
r,1.00,0.00,0.00,-0.02,4.933
r,1.00,0.00,0.00,-0.02,4.936
r,1.00,0.00,0.00,-0.02,4.940
r,1.00,0.00,0.00,-0.02,4.944
r,1.00,0.00,0.00,-0.02,4.949
r,1.00,0.00,0.00,-0.02,4.954
r,1.00,0.00,0.00,-0.02,4.956
r,1.00,0.00,0.00,-0.02,4.960
r,1.00,0.00,0.00,-0.02,4.965
r,1.00,0.00,0.00,-0.02,4.968
r,1.00,0.00,0.00,-0.02,4.972
r,1.00,0.00,0.00,-0.02,4.976
r,1.00,0.00,0.00,-0.03,4.979
r,1.00,0.00,0.00,-0.03,4.983
r,1.00,0.00,0.00,-0.03,4.987
r,1.00,0.00,0.00,-0.03,4.990
r,1.00,0.00,0.00,-0.03,4.995
r,1.00,0.00,0.00,-0.03,4.998
r,1.00,0.00,0.00,-0.03,5.003
r,1.00,0.00,0.00,-0.03,5.007
r,1.00,0.00,0.00,-0.03,5.011
r,1.00,0.00,0.00,-0.03,5.015
r,1.00,0.00,0.00,-0.03,5.019
r,1.00,0.00,0.00,-0.03,5.022
r,1.00,0.00,0.00,-0.03,5.027
r,1.00,0.00,0.00,-0.03,5.032
r,1.00,0.00,0.00,-0.03,5.035
r,1.00,0.00,0.00,-0.03,5.040
r,1.00,0.00,0.00,-0.03,5.043
r,1.00,0.00,0.00,-0.03,5.047
r,1.00,0.00,0.00,-0.03,5.053
r,1.00,0.00,0.00,-0.03,5.056
r,1.00,0.00,0.00,-0.03,5.059
r,1.00,0.00,0.00,-0.03,5.063
r,1.00,0.00,0.00,-0.03,5.066
r,1.00,0.00,0.00,-0.03,5.070
r,1.00,0.00,0.00,-0.03,5.074
r,1.00,0.00,0.00,-0.03,5.078
r,1.00,0.00,0.00,-0.03,5.082
r,1.00,0.00,0.00,-0.03,5.086
r,1.00,0.00,0.00,-0.03,5.091
r,1.00,0.00,0.00,-0.03,5.095
r,1.00,0.00,0.00,-0.03,5.099
r,1.00,0.00,0.00,-0.03,5.104
r,1.00,0.00,0.00,-0.03,5.106
r,1.00,0.00,0.00,-0.03,5.111
r,1.00,0.00,0.00,-0.03,5.117
r,1.00,0.00,0.00,-0.03,5.120
r,1.00,0.00,0.00,-0.03,5.124
r,1.00,0.00,0.00,-0.03,5.129
r,1.00,0.00,0.00,-0.03,5.133
r,1.00,0.00,0.00,-0.03,5.137
r,1.00,0.00,0.00,-0.03,5.141
r,1.00,0.00,0.00,-0.03,5.146
r,1.00,0.00,0.00,-0.03,5.153
r,1.00,0.00,0.00,-0.03,5.156
r,1.00,0.00,0.00,-0.03,5.160
r,1.00,0.00,0.00,-0.03,5.164
r,1.00,0.00,0.00,-0.03,5.168
r,1.00,0.00,0.00,-0.03,5.173
r,1.00,0.00,0.00,-0.03,5.177
r,1.00,0.00,0.00,-0.03,5.181
r,1.00,0.00,0.00,-0.03,5.185
r,1.00,0.00,0.00,-0.03,5.189
r,1.00,0.00,0.00,-0.03,5.194
r,1.00,0.00,0.00,-0.03,5.198
r,1.00,0.00,0.00,-0.03,5.201
r,1.00,0.00,0.00,-0.03,5.205
r,1.00,0.00,0.00,-0.03,5.209
r,1.00,0.00,0.00,-0.03,5.213
r,1.00,0.00,0.00,-0.03,5.218
r,1.00,0.00,0.00,-0.03,5.223
r,1.00,0.00,0.00,-0.03,5.226
r,1.00,0.00,0.00,-0.03,5.231
r,1.00,0.00,0.00,-0.03,5.234
r,1.00,0.00,0.00,-0.03,5.239
r,1.00,0.00,0.00,-0.03,5.244
r,1.00,0.00,0.00,-0.03,5.247
r,1.00,0.00,0.00,-0.03,5.251
r,1.00,0.00,0.00,-0.03,5.255
r,1.00,0.00,0.00,-0.03,5.258
r,1.00,0.00,0.00,-0.03,5.263
r,1.00,0.00,0.00,-0.03,5.267
r,1.00,0.00,0.00,-0.03,5.271
r,1.00,0.00,0.00,-0.03,5.275
r,1.00,0.00,0.00,-0.03,5.278
r,1.00,0.00,0.00,-0.03,5.283
r,1.00,0.00,0.00,-0.03,5.287
r,1.00,0.00,0.00,-0.03,5.291
r,1.00,0.00,0.00,-0.03,5.295
r,1.00,0.00,0.00,-0.03,5.299
r,1.00,0.00,0.00,-0.03,5.303
r,1.00,0.00,0.00,-0.03,5.307
r,1.00,0.00,0.00,-0.03,5.313
r,1.00,0.00,0.00,-0.03,5.316
r,1.00,0.00,0.00,-0.03,5.320
r,1.00,0.00,0.00,-0.03,5.323
r,1.00,0.00,0.00,-0.03,5.327
r,1.00,0.00,0.00,-0.03,5.332
r,1.00,0.00,0.00,-0.03,5.336
r,1.00,0.00,0.00,-0.03,5.340
r,1.00,0.00,0.00,-0.03,5.344
r,1.00,0.00,0.00,-0.03,5.347
r,1.00,0.00,0.00,-0.03,5.351
r,1.00,0.00,0.00,-0.03,5.355
r,1.00,0.00,0.00,-0.03,5.358
r,1.00,0.00,0.00,-0.03,5.362
r,1.00,0.00,0.00,-0.03,5.366
r,1.00,0.00,0.00,-0.03,5.371
r,1.00,0.00,0.00,-0.03,5.375
r,1.00,0.00,0.00,-0.03,5.378
r,1.00,0.00,0.00,-0.03,5.382
r,1.00,0.00,0.00,-0.03,5.386
r,1.00,0.00,0.00,-0.03,5.390
r,1.00,0.00,0.00,-0.03,5.394
r,1.00,0.00,0.00,-0.03,5.398
r,1.00,0.00,0.00,-0.03,5.401
r,1.00,0.00,0.00,-0.03,5.405
r,1.00,0.00,0.00,-0.03,5.410
r,1.00,0.00,0.00,-0.03,5.414
r,1.00,0.00,0.00,-0.03,5.419
r,1.00,0.00,0.00,-0.03,5.422
r,1.00,0.00,0.00,-0.03,5.425
r,1.00,0.00,0.00,-0.03,5.429
r,1.00,0.00,0.00,-0.03,5.433
r,1.00,0.00,0.00,-0.03,5.437
r,1.00,0.00,0.00,-0.03,5.441
r,1.00,0.00,0.00,-0.03,5.445
r,1.00,0.00,0.00,-0.03,5.450
r,1.00,0.00,0.00,-0.03,5.453
r,1.00,0.00,0.00,-0.03,5.458
r,1.00,0.00,0.00,-0.03,5.462
r,1.00,0.00,0.00,-0.03,5.466
r,1.00,0.00,0.00,-0.03,5.472
r,1.00,0.00,0.00,-0.03,5.476
r,1.00,0.00,0.00,-0.03,5.479
r,1.00,0.00,0.00,-0.03,5.484
r,1.00,0.00,0.00,-0.03,5.488
r,1.00,0.00,0.00,-0.03,5.492
r,1.00,0.00,0.00,-0.03,5.496
r,1.00,0.00,0.00,-0.03,5.499
r,1.00,0.00,0.00,-0.03,5.503
r,1.00,0.00,0.00,-0.03,5.507
r,1.00,0.00,0.00,-0.03,5.511
r,1.00,0.00,0.00,-0.03,5.515
r,1.00,0.00,0.00,-0.03,5.520
r,1.00,0.00,0.00,-0.03,5.523
r,1.00,0.00,0.00,-0.03,5.527
r,1.00,0.00,0.00,-0.03,5.532
r,1.00,0.00,0.00,-0.03,5.535
r,1.00,0.00,0.00,-0.03,5.540
r,1.00,0.00,0.00,-0.03,5.543
r,1.00,0.00,0.00,-0.03,5.548
r,1.00,0.00,0.00,-0.03,5.552
r,1.00,0.00,0.00,-0.03,5.555
r,1.00,0.00,0.00,-0.03,5.559
r,1.00,0.00,0.00,-0.03,5.563
r,1.00,0.00,0.00,-0.03,5.566
r,1.00,0.00,0.00,-0.03,5.571
r,1.00,0.00,0.00,-0.03,5.575
r,1.00,0.00,0.00,-0.03,5.578
r,1.00,0.00,0.00,-0.03,5.582
r,1.00,0.00,0.00,-0.03,5.585
r,1.00,0.00,0.00,-0.03,5.590
r,1.00,0.00,0.00,-0.03,5.594
r,1.00,0.00,0.00,-0.03,5.598
r,1.00,0.00,0.00,-0.03,5.602
r,1.00,0.00,0.00,-0.03,5.606
r,1.00,0.00,0.00,-0.03,5.610
r,1.00,0.00,0.00,-0.03,5.614
r,1.00,0.00,0.00,-0.03,5.618
r,1.00,0.00,0.00,-0.03,5.621
r,1.00,0.00,0.00,-0.03,5.626
r,1.00,0.00,0.00,-0.03,5.630
r,1.00,0.00,0.00,-0.03,5.634
r,1.00,0.00,0.00,-0.03,5.638
r,1.00,0.00,0.00,-0.03,5.641
r,1.00,0.00,0.00,-0.03,5.645
r,1.00,0.00,0.00,-0.03,5.649
r,1.00,0.00,0.00,-0.03,5.652
r,1.00,0.00,0.00,-0.03,5.657
r,1.00,0.00,0.00,-0.03,5.661
r,1.00,0.00,0.00,-0.03,5.665
r,1.00,0.00,0.00,-0.03,5.671
r,1.00,0.00,0.00,-0.03,5.675
r,1.00,0.00,0.00,-0.03,5.679
r,1.00,0.00,0.00,-0.03,5.683
r,1.00,0.00,0.00,-0.03,5.685
r,1.00,0.00,0.00,-0.03,5.690
r,1.00,0.00,0.00,-0.03,5.694
r,1.00,0.00,0.00,-0.03,5.697
r,1.00,0.00,0.00,-0.03,5.701
r,1.00,0.00,0.00,-0.03,5.705
r,1.00,0.00,0.00,-0.03,5.709
r,1.00,0.00,0.00,-0.03,5.713
r,1.00,0.00,0.00,-0.03,5.716
r,1.00,0.00,0.00,-0.03,5.720
r,1.00,0.00,0.00,-0.03,5.724
r,1.00,0.00,0.00,-0.03,5.728
r,1.00,0.00,0.00,-0.03,5.733
r,1.00,0.00,0.00,-0.03,5.737
r,1.00,0.00,0.00,-0.03,5.740
r,1.00,0.00,0.00,-0.03,5.745
r,1.00,0.00,0.00,-0.03,5.749
r,1.00,0.00,0.00,-0.03,5.753
r,1.00,0.00,0.00,-0.03,5.758
r,1.00,0.00,0.00,-0.03,5.762
r,1.00,0.00,0.00,-0.03,5.766
r,1.00,0.00,0.00,-0.03,5.771
r,1.00,0.00,0.00,-0.03,5.775
r,1.00,0.00,0.00,-0.03,5.780
r,1.00,0.00,0.00,-0.03,5.784
r,1.00,0.00,0.00,-0.03,5.788
r,1.00,0.00,0.00,-0.03,5.792
r,1.00,0.00,0.00,-0.03,5.796
r,1.00,0.00,0.00,-0.03,5.800
r,1.00,0.00,0.00,-0.03,5.805
r,1.00,0.00,0.00,-0.03,5.810
r,1.00,0.00,0.00,-0.03,5.815
r,1.00,0.00,0.00,-0.03,5.820
r,1.00,0.00,0.00,-0.03,5.823
r,1.00,0.00,0.00,-0.03,5.827
r,1.00,0.00,0.00,-0.03,5.832
r,1.00,0.00,0.00,-0.03,5.835
r,1.00,0.00,0.00,-0.03,5.840
r,1.00,0.00,0.00,-0.03,5.844
r,1.00,0.00,0.00,-0.03,5.848
r,1.00,0.00,0.00,-0.03,5.852
r,1.00,0.00,0.00,-0.03,5.856
r,1.00,0.00,0.00,-0.03,5.860
r,1.00,0.00,0.00,-0.03,5.864
r,1.00,0.00,0.00,-0.03,5.869
r,1.00,0.00,0.00,-0.03,5.874
r,1.00,0.00,0.00,-0.03,5.878
r,1.00,0.00,0.00,-0.03,5.881
r,1.00,0.00,0.00,-0.03,5.885
r,1.00,0.00,0.00,-0.03,5.890
r,1.00,0.00,0.00,-0.03,5.893
r,1.00,0.00,0.00,-0.03,5.898
r,1.00,0.00,0.00,-0.03,5.902
r,1.00,0.00,0.00,-0.03,5.905
r,1.00,0.00,0.00,-0.03,5.910
r,1.00,0.00,0.00,-0.03,5.914
r,1.00,0.00,0.00,-0.03,5.917
r,1.00,0.00,0.00,-0.03,5.921
r,1.00,0.00,0.00,-0.03,5.925
r,1.00,0.00,0.00,-0.03,5.931
r,1.00,0.00,0.00,-0.03,5.935
r,1.00,0.00,0.00,-0.03,5.938
r,1.00,0.00,0.00,-0.03,5.942
r,1.00,0.00,0.00,-0.03,5.946
r,1.00,0.00,0.00,-0.03,5.950
r,1.00,0.00,0.00,-0.03,5.954
r,1.00,0.00,0.00,-0.03,5.958
r,1.00,0.00,0.00,-0.03,5.962
r,1.00,0.00,0.00,-0.03,5.966
r,1.00,0.00,0.00,-0.03,5.971
r,1.00,0.00,0.00,-0.03,5.974
r,1.00,0.00,0.00,-0.03,5.978
r,1.00,0.00,0.00,-0.03,5.981
r,1.00,0.00,0.00,-0.03,5.985
r,1.00,0.00,0.00,-0.03,5.990
r,1.00,0.00,0.00,-0.03,5.993
r,1.00,0.00,0.00,-0.03,5.997
r,1.00,0.00,0.00,-0.03,6.002
r,1.00,0.00,0.00,-0.03,6.005
r,1.00,0.00,0.00,-0.03,6.010
r,1.00,0.00,0.00,-0.03,6.014
r,1.00,0.00,0.00,-0.03,6.017
r,1.00,0.00,0.00,-0.03,6.022
r,1.00,0.00,0.00,-0.03,6.025
r,1.00,0.00,0.00,-0.03,6.031
r,1.00,0.00,0.00,-0.03,6.035
r,1.00,0.00,0.00,-0.03,6.038
r,1.00,0.00,0.00,-0.03,6.041
r,1.00,0.00,0.00,-0.03,6.045
r,1.00,0.00,0.00,-0.03,6.049
r,1.00,0.00,0.00,-0.03,6.052
r,1.00,0.00,0.00,-0.03,6.056
r,1.00,0.00,0.00,-0.03,6.060
r,1.00,0.00,0.00,-0.03,6.064
r,1.00,0.00,0.00,-0.03,6.069
r,1.00,0.00,0.00,-0.03,6.072
r,1.00,0.00,0.00,-0.03,6.076
r,1.00,0.00,0.00,-0.03,6.079
r,1.00,0.00,0.00,-0.03,6.084
r,1.00,0.00,0.00,-0.03,6.089
r,1.00,0.00,0.00,-0.03,6.092
r,1.00,0.00,0.00,-0.03,6.096
r,1.00,0.00,0.00,-0.03,6.100
r,1.00,0.00,0.00,-0.03,6.103
r,1.00,0.00,0.00,-0.03,6.107
r,1.00,0.00,0.00,-0.03,6.112
r,1.00,0.00,0.00,-0.03,6.115
r,1.00,0.00,0.00,-0.03,6.120
r,1.00,0.00,0.00,-0.03,6.125
r,1.00,0.00,0.00,-0.03,6.130
r,1.00,0.00,0.00,-0.03,6.134
r,1.00,0.00,0.00,-0.03,6.137
r,1.00,0.00,0.00,-0.03,6.142
r,1.00,0.00,0.00,-0.03,6.146
r,1.00,0.00,0.00,-0.03,6.150
r,1.00,0.00,0.00,-0.03,6.154
r,1.00,0.00,0.00,-0.03,6.158
r,1.00,0.00,0.00,-0.03,6.162
r,1.00,0.00,0.00,-0.03,6.166
r,1.00,0.00,0.00,-0.03,6.170
r,1.00,0.00,0.00,-0.03,6.174
r,1.00,0.00,0.00,-0.03,6.178
r,1.00,0.00,0.00,-0.03,6.182
r,1.00,0.00,0.00,-0.03,6.186
r,1.00,0.00,0.00,-0.03,6.192
r,1.00,0.00,0.00,-0.03,6.195
r,1.00,0.00,0.00,-0.03,6.199
r,1.00,0.00,0.00,-0.03,6.203
r,1.00,0.00,0.00,-0.03,6.206
r,1.00,0.00,0.00,-0.03,6.210
r,1.00,0.00,0.00,-0.03,6.214
r,1.00,0.00,0.00,-0.03,6.217
r,1.00,0.00,0.00,-0.03,6.222
r,1.00,0.00,0.00,-0.03,6.227
r,1.00,0.00,0.00,-0.03,6.231
r,1.00,0.00,0.00,-0.03,6.234
r,1.00,0.00,0.00,-0.03,6.238
r,1.00,0.00,0.00,-0.03,6.242
r,1.00,0.00,0.00,-0.03,6.246
r,1.00,0.00,0.00,-0.03,6.250
r,1.00,0.00,0.00,-0.03,6.253
r,1.00,0.00,0.00,-0.03,6.257
r,1.00,0.00,0.00,-0.03,6.260
r,1.00,0.00,0.00,-0.03,6.264
r,1.00,0.00,0.00,-0.03,6.269
r,1.00,0.00,0.00,-0.03,6.272
r,1.00,0.00,0.00,-0.03,6.276
r,1.00,0.00,0.00,-0.03,6.280
r,1.00,0.00,0.00,-0.03,6.284
r,1.00,0.00,0.00,-0.03,6.289
r,1.00,0.00,0.00,-0.03,6.293
r,1.00,0.00,0.00,-0.03,6.296
r,1.00,0.00,0.00,-0.03,6.301
r,1.00,0.00,0.00,-0.03,6.305
r,1.00,0.00,0.00,-0.03,6.309
r,1.00,0.00,0.00,-0.03,6.313
r,1.00,0.00,0.00,-0.03,6.316
r,1.00,0.00,0.00,-0.03,6.320
r,1.00,0.00,0.00,-0.03,6.324
r,1.00,0.00,0.00,-0.03,6.328
r,1.00,0.00,0.00,-0.03,6.332
r,1.00,0.00,0.00,-0.03,6.336
r,1.00,0.00,0.00,-0.03,6.339
r,1.00,0.00,0.00,-0.03,6.343
r,1.00,0.00,0.00,-0.03,6.347
r,1.00,0.00,0.00,-0.03,6.351
r,1.00,0.00,0.00,-0.03,6.355
r,1.00,0.00,0.00,-0.03,6.360
r,1.00,0.00,0.00,-0.03,6.363
r,1.00,0.00,0.00,-0.03,6.368
r,1.00,0.00,0.00,-0.03,6.371
r,1.00,0.00,0.00,-0.03,6.375
r,1.00,0.00,0.00,-0.03,6.380
r,1.00,0.00,0.00,-0.03,6.383
r,1.00,0.00,0.00,-0.03,6.388
r,1.00,0.00,0.00,-0.03,6.392
r,1.00,0.00,0.00,-0.03,6.396
r,1.00,0.00,0.00,-0.03,6.400
r,1.00,0.00,0.00,-0.03,6.404
r,1.00,0.00,0.00,-0.03,6.407
r,1.00,0.00,0.00,-0.03,6.411
r,1.00,0.00,0.00,-0.03,6.415
r,1.00,0.00,0.00,-0.03,6.419
r,1.00,0.00,0.00,-0.03,6.424
r,1.00,0.00,0.00,-0.03,6.429
r,1.00,0.00,0.00,-0.03,6.431
r,1.00,0.00,0.00,-0.03,6.435
r,1.00,0.00,0.00,-0.03,6.438
r,1.00,0.00,0.00,-0.03,6.442
r,1.00,0.00,0.00,-0.03,6.447
r,1.00,0.00,0.00,-0.03,6.451
r,1.00,0.00,0.00,-0.03,6.455
r,1.00,0.00,0.00,-0.03,6.460
r,1.00,0.00,0.00,-0.03,6.463
r,1.00,0.00,0.00,-0.03,6.468
r,1.00,0.00,0.00,-0.03,6.472
r,1.00,0.00,0.00,-0.03,6.475
r,1.00,0.00,0.00,-0.03,6.479
r,1.00,0.00,0.00,-0.03,6.484
r,1.00,0.00,0.00,-0.03,6.488
r,1.00,0.00,0.00,-0.03,6.493
r,1.00,0.00,0.00,-0.03,6.497
r,1.00,0.00,0.00,-0.03,6.501
r,1.00,0.00,0.00,-0.03,6.505
r,1.00,0.00,0.00,-0.03,6.509
r,1.00,0.00,0.00,-0.03,6.513
r,1.00,0.00,0.00,-0.03,6.517
r,1.00,0.00,0.00,-0.03,6.520
r,1.00,0.00,0.00,-0.03,6.524
r,1.00,0.00,0.00,-0.03,6.529
r,1.00,0.00,0.00,-0.03,6.532
r,1.00,0.00,0.00,-0.03,6.537
r,1.00,0.00,0.00,-0.03,6.542
r,1.00,0.00,0.00,-0.03,6.545
r,1.00,0.00,0.00,-0.03,6.549
r,1.00,0.00,0.00,-0.03,6.553
r,1.00,0.00,0.00,-0.03,6.556
r,1.00,0.00,0.00,-0.03,6.560
r,1.00,0.00,0.00,-0.03,6.563
r,1.00,0.00,0.00,-0.03,6.569
r,1.00,0.00,0.00,-0.03,6.573
r,1.00,0.00,0.00,-0.03,6.576
r,1.00,0.00,0.00,-0.03,6.581
r,1.00,0.00,0.00,-0.03,6.585
r,1.00,0.00,0.00,-0.03,6.589
r,1.00,0.00,0.00,-0.03,6.593
r,1.00,0.00,0.00,-0.03,6.597
r,1.00,0.00,0.00,-0.03,6.600
r,1.00,0.00,0.00,-0.03,6.604
r,1.00,0.00,0.00,-0.03,6.609
r,1.00,0.00,0.00,-0.03,6.612
r,1.00,0.00,0.00,-0.03,6.616
r,1.00,0.00,0.00,-0.03,6.620
r,1.00,0.00,0.00,-0.03,6.623
r,1.00,0.00,0.00,-0.03,6.628
r,1.00,0.00,0.00,-0.03,6.631
r,1.00,0.00,0.00,-0.03,6.635
r,1.00,0.00,0.00,-0.03,6.639
r,1.00,0.00,0.00,-0.03,6.642
r,1.00,0.00,0.00,-0.03,6.646
r,1.00,0.00,0.00,-0.03,6.652
r,1.00,0.00,0.00,-0.03,6.655
r,1.00,0.00,0.00,-0.03,6.659
r,1.00,0.00,0.00,-0.03,6.663
r,1.00,0.00,0.00,-0.03,6.666
r,1.00,0.00,0.00,-0.03,6.671
r,1.00,0.00,0.00,-0.03,6.676
r,1.00,0.00,0.00,-0.03,6.679
r,1.00,0.00,0.00,-0.03,6.683
r,1.00,0.00,0.00,-0.03,6.688
r,1.00,0.00,0.00,-0.03,6.691
r,1.00,0.00,0.00,-0.03,6.696
r,1.00,0.00,0.00,-0.03,6.699
r,1.00,0.00,0.00,-0.03,6.703
r,1.00,0.00,0.00,-0.04,6.707
r,1.00,0.00,0.00,-0.04,6.713
r,1.00,0.00,0.00,-0.04,6.718
r,1.00,0.00,0.00,-0.04,6.723
r,1.00,0.00,0.00,-0.04,6.727
r,1.00,0.00,0.00,-0.04,6.731
r,1.00,0.00,0.00,-0.04,6.736
r,1.00,0.00,0.00,-0.04,6.739
r,1.00,0.00,0.00,-0.04,6.744
r,1.00,0.00,0.00,-0.04,6.750
r,1.00,0.00,0.00,-0.04,6.753
r,1.00,0.00,0.00,-0.04,6.757
r,1.00,0.00,0.00,-0.04,6.760
r,1.00,0.00,0.00,-0.04,6.765
r,1.00,0.00,0.00,-0.04,6.769
r,1.00,0.00,0.00,-0.04,6.773
r,1.00,0.00,0.00,-0.04,6.777
r,1.00,0.00,0.00,-0.04,6.781
r,1.00,0.00,0.00,-0.04,6.785
r,1.00,0.00,0.00,-0.04,6.790
r,1.00,0.00,0.00,-0.04,6.794
r,1.00,0.00,0.00,-0.04,6.798
r,1.00,0.00,0.00,-0.04,6.802
r,1.00,0.00,0.00,-0.04,6.805
r,1.00,0.00,0.00,-0.04,6.810
r,1.00,0.00,0.00,-0.04,6.814
r,1.00,0.00,0.00,-0.04,6.818
r,1.00,0.00,0.00,-0.04,6.822
r,1.00,0.00,0.00,-0.04,6.828
r,1.00,0.00,0.00,-0.04,6.832
r,1.00,0.00,0.00,-0.04,6.836
r,1.00,0.00,0.00,-0.04,6.841
r,1.00,0.00,0.00,-0.04,6.845
r,1.00,0.00,0.00,-0.04,6.850
r,1.00,0.00,0.00,-0.04,6.854
r,1.00,0.00,0.00,-0.04,6.857
r,1.00,0.00,0.00,-0.04,6.861
r,1.00,0.00,0.00,-0.04,6.864
r,1.00,0.00,0.00,-0.04,6.868
r,1.00,0.00,0.00,-0.04,6.873
r,1.00,0.00,0.00,-0.04,6.876
r,1.00,0.00,0.00,-0.04,6.880
r,1.00,0.00,0.00,-0.04,6.884
r,1.00,0.00,0.00,-0.04,6.888
r,1.00,0.00,0.00,-0.04,6.892
r,1.00,0.00,0.00,-0.04,6.896
r,1.00,0.00,0.00,-0.04,6.899
r,1.00,0.00,0.00,-0.04,6.904
r,1.00,0.00,0.00,-0.04,6.908
r,1.00,0.00,0.00,-0.04,6.912
r,1.00,0.00,0.00,-0.04,6.916
r,1.00,0.00,0.00,-0.04,6.920
r,1.00,0.00,0.00,-0.04,6.924
r,1.00,0.00,0.00,-0.04,6.929
r,1.00,0.00,0.00,-0.04,6.932
r,1.00,0.00,0.00,-0.04,6.936
r,1.00,0.00,0.00,-0.04,6.941
r,1.00,0.00,0.00,-0.04,6.944
r,1.00,0.00,0.00,-0.04,6.949
r,1.00,0.00,0.00,-0.04,6.952
r,1.00,0.00,0.00,-0.04,6.956
r,1.00,0.00,0.00,-0.04,6.960
r,1.00,0.00,0.00,-0.04,6.963
r,1.00,0.00,0.00,-0.04,6.968
r,1.00,0.00,0.00,-0.04,6.972
r,1.00,0.00,0.00,-0.04,6.975
r,1.00,0.00,0.00,-0.04,6.980
r,1.00,0.00,0.00,-0.04,6.984
r,1.00,0.00,0.00,-0.04,6.988
r,1.00,0.00,0.00,-0.04,6.993
r,1.00,0.00,0.00,-0.04,6.996
r,1.00,0.00,0.00,-0.04,7.000
r,1.00,0.00,0.00,-0.04,7.004
r,1.00,0.00,0.00,-0.04,7.008
r,1.00,0.00,0.00,-0.04,7.012
r,1.00,0.00,0.00,-0.04,7.016
r,1.00,0.00,0.00,-0.04,7.019
r,1.00,0.00,0.00,-0.04,7.023
r,1.00,0.00,0.00,-0.04,7.027
r,1.00,0.00,0.00,-0.04,7.032
r,1.00,0.00,0.00,-0.04,7.035
r,1.00,0.00,0.00,-0.04,7.038
r,1.00,0.00,0.00,-0.04,7.043
r,1.00,0.00,0.00,-0.04,7.048
r,1.00,0.00,0.00,-0.04,7.051
r,1.00,0.00,0.00,-0.04,7.056
r,1.00,0.00,0.00,-0.04,7.061
r,1.00,0.00,0.00,-0.04,7.065
r,1.00,0.00,0.00,-0.04,7.070
r,1.00,0.00,0.00,-0.04,7.073
r,1.00,0.00,0.00,-0.04,7.077
r,1.00,0.00,0.00,-0.04,7.081
r,1.00,0.00,0.00,-0.04,7.085
r,1.00,0.00,0.00,-0.04,7.090
r,1.00,0.00,0.00,-0.04,7.094
r,1.00,0.00,0.00,-0.04,7.098
r,1.00,0.00,0.00,-0.04,7.102
r,1.00,0.00,0.00,-0.04,7.107
r,1.00,0.00,0.00,-0.04,7.110
r,1.00,0.00,0.00,-0.04,7.114
r,1.00,0.00,0.00,-0.04,7.117
r,1.00,0.00,0.00,-0.04,7.121
r,1.00,0.00,0.00,-0.04,7.125
r,1.00,0.00,0.00,-0.04,7.129
r,1.00,0.00,0.00,-0.04,7.133
r,1.00,0.00,0.00,-0.04,7.138
r,1.00,0.00,0.00,-0.04,7.141
r,1.00,0.00,0.00,-0.04,7.145
r,1.00,0.00,0.00,-0.04,7.150
r,1.00,0.00,0.00,-0.04,7.153
r,1.00,0.00,0.00,-0.04,7.158
r,1.00,0.00,0.00,-0.04,7.162
r,1.00,0.00,0.00,-0.04,7.168
r,1.00,0.00,0.00,-0.04,7.172
r,1.00,0.00,0.00,-0.04,7.175
r,1.00,0.00,0.00,-0.04,7.180
r,1.00,0.00,0.00,-0.04,7.184
r,1.00,0.00,0.00,-0.04,7.188
r,1.00,0.00,0.00,-0.04,7.192
r,1.00,0.00,0.00,-0.04,7.196
r,1.00,0.00,0.00,-0.04,7.200
r,1.00,0.00,0.00,-0.04,7.204
r,1.00,0.00,0.00,-0.04,7.207
r,1.00,0.00,0.00,-0.04,7.211
r,1.00,0.00,0.00,-0.04,7.215
r,1.00,0.00,0.00,-0.04,7.218
r,1.00,0.00,0.00,-0.04,7.222
r,1.00,0.00,0.00,-0.04,7.227
r,1.00,0.00,0.00,-0.04,7.230
r,1.00,0.00,0.00,-0.04,7.234
r,1.00,0.00,0.00,-0.04,7.238
r,1.00,0.00,0.00,-0.04,7.241
r,1.00,0.00,0.00,-0.04,7.245
r,1.00,0.00,0.00,-0.04,7.248
r,1.00,0.00,0.00,-0.04,7.252
r,1.00,0.00,0.00,-0.04,7.256
r,1.00,0.00,0.00,-0.04,7.260
r,1.00,0.00,0.00,-0.04,7.265
r,1.00,0.00,0.00,-0.04,7.271
r,1.00,0.00,0.00,-0.04,7.274
r,1.00,0.00,0.00,-0.04,7.278
r,1.00,0.00,0.00,-0.04,7.282
r,1.00,0.00,0.00,-0.04,7.285
r,1.00,0.00,0.00,-0.04,7.290
r,1.00,0.00,0.00,-0.04,7.293
r,1.00,0.00,0.00,-0.04,7.297
r,1.00,0.00,0.00,-0.04,7.301
r,1.00,0.00,0.00,-0.04,7.305
r,1.00,0.00,0.00,-0.04,7.310
r,1.00,0.00,0.00,-0.04,7.314
r,1.00,0.00,0.00,-0.04,7.317
r,1.00,0.00,0.00,-0.04,7.321
r,1.00,0.00,0.00,-0.04,7.326
r,1.00,0.00,0.00,-0.04,7.330
r,1.00,0.00,0.00,-0.04,7.334
r,1.00,0.00,0.00,-0.04,7.337
r,1.00,0.00,0.00,-0.04,7.342
r,1.00,0.00,0.00,-0.04,7.347
r,1.00,0.00,0.00,-0.04,7.350
r,1.00,0.00,0.00,-0.04,7.355
r,1.00,0.00,0.00,-0.04,7.360
r,1.00,0.00,0.00,-0.04,7.362
r,1.00,0.00,0.00,-0.04,7.367
r,1.00,0.00,0.00,-0.04,7.373
r,1.00,0.00,0.00,-0.04,7.376
r,1.00,0.00,0.00,-0.04,7.380
r,1.00,0.00,0.00,-0.04,7.386
r,1.00,0.00,0.00,-0.04,7.389
r,1.00,0.00,0.00,-0.04,7.393
r,1.00,0.00,0.00,-0.04,7.397
r,1.00,0.00,0.00,-0.04,7.401
r,1.00,0.00,0.00,-0.04,7.405
r,1.00,0.00,0.00,-0.04,7.409
r,1.00,0.00,0.00,-0.04,7.413
r,1.00,0.00,0.00,-0.04,7.417
r,1.00,0.00,0.00,-0.04,7.420
r,1.00,0.00,0.00,-0.04,7.424
r,1.00,0.00,0.00,-0.04,7.429
r,1.00,0.00,0.00,-0.04,7.432
r,1.00,0.00,0.00,-0.04,7.437
r,1.00,0.00,0.00,-0.04,7.440
r,1.00,0.00,0.00,-0.04,7.445
r,1.00,0.00,0.00,-0.04,7.449
r,1.00,0.00,0.00,-0.04,7.452
r,1.00,0.00,0.00,-0.04,7.457
r,1.00,0.00,0.00,-0.04,7.462
r,1.00,0.00,0.00,-0.04,7.467
r,1.00,0.00,0.00,-0.04,7.471
r,1.00,0.00,0.00,-0.04,7.475
r,1.00,0.00,0.00,-0.04,7.479
r,1.00,0.00,0.00,-0.04,7.483
r,1.00,0.00,0.00,-0.04,7.487
r,1.00,0.00,0.00,-0.04,7.491
r,1.00,0.00,0.00,-0.04,7.495
r,1.00,0.00,0.00,-0.04,7.498
r,1.00,0.00,0.00,-0.04,7.502
r,1.00,0.00,0.00,-0.04,7.506
r,1.00,0.00,0.00,-0.04,7.509
r,1.00,0.00,0.00,-0.04,7.513
r,1.00,0.00,0.00,-0.04,7.517
r,1.00,0.00,0.00,-0.04,7.520
r,1.00,0.00,0.00,-0.04,7.524
r,1.00,0.00,0.00,-0.04,7.527
r,1.00,0.00,0.00,-0.04,7.532
r,1.00,0.00,0.00,-0.04,7.536
r,1.00,0.00,0.00,-0.04,7.539
r,1.00,0.00,0.00,-0.04,7.544
r,1.00,0.00,0.00,-0.04,7.549
r,1.00,0.00,0.00,-0.04,7.552
r,1.00,0.00,0.00,-0.04,7.556
r,1.00,0.00,0.00,-0.04,7.559
r,1.00,0.00,0.00,-0.04,7.563
r,1.00,0.00,0.00,-0.04,7.567
r,1.00,0.00,0.00,-0.04,7.571
r,1.00,0.00,0.00,-0.04,7.575
r,1.00,0.00,0.00,-0.04,7.579
r,1.00,0.00,0.00,-0.04,7.582
r,1.00,0.00,0.00,-0.04,7.587
r,1.00,0.00,0.00,-0.04,7.591
r,1.00,0.00,0.00,-0.04,7.594
r,1.00,0.00,0.00,-0.04,7.599
r,1.00,0.00,0.00,-0.04,7.603
r,1.00,0.00,0.00,-0.04,7.607
r,1.00,0.00,0.00,-0.04,7.611
r,1.00,0.00,0.00,-0.04,7.614
r,1.00,0.00,0.00,-0.04,7.618
r,1.00,0.00,0.00,-0.04,7.622
r,1.00,0.00,0.00,-0.04,7.626
r,1.00,0.00,0.00,-0.04,7.631
r,1.00,0.00,0.00,-0.04,7.635
r,1.00,0.00,0.00,-0.04,7.639
r,1.00,0.00,0.00,-0.04,7.644
r,1.00,0.00,0.00,-0.04,7.649
r,1.00,0.00,0.00,-0.04,7.652
r,1.00,0.00,0.00,-0.04,7.657
r,1.00,0.00,0.00,-0.04,7.660
r,1.00,0.00,0.00,-0.04,7.665
r,1.00,0.00,0.00,-0.04,7.669
r,1.00,0.00,0.00,-0.04,7.672
r,1.00,0.00,0.00,-0.04,7.676
r,1.00,0.00,0.00,-0.04,7.680
r,1.00,0.00,0.00,-0.04,7.684
r,1.00,0.00,0.00,-0.04,7.688
r,1.00,0.00,0.00,-0.04,7.692
r,1.00,0.00,0.00,-0.04,7.696
r,1.00,0.00,0.00,-0.04,7.700
r,1.00,0.00,0.00,-0.04,7.703
r,1.00,0.00,0.00,-0.04,7.708
r,1.00,0.00,0.00,-0.04,7.712
r,1.00,0.00,0.00,-0.04,7.715
r,1.00,0.00,0.00,-0.04,7.719
r,1.00,0.00,0.00,-0.04,7.723
r,1.00,0.00,0.00,-0.04,7.726
r,1.00,0.00,0.00,-0.04,7.731
r,1.00,0.00,0.00,-0.04,7.735
r,1.00,0.00,0.00,-0.04,7.739
r,1.00,0.00,0.00,-0.04,7.743
r,1.00,0.00,0.00,-0.04,7.746
r,1.00,0.00,0.00,-0.04,7.751
r,1.00,0.00,0.00,-0.04,7.755
r,1.00,0.00,0.00,-0.04,7.759
r,1.00,0.00,0.00,-0.04,7.763
r,1.00,0.00,0.00,-0.04,7.767
r,1.00,0.00,0.00,-0.04,7.771
r,1.00,0.00,0.00,-0.04,7.775
r,1.00,0.00,0.00,-0.04,7.779
r,1.00,0.00,0.00,-0.04,7.783
r,1.00,0.00,0.00,-0.04,7.788
r,1.00,0.00,0.00,-0.04,7.792
r,1.00,0.00,0.00,-0.04,7.796
r,1.00,0.00,0.00,-0.04,7.800
r,1.00,0.00,0.00,-0.04,7.805
r,1.00,0.00,0.00,-0.04,7.809
r,1.00,0.00,0.00,-0.04,7.813
r,1.00,0.00,0.00,-0.04,7.816
r,1.00,0.00,0.00,-0.04,7.820
r,1.00,0.00,0.00,-0.04,7.824
r,1.00,0.00,0.00,-0.04,7.828
r,1.00,0.00,0.00,-0.04,7.833
r,1.00,0.00,0.00,-0.04,7.838
r,1.00,0.00,0.00,-0.04,7.842
r,1.00,0.00,0.00,-0.04,7.846
r,1.00,0.00,0.00,-0.04,7.850
r,1.00,0.00,0.00,-0.04,7.854
r,1.00,0.00,0.00,-0.04,7.859
r,1.00,0.00,0.00,-0.04,7.863
r,1.00,0.00,0.00,-0.04,7.868
r,1.00,0.00,0.00,-0.04,7.871
r,1.00,0.00,0.00,-0.04,7.874
r,1.00,0.00,0.00,-0.04,7.879
r,1.00,0.00,0.00,-0.04,7.883
r,1.00,0.00,0.00,-0.04,7.886
r,1.00,0.00,0.00,-0.04,7.890
r,1.00,0.00,0.00,-0.04,7.893
r,1.00,0.00,0.00,-0.04,7.897
r,1.00,0.00,0.00,-0.04,7.901
r,1.00,0.00,0.00,-0.04,7.905
r,1.00,0.00,0.00,-0.04,7.909
r,1.00,0.00,0.00,-0.04,7.913
r,1.00,0.00,0.00,-0.04,7.916
r,1.00,0.00,0.00,-0.04,7.921
r,1.00,0.00,0.00,-0.03,7.926
r,1.00,0.00,0.00,-0.03,7.929
r,1.00,0.00,0.00,-0.03,7.933
r,1.00,0.00,0.00,-0.03,7.936
r,1.00,0.00,0.00,-0.03,7.940
r,1.00,0.00,0.00,-0.03,7.945
r,1.00,0.00,0.00,-0.03,7.948
r,1.00,0.00,0.00,-0.03,7.952
r,1.00,0.00,0.00,-0.03,7.957
r,1.00,0.00,0.00,-0.03,7.960
r,1.00,0.00,0.00,-0.03,7.965
r,1.00,0.00,0.00,-0.03,7.969
r,1.00,0.00,0.00,-0.03,7.972
