r,0.00,0.17,-0.98,-0.03,0.002
r,0.00,0.18,-0.98,-0.03,0.057
r,0.00,0.18,-0.98,-0.03,0.065
r,0.00,0.18,-0.98,-0.03,0.070
r,0.00,0.18,-0.98,-0.03,0.073
r,0.00,0.18,-0.98,-0.03,0.077
r,0.00,0.18,-0.98,-0.03,0.082
r,0.00,0.18,-0.98,-0.03,0.085
r,0.00,0.18,-0.98,-0.03,0.090
r,0.00,0.18,-0.98,-0.03,0.093
r,0.00,0.18,-0.98,-0.03,0.097
r,0.00,0.18,-0.98,-0.03,0.102
r,0.00,0.18,-0.98,-0.03,0.105
r,0.00,0.18,-0.98,-0.03,0.110
r,0.00,0.18,-0.98,-0.03,0.114
r,0.00,0.18,-0.98,-0.03,0.117
r,0.00,0.18,-0.98,-0.03,0.122
r,0.00,0.18,-0.98,-0.03,0.126
r,0.00,0.18,-0.98,-0.03,0.129
r,0.00,0.18,-0.98,-0.03,0.133
r,0.00,0.18,-0.98,-0.03,0.138
r,0.00,0.18,-0.98,-0.03,0.141
r,0.00,0.18,-0.98,-0.03,0.146
r,0.00,0.18,-0.98,-0.03,0.150
r,0.00,0.18,-0.98,-0.03,0.153
r,0.00,0.18,-0.98,-0.03,0.157
r,0.00,0.18,-0.98,-0.03,0.161
r,0.00,0.18,-0.98,-0.03,0.164
r,0.00,0.18,-0.98,-0.03,0.169
r,0.00,0.18,-0.98,-0.03,0.173
r,0.00,0.18,-0.98,-0.03,0.177
r,0.00,0.18,-0.98,-0.03,0.181
r,0.00,0.18,-0.98,-0.03,0.185
r,0.00,0.18,-0.98,-0.03,0.189
r,0.00,0.18,-0.98,-0.03,0.193
r,0.00,0.18,-0.98,-0.03,0.198
r,0.00,0.18,-0.98,-0.03,0.201
r,0.00,0.18,-0.98,-0.03,0.205
r,0.00,0.18,-0.98,-0.03,0.209
r,0.00,0.18,-0.98,-0.03,0.213
r,0.00,0.18,-0.98,-0.03,0.218
r,0.00,0.18,-0.98,-0.03,0.221
r,0.00,0.18,-0.98,-0.03,0.225
r,0.00,0.18,-0.98,-0.03,0.230
r,0.00,0.18,-0.98,-0.03,0.233
r,0.00,0.18,-0.98,-0.03,0.237
r,0.00,0.18,-0.98,-0.03,0.241
r,0.00,0.18,-0.98,-0.03,0.244
r,0.00,0.18,-0.98,-0.03,0.248
r,0.00,0.18,-0.98,-0.03,0.252
r,0.00,0.18,-0.98,-0.03,0.255
r,0.00,0.18,-0.98,-0.03,0.260
r,0.00,0.18,-0.98,-0.03,0.264
r,0.00,0.18,-0.98,-0.03,0.268
r,0.00,0.18,-0.98,-0.03,0.272
r,0.00,0.18,-0.98,-0.03,0.277
r,0.00,0.18,-0.98,-0.03,0.281
r,0.00,0.18,-0.98,-0.03,0.284
r,0.00,0.18,-0.98,-0.03,0.288
r,0.00,0.18,-0.98,-0.03,0.291
r,0.00,0.18,-0.98,-0.03,0.296
r,0.00,0.18,-0.98,-0.03,0.300
r,0.00,0.18,-0.98,-0.03,0.303
r,0.00,0.18,-0.98,-0.03,0.307
r,0.00,0.18,-0.98,-0.03,0.311
r,0.00,0.18,-0.98,-0.03,0.314
r,0.00,0.18,-0.98,-0.03,0.319
r,0.00,0.18,-0.98,-0.03,0.323
r,0.00,0.18,-0.98,-0.03,0.326
r,0.00,0.18,-0.98,-0.03,0.331
r,0.00,0.18,-0.98,-0.03,0.335
r,0.00,0.18,-0.98,-0.03,0.338
r,0.00,0.18,-0.98,-0.03,0.342
r,0.00,0.18,-0.98,-0.03,0.347
r,0.00,0.18,-0.98,-0.03,0.350
r,0.00,0.18,-0.98,-0.03,0.355
r,0.00,0.18,-0.98,-0.03,0.359
r,0.00,0.18,-0.98,-0.03,0.362
r,0.00,0.18,-0.98,-0.03,0.366
r,0.00,0.18,-0.98,-0.03,0.370
r,0.00,0.18,-0.98,-0.03,0.374
r,0.00,0.18,-0.98,-0.03,0.378
r,0.00,0.18,-0.98,-0.03,0.381
r,0.00,0.18,-0.98,-0.03,0.386
r,0.00,0.18,-0.98,-0.03,0.391
r,0.00,0.18,-0.98,-0.03,0.395
r,0.00,0.18,-0.98,-0.03,0.398
r,0.00,0.18,-0.98,-0.03,0.402
r,0.00,0.18,-0.98,-0.03,0.405
r,0.00,0.18,-0.98,-0.03,0.409
r,0.00,0.18,-0.98,-0.03,0.414
r,0.00,0.18,-0.98,-0.03,0.418
r,0.00,0.18,-0.98,-0.03,0.422
r,0.00,0.18,-0.98,-0.03,0.426
r,0.00,0.18,-0.98,-0.03,0.429
r,0.00,0.18,-0.98,-0.03,0.433
r,0.00,0.18,-0.98,-0.03,0.438
r,0.00,0.18,-0.98,-0.03,0.442
r,0.00,0.18,-0.98,-0.03,0.445
r,0.00,0.18,-0.98,-0.03,0.449
r,0.00,0.18,-0.98,-0.03,0.452
r,0.00,0.18,-0.98,-0.03,0.457
r,0.00,0.18,-0.98,-0.03,0.461
r,0.00,0.18,-0.98,-0.03,0.466
r,0.00,0.18,-0.98,-0.03,0.469
r,0.00,0.18,-0.98,-0.03,0.473
r,0.00,0.18,-0.98,-0.03,0.478
r,0.00,0.18,-0.98,-0.03,0.481
r,0.00,0.18,-0.98,-0.03,0.485
r,0.00,0.18,-0.98,-0.03,0.489
r,0.00,0.18,-0.98,-0.03,0.493
r,0.00,0.18,-0.98,-0.03,0.497
r,0.00,0.18,-0.98,-0.03,0.501
r,0.00,0.18,-0.98,-0.03,0.504
r,0.00,0.18,-0.98,-0.03,0.508
r,0.00,0.18,-0.98,-0.03,0.512
r,0.00,0.18,-0.98,-0.03,0.516
r,0.00,0.18,-0.98,-0.03,0.520
r,0.00,0.18,-0.98,-0.03,0.524
r,0.00,0.18,-0.98,-0.03,0.528
r,0.00,0.18,-0.98,-0.03,0.533
r,0.00,0.18,-0.98,-0.03,0.537
r,0.00,0.18,-0.98,-0.03,0.540
r,0.00,0.18,-0.98,-0.03,0.544
r,0.00,0.18,-0.98,-0.03,0.548
r,0.00,0.18,-0.98,-0.03,0.551
r,0.00,0.18,-0.98,-0.03,0.556
r,0.00,0.18,-0.98,-0.03,0.560
r,0.00,0.18,-0.98,-0.03,0.563
r,0.00,0.18,-0.98,-0.03,0.567
r,0.00,0.18,-0.98,-0.03,0.572
r,0.00,0.18,-0.98,-0.03,0.576
r,0.00,0.18,-0.98,-0.03,0.580
r,0.00,0.18,-0.98,-0.03,0.584
r,0.00,0.18,-0.98,-0.03,0.588
r,0.00,0.18,-0.98,-0.03,0.592
r,0.00,0.18,-0.98,-0.03,0.597
r,0.00,0.18,-0.98,-0.03,0.601
r,0.00,0.18,-0.98,-0.03,0.605
r,0.00,0.18,-0.98,-0.03,0.609
r,0.00,0.18,-0.98,-0.03,0.612
r,0.00,0.18,-0.98,-0.03,0.616
r,0.00,0.18,-0.98,-0.03,0.620
r,0.00,0.18,-0.98,-0.03,0.623
r,0.00,0.18,-0.98,-0.03,0.628
r,0.00,0.18,-0.98,-0.03,0.632
r,0.00,0.18,-0.98,-0.03,0.636
r,0.00,0.18,-0.98,-0.03,0.640
r,0.00,0.18,-0.98,-0.03,0.644
r,0.00,0.18,-0.98,-0.03,0.648
r,0.00,0.18,-0.98,-0.03,0.652
r,0.00,0.18,-0.98,-0.03,0.658
r,0.00,0.18,-0.98,-0.03,0.661
r,0.00,0.18,-0.98,-0.03,0.666
r,0.00,0.18,-0.98,-0.03,0.670
r,0.00,0.18,-0.98,-0.03,0.674
r,0.00,0.18,-0.98,-0.03,0.679
r,0.00,0.18,-0.98,-0.03,0.683
r,0.00,0.18,-0.98,-0.03,0.686
r,0.00,0.18,-0.98,-0.03,0.691
r,0.00,0.18,-0.98,-0.03,0.696
r,0.00,0.18,-0.98,-0.03,0.699
r,0.00,0.18,-0.98,-0.03,0.703
r,0.00,0.18,-0.98,-0.03,0.707
r,0.00,0.18,-0.98,-0.03,0.710
r,0.00,0.18,-0.98,-0.03,0.714
r,0.00,0.18,-0.98,-0.03,0.719
r,0.00,0.18,-0.98,-0.03,0.722
r,0.00,0.18,-0.98,-0.03,0.726
r,0.00,0.18,-0.98,-0.03,0.730
r,0.00,0.18,-0.98,-0.03,0.733
r,0.00,0.18,-0.98,-0.03,0.738
r,0.00,0.18,-0.98,-0.03,0.742
r,0.00,0.18,-0.98,-0.03,0.746
r,0.00,0.18,-0.98,-0.03,0.750
r,0.00,0.18,-0.98,-0.03,0.755
r,0.00,0.18,-0.98,-0.03,0.758
r,0.00,0.18,-0.98,-0.03,0.762
r,0.00,0.18,-0.98,-0.03,0.766
r,0.00,0.18,-0.98,-0.03,0.769
r,0.00,0.18,-0.98,-0.03,0.773
r,0.00,0.18,-0.98,-0.03,0.778
r,0.00,0.18,-0.98,-0.03,0.781
r,0.00,0.18,-0.98,-0.03,0.786
r,0.00,0.18,-0.98,-0.03,0.790
r,0.00,0.18,-0.98,-0.03,0.794
r,0.00,0.18,-0.98,-0.03,0.798
r,0.00,0.18,-0.98,-0.03,0.801
r,0.00,0.18,-0.98,-0.03,0.805
r,0.00,0.18,-0.98,-0.03,0.809
r,0.00,0.18,-0.98,-0.03,0.814
r,0.00,0.18,-0.98,-0.03,0.818
r,0.00,0.18,-0.98,-0.03,0.822
r,0.00,0.18,-0.98,-0.03,0.826
r,0.00,0.18,-0.98,-0.03,0.829
r,0.00,0.18,-0.98,-0.03,0.833
r,0.00,0.18,-0.98,-0.03,0.838
r,0.00,0.18,-0.98,-0.03,0.841
r,0.00,0.18,-0.98,-0.03,0.845
r,0.00,0.18,-0.98,-0.03,0.849
r,0.00,0.18,-0.98,-0.03,0.852
r,0.00,0.18,-0.98,-0.03,0.856
r,0.00,0.18,-0.98,-0.03,0.860
r,0.00,0.18,-0.98,-0.03,0.863
r,0.00,0.18,-0.98,-0.03,0.867
r,0.00,0.18,-0.98,-0.03,0.871
r,0.00,0.18,-0.98,-0.03,0.875
r,0.00,0.18,-0.98,-0.03,0.879
r,0.00,0.18,-0.98,-0.03,0.883
r,0.00,0.18,-0.98,-0.03,0.886
r,0.00,0.18,-0.98,-0.03,0.891
r,0.00,0.18,-0.98,-0.03,0.896
r,0.00,0.18,-0.98,-0.03,0.899
r,0.00,0.18,-0.98,-0.03,0.903
r,0.00,0.18,-0.98,-0.03,0.908
r,0.00,0.18,-0.98,-0.03,0.911
r,0.00,0.18,-0.98,-0.03,0.916
r,0.00,0.18,-0.98,-0.03,0.920
r,0.00,0.18,-0.98,-0.03,0.923
r,0.00,0.18,-0.98,-0.03,0.927
r,0.00,0.18,-0.98,-0.03,0.931
r,0.00,0.18,-0.98,-0.03,0.935
r,0.00,0.18,-0.98,-0.03,0.939
r,0.00,0.18,-0.98,-0.03,0.943
r,0.00,0.18,-0.98,-0.03,0.947
r,0.00,0.18,-0.98,-0.03,0.951
r,0.00,0.18,-0.98,-0.03,0.956
r,0.00,0.18,-0.98,-0.03,0.959
r,0.00,0.18,-0.98,-0.03,0.963
r,0.00,0.18,-0.98,-0.03,0.968
r,0.00,0.18,-0.98,-0.03,0.971
r,0.00,0.18,-0.98,-0.03,0.976
r,0.00,0.18,-0.98,-0.03,0.980
r,0.00,0.18,-0.98,-0.03,0.983
r,0.00,0.18,-0.98,-0.03,0.987
r,0.00,0.18,-0.98,-0.03,0.991
r,0.00,0.18,-0.98,-0.03,0.995
r,0.00,0.18,-0.98,-0.03,1.000
r,0.00,0.18,-0.98,-0.03,1.003
r,0.00,0.18,-0.98,-0.03,1.007
r,0.00,0.18,-0.98,-0.03,1.011
r,0.00,0.18,-0.98,-0.03,1.017
r,0.00,0.18,-0.98,-0.03,1.020
r,0.00,0.18,-0.98,-0.03,1.025
r,0.00,0.18,-0.98,-0.03,1.029
r,0.00,0.18,-0.98,-0.03,1.032
r,0.00,0.18,-0.98,-0.03,1.036
r,0.00,0.18,-0.98,-0.03,1.041
r,0.00,0.18,-0.98,-0.03,1.045
r,0.00,0.18,-0.98,-0.03,1.049
r,0.00,0.18,-0.98,-0.03,1.053
r,0.00,0.18,-0.98,-0.03,1.057
r,0.00,0.18,-0.98,-0.03,1.061
r,0.00,0.18,-0.98,-0.03,1.066
r,0.00,0.18,-0.98,-0.03,1.071
r,0.00,0.18,-0.98,-0.03,1.076
r,0.00,0.18,-0.98,-0.03,1.080
r,0.00,0.18,-0.98,-0.03,1.085
r,0.00,0.18,-0.98,-0.03,1.088
r,0.00,0.18,-0.98,-0.03,1.092
r,0.00,0.18,-0.98,-0.03,1.097
r,0.00,0.18,-0.98,-0.03,1.100
r,0.00,0.18,-0.98,-0.03,1.105
r,0.00,0.18,-0.98,-0.03,1.108
r,0.00,0.18,-0.98,-0.03,1.113
r,0.00,0.18,-0.98,-0.03,1.118
r,0.00,0.18,-0.98,-0.03,1.122
r,0.00,0.18,-0.98,-0.03,1.125
r,0.00,0.18,-0.98,-0.03,1.129
r,0.00,0.18,-0.98,-0.03,1.133
r,0.00,0.18,-0.98,-0.03,1.137
r,0.00,0.18,-0.98,-0.03,1.141
r,0.00,0.18,-0.98,-0.03,1.145
r,0.00,0.18,-0.98,-0.03,1.148
r,0.00,0.18,-0.98,-0.03,1.152
r,0.00,0.18,-0.98,-0.03,1.156
r,0.00,0.18,-0.98,-0.03,1.159
r,0.00,0.18,-0.98,-0.03,1.163
r,0.00,0.18,-0.98,-0.03,1.167
r,0.00,0.18,-0.98,-0.03,1.170
r,0.00,0.18,-0.98,-0.03,1.175
r,0.00,0.18,-0.98,-0.03,1.179
r,0.00,0.18,-0.98,-0.03,1.182
r,0.00,0.18,-0.98,-0.03,1.187
r,0.00,0.18,-0.98,-0.03,1.192
r,0.00,0.18,-0.98,-0.03,1.195
r,0.00,0.18,-0.98,-0.03,1.199
r,0.00,0.18,-0.98,-0.03,1.203
r,0.00,0.18,-0.98,-0.03,1.206
r,0.00,0.18,-0.98,-0.03,1.210
r,0.00,0.18,-0.98,-0.03,1.215
r,0.00,0.18,-0.98,-0.03,1.218
r,0.00,0.18,-0.98,-0.03,1.222
r,0.00,0.18,-0.98,-0.03,1.226
r,0.00,0.18,-0.98,-0.03,1.230
r,0.00,0.18,-0.98,-0.03,1.235
r,0.00,0.18,-0.98,-0.03,1.239
r,0.00,0.18,-0.98,-0.03,1.242
r,0.00,0.18,-0.98,-0.03,1.247
r,0.00,0.18,-0.98,-0.03,1.251
r,0.00,0.18,-0.98,-0.03,1.255
r,0.00,0.18,-0.98,-0.03,1.260
r,0.00,0.18,-0.98,-0.03,1.264
r,0.00,0.18,-0.98,-0.03,1.267
r,0.00,0.18,-0.98,-0.03,1.271
r,0.00,0.18,-0.98,-0.03,1.275
r,0.00,0.18,-0.98,-0.03,1.279
r,0.00,0.18,-0.98,-0.03,1.283
r,0.00,0.18,-0.98,-0.03,1.288
r,0.00,0.18,-0.98,-0.03,1.291
r,0.00,0.18,-0.98,-0.03,1.295
r,0.00,0.18,-0.98,-0.03,1.300
r,0.00,0.18,-0.98,-0.03,1.302
r,0.00,0.18,-0.98,-0.03,1.307
r,0.00,0.18,-0.98,-0.03,1.311
r,0.00,0.18,-0.98,-0.03,1.315
r,0.00,0.18,-0.98,-0.03,1.320
r,0.00,0.18,-0.98,-0.03,1.324
r,0.00,0.18,-0.98,-0.03,1.326
r,0.00,0.18,-0.98,-0.03,1.330
r,0.00,0.18,-0.98,-0.03,1.335
r,0.00,0.18,-0.98,-0.03,1.337
r,0.00,0.18,-0.98,-0.03,1.341
r,0.00,0.18,-0.98,-0.03,1.345
r,0.00,0.18,-0.98,-0.03,1.348
r,0.00,0.18,-0.98,-0.03,1.353
r,0.00,0.18,-0.98,-0.03,1.357
r,0.00,0.18,-0.98,-0.03,1.360
r,0.00,0.18,-0.98,-0.03,1.364
r,0.00,0.18,-0.98,-0.03,1.368
r,0.00,0.18,-0.98,-0.03,1.372
r,0.00,0.18,-0.98,-0.03,1.376
r,0.00,0.18,-0.98,-0.03,1.380
r,0.00,0.18,-0.98,-0.03,1.384
r,0.00,0.18,-0.98,-0.03,1.389
r,0.00,0.18,-0.98,-0.03,1.394
r,0.00,0.18,-0.98,-0.03,1.396
r,0.00,0.18,-0.98,-0.03,1.400
r,0.00,0.18,-0.98,-0.03,1.404
r,0.00,0.18,-0.98,-0.03,1.407
r,0.00,0.18,-0.98,-0.03,1.412
r,0.00,0.18,-0.98,-0.03,1.417
r,0.00,0.18,-0.98,-0.03,1.420
r,0.00,0.18,-0.98,-0.03,1.424
r,0.00,0.18,-0.98,-0.03,1.428
r,0.00,0.18,-0.98,-0.03,1.432
r,0.00,0.18,-0.98,-0.03,1.437
r,0.00,0.18,-0.98,-0.03,1.441
r,0.00,0.18,-0.98,-0.03,1.444
r,0.00,0.18,-0.98,-0.03,1.448
r,0.00,0.18,-0.98,-0.03,1.452
r,0.00,0.18,-0.98,-0.03,1.456
r,0.00,0.18,-0.98,-0.03,1.460
r,0.00,0.18,-0.98,-0.03,1.465
r,0.00,0.18,-0.98,-0.03,1.468
r,0.00,0.18,-0.98,-0.03,1.472
r,0.00,0.18,-0.98,-0.03,1.477
r,0.00,0.18,-0.98,-0.03,1.479
r,0.00,0.18,-0.98,-0.03,1.484
r,0.00,0.18,-0.98,-0.03,1.488
r,0.00,0.18,-0.98,-0.03,1.492
r,0.00,0.18,-0.98,-0.03,1.497
r,0.00,0.18,-0.98,-0.03,1.501
r,0.00,0.18,-0.98,-0.03,1.504
r,0.00,0.18,-0.98,-0.03,1.508
r,0.00,0.18,-0.98,-0.03,1.514
r,0.00,0.18,-0.98,-0.03,1.518
r,0.00,0.18,-0.98,-0.03,1.522
r,0.00,0.18,-0.98,-0.03,1.526
r,0.00,0.18,-0.98,-0.03,1.529
r,0.00,0.18,-0.98,-0.03,1.535
r,0.00,0.18,-0.98,-0.03,1.539
r,0.00,0.18,-0.98,-0.03,1.542
r,0.00,0.18,-0.98,-0.03,1.547
r,0.00,0.18,-0.98,-0.03,1.551
r,0.00,0.18,-0.98,-0.03,1.554
r,0.00,0.18,-0.98,-0.03,1.558
r,0.00,0.18,-0.98,-0.03,1.562
r,0.00,0.18,-0.98,-0.03,1.565
r,0.00,0.18,-0.98,-0.03,1.569
r,0.00,0.18,-0.98,-0.03,1.574
r,0.00,0.18,-0.98,-0.03,1.577
r,0.00,0.18,-0.98,-0.03,1.581
r,0.00,0.18,-0.98,-0.03,1.585
r,0.00,0.18,-0.98,-0.03,1.589
r,0.00,0.18,-0.98,-0.03,1.594
r,0.00,0.18,-0.98,-0.03,1.598
r,0.00,0.18,-0.98,-0.03,1.601
r,0.00,0.18,-0.98,-0.03,1.605
r,0.00,0.18,-0.98,-0.03,1.609
r,0.00,0.18,-0.98,-0.03,1.613
r,0.00,0.18,-0.98,-0.03,1.617
r,0.00,0.18,-0.98,-0.03,1.621
r,0.00,0.18,-0.98,-0.03,1.624
r,0.00,0.18,-0.98,-0.03,1.628
r,0.00,0.18,-0.98,-0.03,1.632
r,0.00,0.18,-0.98,-0.03,1.636
r,0.00,0.18,-0.98,-0.03,1.640
r,0.00,0.18,-0.98,-0.03,1.644
r,0.00,0.18,-0.98,-0.03,1.648
r,0.00,0.18,-0.98,-0.03,1.652
r,0.00,0.18,-0.98,-0.03,1.656
r,0.00,0.18,-0.98,-0.03,1.659
r,0.00,0.18,-0.98,-0.03,1.664
r,0.00,0.18,-0.98,-0.03,1.668
r,0.00,0.18,-0.98,-0.03,1.672
r,0.00,0.18,-0.98,-0.03,1.676
r,0.00,0.18,-0.98,-0.03,1.681
r,0.00,0.18,-0.98,-0.03,1.684
r,0.00,0.18,-0.98,-0.03,1.689
r,0.00,0.18,-0.98,-0.03,1.694
r,0.00,0.18,-0.98,-0.03,1.697
r,0.00,0.18,-0.98,-0.03,1.701
r,0.00,0.18,-0.98,-0.03,1.705
r,0.00,0.18,-0.98,-0.03,1.708
r,0.00,0.18,-0.98,-0.03,1.713
r,0.00,0.18,-0.98,-0.03,1.717
r,0.00,0.18,-0.98,-0.03,1.720
r,0.00,0.18,-0.98,-0.03,1.724
r,0.00,0.18,-0.98,-0.03,1.728
r,0.00,0.18,-0.98,-0.03,1.731
r,0.00,0.18,-0.98,-0.03,1.736
r,0.00,0.18,-0.98,-0.03,1.740
r,0.00,0.18,-0.98,-0.03,1.743
r,0.00,0.18,-0.98,-0.03,1.747
r,0.00,0.18,-0.98,-0.03,1.752
r,0.00,0.18,-0.98,-0.03,1.756
r,0.00,0.18,-0.98,-0.03,1.759
r,0.00,0.18,-0.98,-0.03,1.764
r,0.00,0.18,-0.98,-0.03,1.768
r,0.00,0.18,-0.98,-0.03,1.771
r,0.00,0.18,-0.98,-0.03,1.776
r,0.00,0.18,-0.98,-0.03,1.780
r,0.00,0.18,-0.98,-0.03,1.784
r,0.00,0.18,-0.98,-0.03,1.789
r,0.00,0.18,-0.98,-0.03,1.795
r,0.00,0.18,-0.98,-0.03,1.798
r,0.00,0.18,-0.98,-0.03,1.802
r,0.00,0.18,-0.98,-0.03,1.806
r,0.00,0.18,-0.98,-0.03,1.809
r,0.00,0.18,-0.98,-0.03,1.815
r,0.00,0.18,-0.98,-0.03,1.819
r,0.00,0.18,-0.98,-0.03,1.822
r,0.00,0.18,-0.98,-0.03,1.826
r,0.00,0.18,-0.98,-0.03,1.830
r,0.00,0.18,-0.98,-0.03,1.834
r,0.00,0.18,-0.98,-0.03,1.838
r,0.00,0.18,-0.98,-0.03,1.842
r,0.00,0.18,-0.98,-0.03,1.845
r,0.00,0.18,-0.98,-0.03,1.849
r,0.00,0.18,-0.98,-0.03,1.854
r,0.00,0.18,-0.98,-0.03,1.857
r,0.00,0.18,-0.98,-0.03,1.861
r,0.00,0.18,-0.98,-0.03,1.865
r,0.00,0.18,-0.98,-0.03,1.869
r,0.00,0.18,-0.98,-0.03,1.872
r,0.00,0.18,-0.98,-0.03,1.876
r,0.00,0.18,-0.98,-0.03,1.881
r,0.00,0.18,-0.98,-0.03,1.884
r,0.00,0.18,-0.98,-0.03,1.889
r,0.00,0.18,-0.98,-0.03,1.894
r,0.00,0.18,-0.98,-0.03,1.898
r,0.00,0.18,-0.98,-0.03,1.902
r,0.00,0.18,-0.98,-0.03,1.906
r,0.00,0.18,-0.98,-0.03,1.909
r,0.00,0.18,-0.98,-0.03,1.914
r,0.00,0.18,-0.98,-0.03,1.918
r,0.00,0.18,-0.98,-0.03,1.921
r,0.00,0.18,-0.98,-0.03,1.926
r,0.00,0.18,-0.98,-0.03,1.930
r,0.00,0.18,-0.98,-0.03,1.934
r,0.00,0.18,-0.98,-0.03,1.938
r,0.00,0.18,-0.98,-0.03,1.942
r,0.00,0.18,-0.98,-0.03,1.945
r,0.00,0.18,-0.98,-0.03,1.949
r,0.00,0.18,-0.98,-0.03,1.954
r,0.00,0.18,-0.98,-0.03,1.958
r,0.00,0.18,-0.98,-0.03,1.961
r,0.00,0.18,-0.98,-0.03,1.966
r,0.00,0.18,-0.98,-0.03,1.969
r,0.00,0.18,-0.98,-0.03,1.974
r,0.00,0.18,-0.98,-0.03,1.979
r,0.00,0.18,-0.98,-0.03,1.982
r,0.00,0.18,-0.98,-0.03,1.986
r,0.00,0.18,-0.98,-0.03,1.989
r,0.00,0.18,-0.98,-0.03,1.993
r,0.00,0.18,-0.98,-0.03,1.997
r,0.00,0.18,-0.98,-0.03,2.001
r,0.00,0.18,-0.98,-0.03,2.004
r,0.00,0.18,-0.98,-0.03,2.008
r,0.00,0.18,-0.98,-0.03,2.012
r,0.00,0.18,-0.98,-0.03,2.015
r,0.00,0.18,-0.98,-0.03,2.019
r,0.00,0.18,-0.98,-0.03,2.023
r,0.00,0.18,-0.98,-0.03,2.026
r,0.00,0.18,-0.98,-0.03,2.031
r,0.00,0.18,-0.98,-0.03,2.035
r,0.00,0.18,-0.98,-0.03,2.038
r,0.00,0.18,-0.98,-0.03,2.043
r,0.00,0.18,-0.98,-0.03,2.047
r,0.00,0.18,-0.98,-0.03,2.050
r,0.00,0.18,-0.98,-0.03,2.055
r,0.00,0.18,-0.98,-0.03,2.059
r,0.00,0.18,-0.98,-0.03,2.064
r,0.00,0.18,-0.98,-0.03,2.067
r,0.00,0.18,-0.98,-0.03,2.071
r,0.00,0.18,-0.98,-0.03,2.076
r,0.00,0.18,-0.98,-0.03,2.079
r,0.00,0.18,-0.98,-0.03,2.083
r,0.00,0.18,-0.98,-0.03,2.087
r,0.00,0.18,-0.98,-0.03,2.091
r,0.00,0.18,-0.98,-0.03,2.096
r,0.00,0.18,-0.98,-0.03,2.100
r,0.00,0.18,-0.98,-0.03,2.103
r,0.00,0.18,-0.98,-0.03,2.107
r,0.00,0.18,-0.98,-0.03,2.111
r,0.00,0.18,-0.98,-0.03,2.115
r,0.00,0.18,-0.98,-0.03,2.119
r,0.00,0.18,-0.98,-0.03,2.124
r,0.00,0.18,-0.98,-0.03,2.127
r,0.00,0.18,-0.98,-0.03,2.131
r,0.00,0.18,-0.98,-0.03,2.135
r,0.00,0.18,-0.98,-0.03,2.138
r,0.00,0.18,-0.98,-0.03,2.143
r,0.00,0.18,-0.98,-0.03,2.147
r,0.00,0.18,-0.98,-0.03,2.151
r,0.00,0.18,-0.98,-0.03,2.156
r,0.00,0.18,-0.98,-0.03,2.161
r,0.00,0.18,-0.98,-0.03,2.164
r,0.00,0.18,-0.98,-0.03,2.168
r,0.00,0.18,-0.98,-0.03,2.173
r,0.00,0.18,-0.98,-0.03,2.177
r,0.00,0.18,-0.98,-0.03,2.181
r,0.00,0.18,-0.98,-0.03,2.185
r,0.00,0.18,-0.98,-0.03,2.190
r,0.00,0.18,-0.98,-0.03,2.193
r,0.00,0.18,-0.98,-0.03,2.197
r,0.00,0.18,-0.98,-0.03,2.201
r,0.00,0.18,-0.98,-0.03,2.204
r,0.00,0.18,-0.98,-0.03,2.208
r,0.00,0.18,-0.98,-0.03,2.213
r,0.00,0.18,-0.98,-0.03,2.216
r,0.00,0.18,-0.98,-0.03,2.220
r,0.00,0.18,-0.98,-0.03,2.225
r,0.00,0.18,-0.98,-0.03,2.228
r,0.00,0.18,-0.98,-0.03,2.233
r,0.00,0.18,-0.98,-0.03,2.237
r,0.00,0.18,-0.98,-0.03,2.240
r,0.00,0.18,-0.98,-0.03,2.244
r,0.00,0.18,-0.98,-0.03,2.248
r,0.00,0.18,-0.98,-0.03,2.252
r,0.00,0.18,-0.98,-0.03,2.255
r,0.00,0.18,-0.98,-0.03,2.260
r,0.00,0.18,-0.98,-0.03,2.265
r,0.00,0.18,-0.98,-0.03,2.268
r,0.00,0.18,-0.98,-0.03,2.273
r,0.00,0.18,-0.98,-0.03,2.278
r,0.00,0.18,-0.98,-0.03,2.280
r,0.00,0.18,-0.98,-0.03,2.285
r,0.00,0.18,-0.98,-0.03,2.289
r,0.00,0.18,-0.98,-0.03,2.293
r,0.00,0.18,-0.98,-0.03,2.297
r,0.00,0.18,-0.98,-0.03,2.301
r,0.00,0.18,-0.98,-0.03,2.304
r,0.00,0.18,-0.98,-0.03,2.308
r,0.00,0.18,-0.98,-0.03,2.313
r,0.00,0.18,-0.98,-0.03,2.316
r,0.00,0.18,-0.98,-0.03,2.320
r,0.00,0.18,-0.98,-0.03,2.324
r,0.00,0.18,-0.98,-0.03,2.327
r,0.00,0.18,-0.98,-0.03,2.332
r,0.00,0.18,-0.98,-0.03,2.336
r,0.00,0.18,-0.98,-0.03,2.339
r,0.00,0.18,-0.98,-0.03,2.343
r,0.00,0.18,-0.98,-0.03,2.347
r,0.00,0.18,-0.98,-0.03,2.351
r,0.00,0.18,-0.98,-0.03,2.355
r,0.00,0.18,-0.98,-0.03,2.359
r,0.00,0.18,-0.98,-0.03,2.363
r,0.00,0.18,-0.98,-0.03,2.367
r,0.00,0.18,-0.98,-0.03,2.372
r,0.00,0.18,-0.98,-0.03,2.376
r,0.00,0.18,-0.98,-0.03,2.379
r,0.00,0.18,-0.98,-0.03,2.383
r,0.00,0.18,-0.98,-0.03,2.387
r,0.00,0.18,-0.98,-0.03,2.390
r,0.00,0.18,-0.98,-0.03,2.395
r,0.00,0.18,-0.98,-0.03,2.399
r,0.00,0.18,-0.98,-0.03,2.403
r,0.00,0.18,-0.98,-0.03,2.407
r,0.00,0.18,-0.98,-0.03,2.413
r,0.00,0.18,-0.98,-0.03,2.415
r,0.00,0.18,-0.98,-0.03,2.419
r,0.00,0.18,-0.98,-0.03,2.423
r,0.00,0.18,-0.98,-0.03,2.426
r,0.00,0.18,-0.98,-0.03,2.430
r,0.00,0.18,-0.98,-0.03,2.435
r,0.00,0.18,-0.98,-0.03,2.438
r,0.00,0.18,-0.98,-0.03,2.441
r,0.00,0.18,-0.98,-0.03,2.445
r,0.00,0.18,-0.98,-0.03,2.449
r,0.00,0.18,-0.98,-0.03,2.453
r,0.00,0.18,-0.98,-0.03,2.457
r,0.00,0.18,-0.98,-0.03,2.462
r,0.00,0.18,-0.98,-0.03,2.465
r,0.00,0.18,-0.98,-0.03,2.469
r,0.00,0.18,-0.98,-0.03,2.473
r,0.00,0.18,-0.98,-0.03,2.476
r,0.00,0.18,-0.98,-0.03,2.480
r,0.00,0.18,-0.98,-0.03,2.485
r,0.00,0.18,-0.98,-0.03,2.488
r,0.00,0.18,-0.98,-0.03,2.493
r,0.00,0.18,-0.98,-0.03,2.497
r,0.00,0.18,-0.98,-0.03,2.500
r,0.00,0.18,-0.98,-0.03,2.505
r,0.00,0.18,-0.98,-0.03,2.509
r,0.00,0.18,-0.98,-0.03,2.512
r,0.00,0.18,-0.98,-0.03,2.516
r,0.00,0.18,-0.98,-0.03,2.520
r,0.00,0.18,-0.98,-0.03,2.523
r,0.00,0.18,-0.98,-0.03,2.527
r,0.00,0.18,-0.98,-0.03,2.532
r,0.00,0.18,-0.98,-0.03,2.536
r,0.00,0.18,-0.98,-0.03,2.540
r,0.00,0.18,-0.98,-0.03,2.544
r,0.00,0.18,-0.98,-0.03,2.548
r,0.00,0.18,-0.98,-0.03,2.552
r,0.00,0.18,-0.98,-0.03,2.556
r,0.00,0.18,-0.98,-0.03,2.560
r,0.00,0.18,-0.98,-0.03,2.564
r,0.00,0.18,-0.98,-0.03,2.568
r,0.00,0.18,-0.98,-0.03,2.574
r,0.00,0.18,-0.98,-0.03,2.577
r,0.00,0.18,-0.98,-0.03,2.581
r,0.00,0.18,-0.98,-0.03,2.585
r,0.00,0.18,-0.98,-0.03,2.587
r,0.00,0.18,-0.98,-0.03,2.592
r,0.00,0.18,-0.98,-0.03,2.597
r,0.00,0.18,-0.98,-0.03,2.599
r,0.00,0.18,-0.98,-0.03,2.603
r,0.00,0.18,-0.98,-0.03,2.608
r,0.00,0.18,-0.98,-0.03,2.612
r,0.00,0.18,-0.98,-0.03,2.616
r,0.00,0.18,-0.98,-0.03,2.620
r,0.00,0.18,-0.98,-0.03,2.624
r,0.00,0.18,-0.98,-0.03,2.627
r,0.00,0.18,-0.98,-0.03,2.632
r,0.00,0.18,-0.98,-0.03,2.636
r,0.00,0.18,-0.98,-0.03,2.639
r,0.00,0.18,-0.98,-0.03,2.643
r,0.00,0.18,-0.98,-0.03,2.648
r,0.00,0.18,-0.98,-0.03,2.652
r,0.00,0.18,-0.98,-0.03,2.656
r,0.00,0.18,-0.98,-0.03,2.660
r,0.00,0.18,-0.98,-0.03,2.663
r,0.00,0.18,-0.98,-0.03,2.667
r,0.00,0.18,-0.98,-0.03,2.672
r,0.00,0.18,-0.98,-0.03,2.675
r,0.00,0.18,-0.98,-0.03,2.679
r,0.00,0.18,-0.98,-0.03,2.683
r,0.00,0.18,-0.98,-0.03,2.687
r,0.00,0.18,-0.98,-0.03,2.692
r,0.00,0.18,-0.98,-0.03,2.695
r,0.00,0.18,-0.98,-0.03,2.699
r,0.00,0.18,-0.98,-0.03,2.703
r,0.00,0.18,-0.98,-0.03,2.707
r,0.00,0.18,-0.98,-0.03,2.712
r,0.00,0.18,-0.98,-0.03,2.715
r,0.00,0.18,-0.98,-0.03,2.719
r,0.00,0.18,-0.98,-0.03,2.723
r,0.00,0.18,-0.98,-0.03,2.726
r,0.00,0.18,-0.98,-0.03,2.730
r,0.00,0.18,-0.98,-0.03,2.735
r,0.00,0.18,-0.98,-0.03,2.738
r,0.00,0.18,-0.98,-0.03,2.742
r,0.00,0.18,-0.98,-0.03,2.747
r,0.00,0.18,-0.98,-0.03,2.751
r,0.00,0.18,-0.98,-0.03,2.755
r,0.00,0.18,-0.98,-0.03,2.760
r,0.00,0.18,-0.98,-0.03,2.763
r,0.00,0.18,-0.98,-0.03,2.767
r,0.00,0.18,-0.98,-0.03,2.771
r,0.00,0.18,-0.98,-0.04,2.774
r,0.00,0.18,-0.98,-0.04,2.778
r,0.00,0.18,-0.98,-0.04,2.782
r,0.00,0.18,-0.98,-0.04,2.785
r,0.00,0.18,-0.98,-0.03,2.790
r,0.00,0.18,-0.98,-0.03,2.794
r,0.00,0.18,-0.98,-0.03,2.797
r,0.00,0.18,-0.98,-0.03,2.802
r,0.00,0.18,-0.98,-0.03,2.806
r,0.00,0.18,-0.98,-0.03,2.809
r,0.00,0.18,-0.98,-0.03,2.814
r,0.00,0.18,-0.98,-0.03,2.817
r,0.00,0.18,-0.98,-0.04,2.820
r,0.00,0.18,-0.98,-0.04,2.824
r,0.00,0.18,-0.98,-0.04,2.828
r,0.00,0.18,-0.98,-0.04,2.832
r,0.00,0.18,-0.98,-0.03,2.836
r,0.00,0.18,-0.98,-0.03,2.840
r,0.00,0.18,-0.98,-0.03,2.844
r,0.00,0.18,-0.98,-0.03,2.847
r,0.00,0.18,-0.98,-0.03,2.852
r,0.00,0.18,-0.98,-0.03,2.856
r,0.00,0.18,-0.98,-0.03,2.859
r,0.00,0.18,-0.98,-0.03,2.863
r,0.00,0.18,-0.98,-0.04,2.867
r,0.00,0.18,-0.98,-0.04,2.871
r,0.00,0.18,-0.98,-0.04,2.876
r,0.00,0.18,-0.98,-0.04,2.880
r,0.00,0.18,-0.98,-0.04,2.883
r,0.00,0.18,-0.98,-0.03,2.887
r,0.00,0.18,-0.98,-0.03,2.892
r,0.00,0.18,-0.98,-0.03,2.895
r,0.00,0.18,-0.98,-0.03,2.899
r,0.00,0.18,-0.98,-0.03,2.903
r,0.00,0.18,-0.98,-0.03,2.906
r,0.00,0.18,-0.98,-0.03,2.911
r,0.00,0.18,-0.98,-0.04,2.915
r,0.00,0.18,-0.98,-0.04,2.918
r,0.00,0.18,-0.98,-0.04,2.922
r,0.00,0.18,-0.98,-0.04,2.927
r,0.00,0.18,-0.98,-0.04,2.931
r,0.00,0.18,-0.98,-0.04,2.935
r,0.00,0.18,-0.98,-0.03,2.939
r,0.00,0.18,-0.98,-0.03,2.942
r,0.00,0.18,-0.98,-0.03,2.946
r,0.00,0.18,-0.98,-0.03,2.951
r,0.00,0.18,-0.98,-0.03,2.955
r,0.00,0.18,-0.98,-0.03,2.959
r,0.00,0.18,-0.98,-0.04,2.963
r,0.00,0.18,-0.98,-0.04,2.967
r,0.00,0.18,-0.98,-0.04,2.971
r,0.00,0.18,-0.98,-0.04,2.976
r,0.00,0.18,-0.98,-0.04,2.979
r,0.00,0.18,-0.98,-0.04,2.982
r,0.00,0.18,-0.98,-0.03,2.986
r,0.00,0.18,-0.98,-0.03,2.991
r,0.00,0.18,-0.98,-0.03,2.994
r,0.00,0.18,-0.98,-0.03,2.998
r,0.00,0.18,-0.98,-0.03,3.002
r,0.00,0.18,-0.98,-0.03,3.006
r,0.00,0.18,-0.98,-0.04,3.011
r,0.00,0.18,-0.98,-0.04,3.015
r,0.00,0.18,-0.98,-0.04,3.019
r,0.00,0.18,-0.98,-0.04,3.024
r,0.00,0.18,-0.98,-0.04,3.027
r,0.00,0.18,-0.98,-0.04,3.030
r,0.00,0.18,-0.98,-0.04,3.034
r,0.00,0.18,-0.98,-0.03,3.038
r,0.00,0.18,-0.98,-0.03,3.041
r,0.00,0.18,-0.98,-0.03,3.045
r,0.00,0.18,-0.98,-0.03,3.050
r,0.00,0.18,-0.98,-0.03,3.053
r,0.00,0.18,-0.98,-0.03,3.057
r,0.00,0.18,-0.98,-0.04,3.062
r,0.00,0.18,-0.98,-0.04,3.065
r,0.00,0.18,-0.98,-0.04,3.069
r,0.00,0.18,-0.98,-0.04,3.074
r,0.00,0.18,-0.98,-0.04,3.077
r,0.00,0.18,-0.98,-0.04,3.081
r,0.00,0.18,-0.98,-0.04,3.085
r,0.00,0.18,-0.98,-0.03,3.088
r,0.00,0.18,-0.98,-0.03,3.093
r,0.00,0.18,-0.98,-0.03,3.097
r,0.00,0.18,-0.98,-0.03,3.101
r,0.00,0.18,-0.98,-0.04,3.105
r,0.00,0.18,-0.98,-0.04,3.109
r,0.00,0.18,-0.98,-0.04,3.113
r,0.00,0.18,-0.98,-0.04,3.117
r,0.00,0.18,-0.98,-0.04,3.122
r,0.00,0.18,-0.98,-0.04,3.126
r,0.00,0.18,-0.98,-0.04,3.132
r,0.00,0.18,-0.98,-0.03,3.136
r,0.00,0.18,-0.98,-0.03,3.139
r,0.00,0.18,-0.98,-0.03,3.143
r,0.00,0.18,-0.98,-0.03,3.147
r,0.00,0.18,-0.98,-0.03,3.151
r,0.00,0.18,-0.98,-0.04,3.155
r,0.00,0.18,-0.98,-0.04,3.159
r,0.00,0.18,-0.98,-0.04,3.162
r,0.00,0.18,-0.98,-0.04,3.166
r,0.00,0.18,-0.98,-0.04,3.170
r,0.00,0.18,-0.98,-0.04,3.174
r,0.00,0.18,-0.98,-0.04,3.178
r,0.00,0.18,-0.98,-0.04,3.183
r,0.00,0.18,-0.98,-0.03,3.186
r,0.00,0.18,-0.98,-0.03,3.190
r,0.00,0.18,-0.98,-0.03,3.194
r,0.00,0.18,-0.98,-0.04,3.199
r,0.00,0.18,-0.98,-0.04,3.202
r,0.00,0.18,-0.98,-0.04,3.206
r,0.00,0.18,-0.98,-0.04,3.212
r,0.00,0.18,-0.98,-0.04,3.215
r,0.00,0.18,-0.98,-0.04,3.219
r,0.00,0.18,-0.98,-0.04,3.223
r,0.00,0.18,-0.98,-0.04,3.226
r,0.00,0.18,-0.98,-0.04,3.231
r,0.00,0.18,-0.98,-0.03,3.236
r,0.00,0.18,-0.98,-0.03,3.239
r,0.00,0.18,-0.98,-0.03,3.244
r,0.00,0.18,-0.98,-0.04,3.249
r,0.00,0.18,-0.98,-0.04,3.253
r,0.00,0.18,-0.98,-0.04,3.257
r,0.00,0.18,-0.98,-0.04,3.262
r,0.00,0.18,-0.98,-0.04,3.265
r,0.00,0.18,-0.98,-0.04,3.270
r,0.00,0.18,-0.98,-0.04,3.274
r,0.00,0.18,-0.98,-0.04,3.277
r,0.00,0.18,-0.98,-0.04,3.281
r,0.00,0.18,-0.98,-0.03,3.286
r,0.00,0.18,-0.98,-0.03,3.290
r,0.00,0.18,-0.98,-0.03,3.294
r,0.00,0.18,-0.98,-0.04,3.299
r,0.00,0.18,-0.98,-0.04,3.302
r,0.00,0.18,-0.98,-0.04,3.306
r,0.00,0.18,-0.98,-0.04,3.311
r,0.00,0.18,-0.98,-0.04,3.314
r,0.00,0.18,-0.98,-0.04,3.318
r,0.00,0.18,-0.98,-0.04,3.322
r,0.00,0.18,-0.98,-0.04,3.326
r,0.00,0.18,-0.98,-0.04,3.331
r,0.00,0.18,-0.98,-0.04,3.335
r,0.00,0.18,-0.98,-0.04,3.338
r,0.00,0.18,-0.98,-0.04,3.342
r,0.00,0.18,-0.98,-0.04,3.346
r,0.00,0.18,-0.98,-0.04,3.350
r,0.00,0.18,-0.98,-0.04,3.354
r,0.00,0.18,-0.98,-0.04,3.358
r,0.00,0.18,-0.98,-0.04,3.361
r,0.00,0.18,-0.98,-0.04,3.366
r,0.00,0.18,-0.98,-0.04,3.371
r,0.00,0.18,-0.98,-0.04,3.373
r,0.00,0.18,-0.98,-0.04,3.378
r,0.00,0.18,-0.98,-0.04,3.382
r,0.00,0.18,-0.98,-0.04,3.385
r,0.00,0.18,-0.98,-0.03,3.390
r,0.00,0.18,-0.98,-0.04,3.394
r,0.00,0.18,-0.98,-0.04,3.397
r,0.00,0.18,-0.98,-0.04,3.401
r,0.00,0.18,-0.98,-0.04,3.405
r,0.00,0.18,-0.98,-0.04,3.408
r,0.00,0.18,-0.98,-0.04,3.413
r,0.00,0.18,-0.98,-0.04,3.417
r,0.00,0.18,-0.98,-0.04,3.421
r,0.00,0.18,-0.98,-0.04,3.424
r,0.00,0.18,-0.98,-0.04,3.428
r,0.00,0.18,-0.98,-0.04,3.433
r,0.00,0.18,-0.98,-0.04,3.436
r,0.00,0.18,-0.98,-0.03,3.441
r,0.00,0.18,-0.98,-0.04,3.445
r,0.00,0.18,-0.98,-0.04,3.448
r,0.00,0.18,-0.98,-0.04,3.453
r,0.00,0.18,-0.98,-0.04,3.456
r,0.00,0.18,-0.98,-0.04,3.460
r,0.00,0.18,-0.98,-0.04,3.464
r,0.00,0.18,-0.98,-0.04,3.469
r,0.00,0.18,-0.98,-0.04,3.473
r,0.00,0.18,-0.98,-0.04,3.477
r,0.00,0.18,-0.98,-0.04,3.481
r,0.00,0.18,-0.98,-0.04,3.484
r,0.00,0.18,-0.98,-0.04,3.488
r,0.00,0.18,-0.98,-0.04,3.493
r,0.00,0.18,-0.98,-0.04,3.496
r,0.00,0.18,-0.98,-0.04,3.500
r,0.00,0.18,-0.98,-0.04,3.504
r,0.00,0.18,-0.98,-0.04,3.507
r,0.00,0.18,-0.98,-0.04,3.511
r,0.00,0.18,-0.98,-0.04,3.516
r,0.00,0.18,-0.98,-0.04,3.520
r,0.00,0.18,-0.98,-0.04,3.523
r,0.00,0.18,-0.98,-0.04,3.527
r,0.00,0.18,-0.98,-0.04,3.530
r,0.00,0.18,-0.98,-0.04,3.534
r,0.00,0.18,-0.98,-0.04,3.538
r,0.00,0.18,-0.98,-0.04,3.542
r,0.00,0.18,-0.98,-0.04,3.546
r,0.00,0.18,-0.98,-0.04,3.551
r,0.00,0.18,-0.98,-0.04,3.555
r,0.00,0.18,-0.98,-0.04,3.558
r,0.00,0.18,-0.98,-0.04,3.563
r,0.00,0.18,-0.98,-0.04,3.566
r,0.00,0.18,-0.98,-0.04,3.572
r,0.00,0.18,-0.98,-0.04,3.576
r,0.00,0.18,-0.98,-0.04,3.580
r,0.00,0.18,-0.98,-0.04,3.585
r,0.00,0.18,-0.98,-0.04,3.590
r,0.00,0.18,-0.98,-0.04,3.593
r,0.00,0.18,-0.98,-0.04,3.597
r,0.00,0.18,-0.98,-0.04,3.601
r,0.00,0.18,-0.98,-0.04,3.605
r,0.00,0.18,-0.98,-0.04,3.610
r,0.00,0.18,-0.98,-0.04,3.614
r,0.00,0.18,-0.98,-0.04,3.617
r,0.00,0.18,-0.98,-0.04,3.621
r,0.00,0.18,-0.98,-0.04,3.626
r,0.00,0.18,-0.98,-0.04,3.630
r,0.00,0.18,-0.98,-0.04,3.634
r,0.00,0.18,-0.98,-0.04,3.638
r,0.00,0.18,-0.98,-0.04,3.641
r,0.00,0.18,-0.98,-0.04,3.645
r,0.00,0.18,-0.98,-0.04,3.649
r,0.00,0.18,-0.98,-0.04,3.653
r,0.00,0.18,-0.98,-0.04,3.657
r,0.00,0.18,-0.98,-0.04,3.661
r,0.00,0.18,-0.98,-0.04,3.664
r,0.00,0.18,-0.98,-0.04,3.668
r,0.00,0.18,-0.98,-0.04,3.673
r,0.00,0.18,-0.98,-0.04,3.676
r,0.00,0.18,-0.98,-0.04,3.680
r,0.00,0.18,-0.98,-0.04,3.684
r,0.00,0.18,-0.98,-0.04,3.687
r,0.00,0.18,-0.98,-0.04,3.691
r,0.00,0.18,-0.98,-0.04,3.696
r,0.00,0.18,-0.98,-0.04,3.699
r,0.00,0.18,-0.98,-0.04,3.704
r,0.00,0.18,-0.98,-0.04,3.708
r,0.00,0.18,-0.98,-0.04,3.712
r,0.00,0.18,-0.98,-0.04,3.716
r,0.00,0.18,-0.98,-0.04,3.720
r,0.00,0.18,-0.98,-0.04,3.724
r,0.00,0.18,-0.98,-0.04,3.729
r,0.00,0.18,-0.98,-0.04,3.733
r,0.00,0.18,-0.98,-0.04,3.736
r,0.00,0.18,-0.98,-0.04,3.740
r,0.00,0.18,-0.98,-0.04,3.745
r,0.00,0.18,-0.98,-0.04,3.749
r,0.00,0.18,-0.98,-0.04,3.753
r,0.00,0.18,-0.98,-0.04,3.758
r,0.00,0.18,-0.98,-0.04,3.761
r,0.00,0.18,-0.98,-0.04,3.765
r,0.00,0.18,-0.98,-0.04,3.768
r,0.00,0.18,-0.98,-0.04,3.772
r,0.00,0.18,-0.98,-0.04,3.776
r,0.00,0.18,-0.98,-0.04,3.780
r,0.00,0.18,-0.98,-0.04,3.783
r,0.00,0.18,-0.98,-0.04,3.789
r,0.00,0.18,-0.98,-0.04,3.793
r,0.00,0.18,-0.98,-0.04,3.797
r,0.00,0.18,-0.98,-0.04,3.802
r,0.00,0.18,-0.98,-0.04,3.806
r,0.00,0.18,-0.98,-0.04,3.809
r,0.00,0.18,-0.98,-0.04,3.814
r,0.00,0.18,-0.98,-0.04,3.819
r,0.00,0.18,-0.98,-0.04,3.823
r,0.00,0.18,-0.98,-0.04,3.826
r,0.00,0.18,-0.98,-0.04,3.830
r,0.00,0.18,-0.98,-0.04,3.834
r,0.00,0.18,-0.98,-0.04,3.838
r,0.00,0.18,-0.98,-0.04,3.842
r,0.00,0.18,-0.98,-0.04,3.847
r,0.00,0.18,-0.98,-0.04,3.851
r,0.00,0.18,-0.98,-0.04,3.855
r,0.00,0.18,-0.98,-0.04,3.860
r,0.00,0.18,-0.98,-0.04,3.863
r,0.00,0.18,-0.98,-0.04,3.869
r,0.00,0.18,-0.98,-0.04,3.873
r,0.00,0.18,-0.98,-0.04,3.877
r,0.00,0.18,-0.98,-0.04,3.881
r,0.00,0.18,-0.98,-0.04,3.885
r,0.00,0.18,-0.98,-0.04,3.889
r,0.00,0.18,-0.98,-0.04,3.893
r,0.00,0.18,-0.98,-0.04,3.897
r,0.00,0.18,-0.98,-0.04,3.900
r,0.00,0.18,-0.98,-0.04,3.905
r,0.00,0.18,-0.98,-0.04,3.910
r,0.00,0.18,-0.98,-0.04,3.913
r,0.00,0.18,-0.98,-0.04,3.917
r,0.00,0.18,-0.98,-0.04,3.922
r,0.00,0.18,-0.98,-0.04,3.925
r,0.00,0.18,-0.98,-0.04,3.930
r,0.00,0.18,-0.98,-0.04,3.934
r,0.00,0.18,-0.98,-0.04,3.937
r,0.00,0.18,-0.98,-0.04,3.942
r,0.00,0.18,-0.98,-0.04,3.946
r,0.00,0.18,-0.98,-0.04,3.950
r,0.00,0.18,-0.98,-0.04,3.955
r,0.00,0.18,-0.98,-0.04,3.960
r,0.00,0.18,-0.98,-0.04,3.963
r,0.00,0.18,-0.98,-0.04,3.967
r,0.00,0.18,-0.98,-0.04,3.972
r,0.00,0.18,-0.98,-0.04,3.975
r,0.00,0.18,-0.98,-0.04,3.980
r,0.00,0.18,-0.98,-0.04,3.984
r,0.00,0.18,-0.98,-0.04,3.988
r,0.00,0.18,-0.98,-0.04,3.992
r,0.00,0.18,-0.98,-0.04,3.996
r,0.00,0.18,-0.98,-0.04,3.999
r,0.00,0.18,-0.98,-0.04,4.003
r,0.00,0.18,-0.98,-0.04,4.008
r,0.00,0.18,-0.98,-0.04,4.012
r,0.00,0.18,-0.98,-0.04,4.016
r,0.00,0.18,-0.98,-0.04,4.020
r,0.00,0.18,-0.98,-0.04,4.024
r,0.00,0.18,-0.98,-0.04,4.029
r,0.00,0.18,-0.98,-0.04,4.033
r,0.00,0.18,-0.98,-0.04,4.036
r,0.00,0.18,-0.98,-0.04,4.040
r,0.00,0.18,-0.98,-0.04,4.044
r,0.00,0.18,-0.98,-0.04,4.047
r,0.00,0.18,-0.98,-0.04,4.052
r,0.00,0.18,-0.98,-0.04,4.056
r,0.00,0.18,-0.98,-0.04,4.059
r,0.00,0.18,-0.98,-0.04,4.063
r,0.00,0.18,-0.98,-0.04,4.068
r,0.00,0.18,-0.98,-0.04,4.071
r,0.00,0.18,-0.98,-0.04,4.075
r,0.00,0.18,-0.98,-0.04,4.080
r,0.00,0.18,-0.98,-0.04,4.083
r,0.00,0.18,-0.98,-0.04,4.087
r,0.00,0.18,-0.98,-0.04,4.092
r,0.00,0.18,-0.98,-0.04,4.095
r,0.00,0.18,-0.98,-0.04,4.099
r,0.00,0.18,-0.98,-0.04,4.103
r,0.00,0.18,-0.98,-0.04,4.106
r,0.00,0.18,-0.98,-0.04,4.111
r,0.00,0.18,-0.98,-0.04,4.115
r,0.00,0.18,-0.98,-0.04,4.119
r,0.00,0.18,-0.98,-0.04,4.123
r,0.00,0.18,-0.98,-0.04,4.127
r,0.00,0.18,-0.98,-0.04,4.131
r,0.00,0.18,-0.98,-0.04,4.135
r,0.00,0.18,-0.98,-0.04,4.140
r,0.00,0.18,-0.98,-0.04,4.144
r,0.00,0.18,-0.98,-0.04,4.150
r,0.00,0.18,-0.98,-0.04,4.154
r,0.00,0.18,-0.98,-0.04,4.157
r,0.00,0.18,-0.98,-0.04,4.162
r,0.00,0.18,-0.98,-0.04,4.166
r,0.00,0.18,-0.98,-0.04,4.169
r,0.00,0.18,-0.98,-0.04,4.173
r,0.00,0.18,-0.98,-0.04,4.177
r,0.00,0.18,-0.98,-0.04,4.180
r,0.00,0.18,-0.98,-0.04,4.184
r,0.00,0.18,-0.98,-0.04,4.189
r,0.00,0.18,-0.98,-0.04,4.192
r,0.00,0.18,-0.98,-0.04,4.197
r,0.00,0.18,-0.98,-0.04,4.201
r,0.00,0.18,-0.98,-0.04,4.204
r,0.00,0.18,-0.98,-0.04,4.209
r,0.00,0.18,-0.98,-0.04,4.213
r,0.00,0.18,-0.98,-0.04,4.216
r,0.00,0.18,-0.98,-0.04,4.221
r,0.00,0.18,-0.98,-0.04,4.225
r,0.00,0.18,-0.98,-0.04,4.229
r,0.00,0.18,-0.98,-0.04,4.233
r,0.00,0.18,-0.98,-0.04,4.237
r,0.00,0.18,-0.98,-0.04,4.240
r,0.00,0.18,-0.98,-0.04,4.244
r,0.00,0.18,-0.98,-0.04,4.249
r,0.00,0.18,-0.98,-0.04,4.252
r,0.00,0.18,-0.98,-0.04,4.256
r,0.00,0.18,-0.98,-0.04,4.260
r,0.00,0.18,-0.98,-0.04,4.263
r,0.00,0.18,-0.98,-0.04,4.267
r,0.00,0.18,-0.98,-0.04,4.272
r,0.00,0.18,-0.98,-0.04,4.275
r,0.00,0.18,-0.98,-0.04,4.279
r,0.00,0.18,-0.98,-0.04,4.284
r,0.00,0.18,-0.98,-0.04,4.288
r,0.00,0.18,-0.98,-0.04,4.292
r,0.00,0.18,-0.98,-0.04,4.296
r,0.00,0.18,-0.98,-0.04,4.299
r,0.00,0.18,-0.98,-0.04,4.303
r,0.00,0.18,-0.98,-0.04,4.308
r,0.00,0.18,-0.98,-0.04,4.311
r,0.00,0.18,-0.98,-0.04,4.315
r,0.00,0.18,-0.98,-0.04,4.319
r,0.00,0.18,-0.98,-0.04,4.323
r,0.00,0.18,-0.98,-0.04,4.327
r,0.00,0.18,-0.98,-0.04,4.331
r,0.00,0.18,-0.98,-0.04,4.335
r,0.00,0.18,-0.98,-0.04,4.338
r,0.00,0.18,-0.98,-0.04,4.343
r,0.00,0.18,-0.98,-0.04,4.347
r,0.00,0.18,-0.98,-0.04,4.350
r,0.00,0.18,-0.98,-0.04,4.354
r,0.00,0.18,-0.98,-0.04,4.359
r,0.00,0.18,-0.98,-0.04,4.362
r,0.00,0.18,-0.98,-0.04,4.367
r,0.00,0.18,-0.98,-0.04,4.371
r,0.00,0.18,-0.98,-0.04,4.374
r,0.00,0.18,-0.98,-0.04,4.378
r,0.00,0.18,-0.98,-0.04,4.382
r,0.00,0.18,-0.98,-0.04,4.385
r,0.00,0.18,-0.98,-0.04,4.389
r,0.00,0.18,-0.98,-0.04,4.394
r,0.00,0.18,-0.98,-0.04,4.397
r,0.00,0.18,-0.98,-0.04,4.401
r,0.00,0.18,-0.98,-0.04,4.404
r,0.00,0.18,-0.98,-0.04,4.408
r,0.00,0.18,-0.98,-0.04,4.412
r,0.00,0.18,-0.98,-0.04,4.417
r,0.00,0.18,-0.98,-0.04,4.421
r,0.00,0.18,-0.98,-0.04,4.426
r,0.00,0.18,-0.98,-0.04,4.431
r,0.00,0.18,-0.98,-0.04,4.434
r,0.00,0.18,-0.98,-0.04,4.439
r,0.00,0.18,-0.98,-0.04,4.444
r,0.00,0.18,-0.98,-0.04,4.448
r,0.00,0.18,-0.98,-0.04,4.452
r,0.00,0.18,-0.98,-0.04,4.456
r,0.00,0.18,-0.98,-0.04,4.458
r,0.00,0.18,-0.98,-0.04,4.461
r,0.00,0.18,-0.98,-0.04,4.466
r,0.00,0.18,-0.98,-0.04,4.469
r,0.00,0.18,-0.98,-0.04,4.473
r,0.00,0.18,-0.98,-0.04,4.477
r,0.00,0.18,-0.98,-0.04,4.480
r,0.00,0.18,-0.98,-0.04,4.484
r,0.00,0.18,-0.98,-0.04,4.489
r,0.00,0.18,-0.98,-0.04,4.492
r,0.00,0.18,-0.98,-0.04,4.496
r,0.00,0.18,-0.98,-0.04,4.501
r,0.00,0.18,-0.98,-0.04,4.504
r,0.00,0.18,-0.98,-0.04,4.509
r,0.00,0.18,-0.98,-0.04,4.513
r,0.00,0.18,-0.98,-0.04,4.516
r,0.00,0.18,-0.98,-0.04,4.521
r,0.00,0.18,-0.98,-0.04,4.526
r,0.00,0.18,-0.98,-0.04,4.531
r,0.00,0.18,-0.98,-0.04,4.533
r,0.00,0.18,-0.98,-0.04,4.537
r,0.00,0.18,-0.98,-0.04,4.541
r,0.00,0.18,-0.98,-0.04,4.544
r,0.00,0.18,-0.98,-0.04,4.549
r,0.00,0.18,-0.98,-0.04,4.553
r,0.00,0.18,-0.98,-0.04,4.556
r,0.00,0.18,-0.98,-0.04,4.561
r,0.00,0.18,-0.98,-0.04,4.565
r,0.00,0.18,-0.98,-0.04,4.568
r,0.00,0.18,-0.98,-0.04,4.573
r,0.00,0.18,-0.98,-0.04,4.577
r,0.00,0.18,-0.98,-0.04,4.581
r,0.00,0.18,-0.98,-0.04,4.586
r,0.00,0.18,-0.98,-0.04,4.591
r,0.00,0.18,-0.98,-0.04,4.594
r,0.00,0.18,-0.98,-0.04,4.599
r,0.00,0.18,-0.98,-0.04,4.603
r,0.00,0.18,-0.98,-0.04,4.607
r,0.00,0.18,-0.98,-0.04,4.611
r,0.00,0.18,-0.98,-0.04,4.615
r,0.00,0.18,-0.98,-0.04,4.618
r,0.00,0.18,-0.98,-0.04,4.623
r,0.00,0.18,-0.98,-0.04,4.628
r,0.00,0.18,-0.98,-0.04,4.631
r,0.00,0.18,-0.98,-0.04,4.635
r,0.00,0.18,-0.98,-0.04,4.639
r,0.00,0.18,-0.98,-0.04,4.642
r,0.00,0.18,-0.98,-0.04,4.647
r,0.00,0.18,-0.98,-0.04,4.651
r,0.00,0.18,-0.98,-0.04,4.654
r,0.00,0.18,-0.98,-0.04,4.658
r,0.00,0.18,-0.98,-0.04,4.662
r,0.00,0.18,-0.98,-0.04,4.666
r,0.00,0.18,-0.98,-0.04,4.670
r,0.00,0.18,-0.98,-0.04,4.675
r,0.00,0.18,-0.98,-0.04,4.678
r,0.00,0.18,-0.98,-0.04,4.683
r,0.00,0.18,-0.98,-0.04,4.688
r,0.00,0.18,-0.98,-0.04,4.691
r,0.00,0.18,-0.98,-0.04,4.695
r,0.00,0.18,-0.98,-0.04,4.699
r,0.00,0.18,-0.98,-0.04,4.703
r,0.00,0.18,-0.98,-0.04,4.708
r,0.00,0.18,-0.98,-0.04,4.712
r,0.00,0.18,-0.98,-0.04,4.715
r,0.00,0.18,-0.98,-0.04,4.719
r,0.00,0.18,-0.98,-0.04,4.723
r,0.00,0.18,-0.98,-0.04,4.726
r,0.00,0.18,-0.98,-0.04,4.731
r,0.00,0.18,-0.98,-0.04,4.735
r,0.00,0.18,-0.98,-0.04,4.739
r,0.00,0.18,-0.98,-0.04,4.742
r,0.00,0.18,-0.98,-0.04,4.746
r,0.00,0.18,-0.98,-0.04,4.751
r,0.00,0.18,-0.98,-0.04,4.754
r,0.00,0.18,-0.98,-0.04,4.758
r,0.00,0.18,-0.98,-0.04,4.762
r,0.00,0.18,-0.98,-0.04,4.766
r,0.00,0.18,-0.98,-0.04,4.771
r,0.00,0.18,-0.98,-0.04,4.775
r,0.00,0.18,-0.98,-0.04,4.777
r,0.00,0.18,-0.98,-0.04,4.781
r,0.00,0.18,-0.98,-0.04,4.785
r,0.00,0.18,-0.98,-0.04,4.788
r,0.00,0.18,-0.98,-0.04,4.793
r,0.00,0.18,-0.98,-0.04,4.797
r,0.00,0.18,-0.98,-0.04,4.800
r,0.00,0.18,-0.98,-0.04,4.805
r,0.00,0.18,-0.98,-0.04,4.809
r,0.00,0.18,-0.98,-0.04,4.813
r,0.00,0.18,-0.98,-0.04,4.818
r,0.00,0.18,-0.98,-0.04,4.822
r,0.00,0.18,-0.98,-0.04,4.825
r,0.00,0.18,-0.98,-0.04,4.829
r,0.00,0.18,-0.98,-0.04,4.833
r,0.00,0.18,-0.98,-0.04,4.836
r,0.00,0.18,-0.98,-0.04,4.841
r,0.00,0.18,-0.98,-0.04,4.845
r,0.00,0.18,-0.98,-0.04,4.849
r,0.00,0.18,-0.98,-0.04,4.853
r,0.00,0.18,-0.98,-0.04,4.857
r,0.00,0.18,-0.98,-0.04,4.860
r,0.00,0.18,-0.98,-0.04,4.864
r,0.00,0.18,-0.98,-0.04,4.869
r,0.00,0.18,-0.98,-0.04,4.872
r,0.00,0.18,-0.98,-0.04,4.876
r,0.00,0.18,-0.98,-0.04,4.880
r,0.00,0.18,-0.98,-0.04,4.883
r,0.00,0.18,-0.98,-0.04,4.888
r,0.00,0.18,-0.98,-0.04,4.892
r,0.00,0.18,-0.98,-0.04,4.895
r,0.00,0.18,-0.98,-0.04,4.900
r,0.00,0.18,-0.98,-0.04,4.904
r,0.00,0.18,-0.98,-0.04,4.908
r,0.00,0.18,-0.98,-0.04,4.912
r,0.00,0.18,-0.98,-0.04,4.916
r,0.00,0.18,-0.98,-0.04,4.919
r,0.00,0.18,-0.98,-0.04,4.923
r,0.00,0.18,-0.98,-0.04,4.928
r,0.00,0.18,-0.98,-0.04,4.932
r,0.00,0.18,-0.98,-0.04,4.935
r,0.00,0.18,-0.98,-0.04,4.939
r,0.00,0.18,-0.98,-0.04,4.943
r,0.00,0.18,-0.98,-0.04,4.948
r,0.00,0.18,-0.98,-0.04,4.952
r,0.00,0.18,-0.98,-0.04,4.955
r,0.00,0.18,-0.98,-0.04,4.960
r,0.00,0.18,-0.98,-0.04,4.964
r,0.00,0.18,-0.98,-0.04,4.968
r,0.00,0.18,-0.98,-0.04,4.972
r,0.00,0.18,-0.98,-0.04,4.975
r,0.00,0.18,-0.98,-0.04,4.978
r,0.00,0.18,-0.98,-0.04,4.982
r,0.00,0.18,-0.98,-0.04,4.987
r,0.00,0.18,-0.98,-0.04,4.990
r,0.00,0.18,-0.98,-0.04,4.994
r,0.00,0.18,-0.98,-0.04,4.998
r,0.00,0.18,-0.98,-0.04,5.001
r,0.00,0.18,-0.98,-0.04,5.005
r,0.00,0.18,-0.98,-0.04,5.010
r,0.00,0.18,-0.98,-0.04,5.014
r,0.00,0.18,-0.98,-0.04,5.018
r,0.00,0.18,-0.98,-0.04,5.022
r,0.00,0.18,-0.98,-0.04,5.025
r,0.00,0.18,-0.98,-0.04,5.029
r,0.00,0.18,-0.98,-0.04,5.033
r,0.00,0.18,-0.98,-0.04,5.037
r,0.00,0.18,-0.98,-0.04,5.041
r,0.00,0.18,-0.98,-0.04,5.045
r,0.00,0.18,-0.98,-0.04,5.048
r,0.00,0.18,-0.98,-0.04,5.052
r,0.00,0.18,-0.98,-0.04,5.057
r,0.00,0.18,-0.98,-0.04,5.060
r,0.00,0.18,-0.98,-0.04,5.065
r,0.00,0.18,-0.98,-0.04,5.070
r,0.00,0.18,-0.98,-0.04,5.073
r,0.00,0.18,-0.98,-0.04,5.077
r,0.00,0.18,-0.98,-0.04,5.081
r,0.00,0.18,-0.98,-0.04,5.084
r,0.00,0.18,-0.98,-0.04,5.089
r,0.00,0.18,-0.98,-0.04,5.093
r,0.00,0.18,-0.98,-0.04,5.098
r,0.00,0.18,-0.98,-0.04,5.101
r,0.00,0.18,-0.98,-0.04,5.105
r,0.00,0.18,-0.98,-0.04,5.109
r,0.00,0.18,-0.98,-0.04,5.112
r,0.00,0.18,-0.98,-0.04,5.117
r,0.00,0.18,-0.98,-0.04,5.121
r,0.00,0.18,-0.98,-0.04,5.125
r,0.00,0.18,-0.98,-0.04,5.130
r,0.00,0.18,-0.98,-0.04,5.134
r,0.00,0.18,-0.98,-0.04,5.137
r,0.00,0.18,-0.98,-0.04,5.141
r,0.00,0.18,-0.98,-0.04,5.145
r,0.00,0.18,-0.98,-0.04,5.149
r,0.00,0.18,-0.98,-0.04,5.153
r,0.00,0.18,-0.98,-0.04,5.158
r,0.00,0.18,-0.98,-0.04,5.161
r,0.00,0.18,-0.98,-0.04,5.164
r,0.00,0.18,-0.98,-0.04,5.168
r,0.00,0.18,-0.98,-0.04,5.171
r,0.00,0.18,-0.98,-0.04,5.175
r,0.00,0.18,-0.98,-0.04,5.180
r,0.00,0.18,-0.98,-0.04,5.183
r,0.00,0.18,-0.98,-0.04,5.187
r,0.00,0.18,-0.98,-0.04,5.191
r,0.00,0.18,-0.98,-0.04,5.195
r,0.00,0.18,-0.98,-0.04,5.199
r,0.00,0.18,-0.98,-0.04,5.203
r,0.00,0.18,-0.98,-0.04,5.207
r,0.00,0.18,-0.98,-0.04,5.211
r,0.00,0.18,-0.98,-0.04,5.215
r,0.00,0.18,-0.98,-0.04,5.218
r,0.00,0.18,-0.98,-0.04,5.222
r,0.00,0.18,-0.98,-0.04,5.227
r,0.00,0.18,-0.98,-0.04,5.230
r,0.00,0.18,-0.98,-0.04,5.234
r,0.00,0.18,-0.98,-0.04,5.239
r,0.00,0.18,-0.98,-0.04,5.242
r,0.00,0.18,-0.98,-0.04,5.247
r,0.00,0.18,-0.98,-0.04,5.251
r,0.00,0.18,-0.98,-0.04,5.254
r,0.00,0.18,-0.98,-0.04,5.258
r,0.00,0.18,-0.98,-0.04,5.262
r,0.00,0.18,-0.98,-0.04,5.266
r,0.00,0.18,-0.98,-0.04,5.270
r,0.00,0.18,-0.98,-0.04,5.275
r,0.00,0.18,-0.98,-0.04,5.279
r,0.00,0.18,-0.98,-0.04,5.283
r,0.00,0.18,-0.98,-0.04,5.287
r,0.00,0.18,-0.98,-0.04,5.291
r,0.00,0.18,-0.98,-0.04,5.294
r,0.00,0.18,-0.98,-0.04,5.298
r,0.00,0.18,-0.98,-0.04,5.301
r,0.00,0.18,-0.98,-0.04,5.306
r,0.00,0.18,-0.98,-0.04,5.310
r,0.00,0.18,-0.98,-0.04,5.313
r,0.00,0.18,-0.98,-0.04,5.317
r,0.00,0.18,-0.98,-0.04,5.321
r,0.00,0.18,-0.98,-0.04,5.325
r,0.00,0.18,-0.98,-0.04,5.329
r,0.00,0.18,-0.98,-0.04,5.333
r,0.00,0.18,-0.98,-0.04,5.337
r,0.00,0.18,-0.98,-0.04,5.340
r,0.00,0.18,-0.98,-0.04,5.345
r,0.00,0.18,-0.98,-0.04,5.349
r,0.00,0.18,-0.98,-0.04,5.352
r,0.00,0.18,-0.98,-0.04,5.357
r,0.00,0.18,-0.98,-0.04,5.361
r,0.00,0.18,-0.98,-0.04,5.365
r,0.00,0.18,-0.98,-0.04,5.369
r,0.00,0.18,-0.98,-0.04,5.373
r,0.00,0.18,-0.98,-0.04,5.376
r,0.00,0.18,-0.98,-0.04,5.380
r,0.00,0.18,-0.98,-0.04,5.385
r,0.00,0.18,-0.98,-0.04,5.388
r,0.00,0.18,-0.98,-0.04,5.392
r,0.00,0.18,-0.98,-0.04,5.396
r,0.00,0.18,-0.98,-0.04,5.399
r,0.00,0.18,-0.98,-0.04,5.404
r,0.00,0.18,-0.98,-0.04,5.409
r,0.00,0.18,-0.98,-0.04,5.412
r,0.00,0.18,-0.98,-0.04,5.416
r,0.00,0.18,-0.98,-0.04,5.420
r,0.00,0.18,-0.98,-0.04,5.423
r,0.00,0.18,-0.98,-0.04,5.428
r,0.00,0.18,-0.98,-0.04,5.432
r,0.00,0.18,-0.98,-0.04,5.436
r,0.00,0.18,-0.98,-0.04,5.440
r,0.00,0.18,-0.98,-0.04,5.444
r,0.00,0.18,-0.98,-0.04,5.448
r,0.00,0.18,-0.98,-0.04,5.452
r,0.00,0.18,-0.98,-0.04,5.457
r,0.00,0.18,-0.98,-0.04,5.460
r,0.00,0.18,-0.98,-0.04,5.464
r,0.00,0.18,-0.98,-0.04,5.469
r,0.00,0.18,-0.98,-0.04,5.472
r,0.00,0.18,-0.98,-0.04,5.477
r,0.00,0.18,-0.98,-0.04,5.482
r,0.00,0.18,-0.98,-0.04,5.487
r,0.00,0.18,-0.98,-0.04,5.491
r,0.00,0.18,-0.98,-0.04,5.495
r,0.00,0.18,-0.98,-0.04,5.499
r,0.00,0.18,-0.98,-0.04,5.503
r,0.00,0.18,-0.98,-0.04,5.507
r,0.00,0.18,-0.98,-0.04,5.510
r,0.00,0.18,-0.98,-0.04,5.514
r,0.00,0.18,-0.98,-0.04,5.518
r,0.00,0.18,-0.98,-0.04,5.522
r,0.00,0.18,-0.98,-0.04,5.526
r,0.00,0.18,-0.98,-0.04,5.530
r,0.00,0.18,-0.98,-0.04,5.534
r,0.00,0.18,-0.98,-0.04,5.538
r,0.00,0.18,-0.98,-0.04,5.542
r,0.00,0.18,-0.98,-0.04,5.546
r,0.00,0.18,-0.98,-0.04,5.551
r,0.00,0.18,-0.98,-0.04,5.555
r,0.00,0.18,-0.98,-0.04,5.558
r,0.00,0.18,-0.98,-0.04,5.562
r,0.00,0.18,-0.98,-0.04,5.567
r,0.00,0.18,-0.98,-0.04,5.571
r,0.00,0.18,-0.98,-0.04,5.574
r,0.00,0.18,-0.98,-0.04,5.579
r,0.00,0.18,-0.98,-0.04,5.583
r,0.00,0.18,-0.98,-0.04,5.587
r,0.00,0.18,-0.98,-0.04,5.591
r,0.00,0.18,-0.98,-0.04,5.595
r,0.00,0.18,-0.98,-0.04,5.599
r,0.00,0.18,-0.98,-0.04,5.604
r,0.00,0.18,-0.98,-0.04,5.609
r,0.00,0.18,-0.98,-0.04,5.612
r,0.00,0.18,-0.98,-0.04,5.617
r,0.00,0.18,-0.98,-0.04,5.621
r,0.00,0.18,-0.98,-0.04,5.625
r,0.00,0.18,-0.98,-0.04,5.629
r,0.00,0.18,-0.98,-0.04,5.634
r,0.00,0.18,-0.98,-0.04,5.637
r,0.00,0.18,-0.98,-0.04,5.642
r,0.00,0.18,-0.98,-0.04,5.647
r,0.00,0.18,-0.98,-0.04,5.650
r,0.00,0.18,-0.98,-0.04,5.654
r,0.00,0.18,-0.98,-0.04,5.658
r,0.00,0.18,-0.98,-0.04,5.661
r,0.00,0.18,-0.98,-0.04,5.666
r,0.00,0.18,-0.98,-0.04,5.671
r,0.00,0.18,-0.98,-0.04,5.674
r,0.00,0.18,-0.98,-0.04,5.679
r,0.00,0.18,-0.98,-0.04,5.683
r,0.00,0.18,-0.98,-0.04,5.687
r,0.00,0.18,-0.98,-0.04,5.691
r,0.00,0.18,-0.98,-0.04,5.694
r,0.00,0.18,-0.98,-0.04,5.697
r,0.00,0.18,-0.98,-0.04,5.701
r,0.00,0.18,-0.98,-0.04,5.705
r,0.00,0.18,-0.98,-0.04,5.708
r,0.00,0.18,-0.98,-0.04,5.712
r,0.00,0.18,-0.98,-0.04,5.716
r,0.00,0.18,-0.98,-0.04,5.719
r,0.00,0.18,-0.98,-0.04,5.724
r,0.00,0.18,-0.98,-0.04,5.728
r,0.00,0.18,-0.98,-0.04,5.731
r,0.00,0.18,-0.98,-0.04,5.736
r,0.00,0.18,-0.98,-0.04,5.739
r,0.00,0.18,-0.98,-0.04,5.742
r,0.00,0.18,-0.98,-0.04,5.748
r,0.00,0.18,-0.98,-0.04,5.752
r,0.00,0.18,-0.98,-0.04,5.755
r,0.00,0.18,-0.98,-0.04,5.759
r,0.00,0.18,-0.98,-0.04,5.763
r,0.00,0.18,-0.98,-0.04,5.767
r,0.00,0.18,-0.98,-0.04,5.771
r,0.00,0.18,-0.98,-0.04,5.776
r,0.00,0.18,-0.98,-0.04,5.779
r,0.00,0.18,-0.98,-0.04,5.783
r,0.00,0.18,-0.98,-0.04,5.788
r,0.00,0.18,-0.98,-0.04,5.791
r,0.00,0.18,-0.98,-0.04,5.796
r,0.00,0.18,-0.98,-0.04,5.799
r,0.00,0.18,-0.98,-0.04,5.803
r,0.00,0.18,-0.98,-0.04,5.808
r,0.00,0.18,-0.98,-0.04,5.811
r,0.00,0.18,-0.98,-0.04,5.814
r,0.00,0.18,-0.98,-0.04,5.818
r,0.00,0.18,-0.98,-0.04,5.822
r,0.00,0.18,-0.98,-0.04,5.826
r,0.00,0.18,-0.98,-0.04,5.830
r,0.00,0.18,-0.98,-0.04,5.834
r,0.00,0.18,-0.98,-0.04,5.839
r,0.00,0.18,-0.98,-0.04,5.842
r,0.00,0.18,-0.98,-0.04,5.846
r,0.00,0.18,-0.98,-0.04,5.850
r,0.00,0.18,-0.98,-0.04,5.853
r,0.00,0.18,-0.98,-0.04,5.857
r,0.00,0.18,-0.98,-0.04,5.862
r,0.00,0.18,-0.98,-0.04,5.865
r,0.00,0.18,-0.98,-0.04,5.869
r,0.00,0.18,-0.98,-0.04,5.874
r,0.00,0.18,-0.98,-0.04,5.877
r,0.00,0.18,-0.98,-0.04,5.881
r,0.00,0.18,-0.98,-0.04,5.886
r,0.00,0.18,-0.98,-0.04,5.889
r,0.00,0.18,-0.98,-0.04,5.893
r,0.00,0.18,-0.98,-0.04,5.898
r,0.00,0.18,-0.98,-0.04,5.901
r,0.00,0.18,-0.98,-0.04,5.906
r,0.00,0.18,-0.98,-0.04,5.910
r,0.00,0.18,-0.98,-0.04,5.913
r,0.00,0.18,-0.98,-0.04,5.917
r,0.00,0.18,-0.98,-0.04,5.921
r,0.00,0.18,-0.98,-0.04,5.924
r,0.00,0.18,-0.98,-0.04,5.929
r,0.00,0.18,-0.98,-0.04,5.933
r,0.00,0.18,-0.98,-0.04,5.936
r,0.00,0.18,-0.98,-0.04,5.941
r,0.00,0.18,-0.98,-0.04,5.946
r,0.00,0.18,-0.98,-0.04,5.948
r,0.00,0.18,-0.98,-0.04,5.952
r,0.00,0.18,-0.98,-0.04,5.956
r,0.00,0.18,-0.98,-0.04,5.960
r,0.00,0.18,-0.98,-0.04,5.965
r,0.00,0.18,-0.98,-0.04,5.969
r,0.00,0.18,-0.98,-0.04,5.973
r,0.00,0.18,-0.98,-0.04,5.977
r,0.00,0.18,-0.98,-0.04,5.981
r,0.00,0.18,-0.98,-0.04,5.985
r,0.00,0.18,-0.98,-0.04,5.990
r,0.00,0.18,-0.98,-0.04,5.994
r,0.00,0.18,-0.98,-0.04,5.998
r,0.00,0.18,-0.98,-0.04,6.002
r,0.00,0.18,-0.98,-0.04,6.007
r,0.00,0.18,-0.98,-0.04,6.010
r,0.00,0.18,-0.98,-0.04,6.013
r,0.00,0.18,-0.98,-0.04,6.017
r,0.00,0.18,-0.98,-0.04,6.020
r,0.00,0.18,-0.98,-0.04,6.024
r,0.00,0.18,-0.98,-0.04,6.028
r,0.00,0.18,-0.98,-0.04,6.032
r,0.00,0.18,-0.98,-0.04,6.036
r,0.00,0.18,-0.98,-0.04,6.041
r,0.00,0.18,-0.98,-0.04,6.045
r,0.00,0.18,-0.98,-0.04,6.050
r,0.00,0.18,-0.98,-0.04,6.055
r,0.00,0.18,-0.98,-0.04,6.058
r,0.00,0.18,-0.98,-0.04,6.063
r,0.00,0.18,-0.98,-0.04,6.068
r,0.00,0.18,-0.98,-0.04,6.071
r,0.00,0.18,-0.98,-0.04,6.076
r,0.00,0.18,-0.98,-0.04,6.080
r,0.00,0.18,-0.98,-0.04,6.083
r,0.00,0.18,-0.98,-0.04,6.087
r,0.00,0.18,-0.98,-0.04,6.091
r,0.00,0.18,-0.98,-0.04,6.095
r,0.00,0.18,-0.98,-0.04,6.100
r,0.00,0.18,-0.98,-0.04,6.105
r,0.00,0.18,-0.98,-0.04,6.107
r,0.00,0.18,-0.98,-0.04,6.111
r,0.00,0.18,-0.98,-0.04,6.116
r,0.00,0.18,-0.98,-0.04,6.119
r,0.00,0.18,-0.98,-0.04,6.123
r,0.00,0.18,-0.98,-0.04,6.128
r,0.00,0.18,-0.98,-0.04,6.130
r,0.00,0.18,-0.98,-0.04,6.134
r,0.00,0.18,-0.98,-0.04,6.138
r,0.00,0.18,-0.98,-0.04,6.141
r,0.00,0.18,-0.98,-0.04,6.145
r,0.00,0.18,-0.98,-0.04,6.150
r,0.00,0.18,-0.98,-0.04,6.153
r,0.00,0.18,-0.98,-0.04,6.157
r,0.00,0.18,-0.98,-0.04,6.162
r,0.00,0.18,-0.98,-0.04,6.166
r,0.00,0.18,-0.98,-0.04,6.169
r,0.00,0.18,-0.98,-0.04,6.173
r,0.00,0.18,-0.98,-0.04,6.178
r,0.00,0.18,-0.98,-0.04,6.181
r,0.00,0.18,-0.98,-0.04,6.186
r,0.00,0.18,-0.98,-0.04,6.190
r,0.00,0.18,-0.98,-0.04,6.193
r,0.00,0.18,-0.98,-0.04,6.198
r,0.00,0.18,-0.98,-0.04,6.203
r,0.00,0.18,-0.98,-0.04,6.207
r,0.00,0.18,-0.98,-0.04,6.210
r,0.00,0.18,-0.98,-0.04,6.214
r,0.00,0.18,-0.98,-0.04,6.217
r,0.00,0.18,-0.98,-0.04,6.221
r,0.00,0.18,-0.98,-0.04,6.227
r,0.00,0.18,-0.98,-0.04,6.230
r,0.00,0.18,-0.98,-0.04,6.233
r,0.00,0.18,-0.98,-0.04,6.238
r,0.00,0.18,-0.98,-0.04,6.241
r,0.00,0.18,-0.98,-0.04,6.246
r,0.00,0.18,-0.98,-0.04,6.251
r,0.00,0.18,-0.98,-0.04,6.255
r,0.00,0.18,-0.98,-0.04,6.259
r,0.00,0.18,-0.98,-0.04,6.262
r,0.00,0.18,-0.98,-0.04,6.265
r,0.00,0.18,-0.98,-0.04,6.269
r,0.00,0.18,-0.98,-0.04,6.273
r,0.00,0.18,-0.98,-0.04,6.276
r,0.00,0.18,-0.98,-0.04,6.280
r,0.00,0.18,-0.98,-0.04,6.285
r,0.00,0.18,-0.98,-0.04,6.289
r,0.00,0.18,-0.98,-0.04,6.292
r,0.00,0.18,-0.98,-0.04,6.297
r,0.00,0.18,-0.98,-0.04,6.300
r,0.00,0.18,-0.98,-0.04,6.305
r,0.00,0.18,-0.98,-0.04,6.309
r,0.00,0.18,-0.98,-0.04,6.312
r,0.00,0.18,-0.98,-0.04,6.316
r,0.00,0.18,-0.98,-0.04,6.320
r,0.00,0.18,-0.98,-0.04,6.324
r,0.00,0.18,-0.98,-0.04,6.328
r,0.00,0.18,-0.98,-0.04,6.333
r,0.00,0.18,-0.98,-0.04,6.337
r,0.00,0.18,-0.98,-0.04,6.342
r,0.00,0.18,-0.98,-0.04,6.347
r,0.00,0.18,-0.98,-0.04,6.350
r,0.00,0.18,-0.98,-0.04,6.355
r,0.00,0.18,-0.98,-0.04,6.360
r,0.00,0.18,-0.98,-0.04,6.364
r,0.00,0.18,-0.98,-0.04,6.367
r,0.00,0.18,-0.98,-0.04,6.371
r,0.00,0.18,-0.98,-0.04,6.374
r,0.00,0.18,-0.98,-0.04,6.378
r,0.00,0.18,-0.98,-0.04,6.384
r,0.00,0.18,-0.98,-0.04,6.387
r,0.00,0.18,-0.98,-0.04,6.391
r,0.00,0.18,-0.98,-0.04,6.395
r,0.00,0.18,-0.98,-0.04,6.398
r,0.00,0.18,-0.98,-0.04,6.404
r,0.00,0.18,-0.98,-0.04,6.408
r,0.00,0.18,-0.98,-0.04,6.411
r,0.00,0.18,-0.98,-0.04,6.415
r,0.00,0.18,-0.98,-0.04,6.420
r,0.00,0.18,-0.98,-0.04,6.425
r,0.00,0.18,-0.98,-0.04,6.430
r,0.00,0.18,-0.98,-0.04,6.434
r,0.00,0.18,-0.98,-0.04,6.438
r,0.00,0.18,-0.98,-0.04,6.442
r,0.00,0.18,-0.98,-0.04,6.447
r,0.00,0.18,-0.98,-0.04,6.451
r,0.00,0.18,-0.98,-0.04,6.455
r,0.00,0.18,-0.98,-0.04,6.459
r,0.00,0.18,-0.98,-0.04,6.463
r,0.00,0.18,-0.98,-0.04,6.467
r,0.00,0.18,-0.98,-0.04,6.470
r,0.00,0.18,-0.98,-0.04,6.474
r,0.00,0.18,-0.98,-0.04,6.477
r,0.00,0.18,-0.98,-0.04,6.481
r,0.00,0.18,-0.98,-0.04,6.485
r,0.00,0.18,-0.98,-0.04,6.489
r,0.00,0.18,-0.98,-0.04,6.493
r,0.00,0.18,-0.98,-0.04,6.497
r,0.00,0.18,-0.98,-0.04,6.501
r,0.00,0.18,-0.98,-0.04,6.505
r,0.00,0.18,-0.98,-0.04,6.509
r,0.00,0.18,-0.98,-0.04,6.512
r,0.00,0.18,-0.98,-0.04,6.517
r,0.00,0.18,-0.98,-0.04,6.521
r,0.00,0.18,-0.98,-0.04,6.525
r,0.00,0.18,-0.98,-0.04,6.529
r,0.00,0.18,-0.98,-0.04,6.533
r,0.00,0.18,-0.98,-0.04,6.537
r,0.00,0.18,-0.98,-0.04,6.541
r,0.00,0.18,-0.98,-0.04,6.546
r,0.00,0.18,-0.98,-0.04,6.549
r,0.00,0.18,-0.98,-0.04,6.552
r,0.00,0.18,-0.98,-0.04,6.557
r,0.00,0.18,-0.98,-0.04,6.560
r,0.00,0.18,-0.98,-0.04,6.565
r,0.00,0.18,-0.98,-0.04,6.570
r,0.00,0.18,-0.98,-0.04,6.573
r,0.00,0.18,-0.98,-0.04,6.577
r,0.00,0.18,-0.98,-0.04,6.582
r,0.00,0.18,-0.98,-0.04,6.585
r,0.00,0.18,-0.98,-0.04,6.590
r,0.00,0.18,-0.98,-0.04,6.595
r,0.00,0.18,-0.98,-0.04,6.598
r,0.00,0.18,-0.98,-0.04,6.601
r,0.00,0.18,-0.98,-0.04,6.605
r,0.00,0.18,-0.98,-0.04,6.608
r,0.00,0.18,-0.98,-0.04,6.612
r,0.00,0.18,-0.98,-0.04,6.617
r,0.00,0.18,-0.98,-0.04,6.620
r,0.00,0.18,-0.98,-0.04,6.625
r,0.00,0.18,-0.98,-0.04,6.629
r,0.00,0.18,-0.98,-0.04,6.632
r,0.00,0.18,-0.98,-0.04,6.636
r,0.00,0.18,-0.98,-0.04,6.640
r,0.00,0.18,-0.98,-0.04,6.644
r,0.00,0.18,-0.98,-0.04,6.649
r,0.00,0.18,-0.98,-0.04,6.653
r,0.00,0.18,-0.98,-0.04,6.658
r,0.00,0.18,-0.98,-0.04,6.662
r,0.00,0.18,-0.98,-0.04,6.667
r,0.00,0.18,-0.98,-0.04,6.671
r,0.00,0.18,-0.98,-0.04,6.674
r,0.00,0.18,-0.98,-0.04,6.678
r,0.00,0.18,-0.98,-0.04,6.683
r,0.00,0.18,-0.98,-0.04,6.686
r,0.00,0.18,-0.98,-0.04,6.690
r,0.00,0.18,-0.98,-0.04,6.695
r,0.00,0.18,-0.98,-0.04,6.698
r,0.00,0.18,-0.98,-0.04,6.702
r,0.00,0.18,-0.98,-0.04,6.707
r,0.00,0.18,-0.98,-0.04,6.710
r,0.00,0.18,-0.98,-0.04,6.715
r,0.00,0.18,-0.98,-0.04,6.719
r,0.00,0.18,-0.98,-0.04,6.723
r,0.00,0.18,-0.98,-0.04,6.727
r,0.00,0.18,-0.98,-0.04,6.731
r,0.00,0.18,-0.98,-0.04,6.734
r,0.00,0.18,-0.98,-0.04,6.738
r,0.00,0.18,-0.98,-0.04,6.742
r,0.00,0.18,-0.98,-0.04,6.746
r,0.00,0.18,-0.98,-0.04,6.750
r,0.00,0.18,-0.98,-0.04,6.754
r,0.00,0.18,-0.98,-0.04,6.757
r,0.00,0.18,-0.98,-0.04,6.762
r,0.00,0.18,-0.98,-0.04,6.766
r,0.00,0.18,-0.98,-0.04,6.769
r,0.00,0.18,-0.98,-0.04,6.774
r,0.00,0.18,-0.98,-0.04,6.778
r,0.00,0.18,-0.98,-0.04,6.782
r,0.00,0.18,-0.98,-0.04,6.787
r,0.00,0.18,-0.98,-0.04,6.791
r,0.00,0.18,-0.98,-0.04,6.793
r,0.00,0.18,-0.98,-0.04,6.797
r,0.00,0.18,-0.98,-0.04,6.801
r,0.00,0.18,-0.98,-0.04,6.804
r,0.00,0.18,-0.98,-0.04,6.809
r,0.00,0.18,-0.98,-0.04,6.813
r,0.00,0.18,-0.98,-0.04,6.816
r,0.00,0.18,-0.98,-0.04,6.821
r,0.00,0.18,-0.98,-0.04,6.826
r,0.00,0.18,-0.98,-0.04,6.829
r,0.00,0.18,-0.98,-0.04,6.834
r,0.00,0.18,-0.98,-0.04,6.838
r,0.00,0.18,-0.98,-0.04,6.841
r,0.00,0.18,-0.98,-0.04,6.845
r,0.00,0.18,-0.98,-0.04,6.849
r,0.00,0.18,-0.98,-0.04,6.852
r,0.00,0.18,-0.98,-0.04,6.857
r,0.00,0.18,-0.98,-0.04,6.861
r,0.00,0.18,-0.98,-0.04,6.865
r,0.00,0.18,-0.98,-0.04,6.869
r,0.00,0.18,-0.98,-0.04,6.873
r,0.00,0.18,-0.98,-0.04,6.876
r,0.00,0.18,-0.98,-0.04,6.880
r,0.00,0.18,-0.98,-0.04,6.884
r,0.00,0.18,-0.98,-0.04,6.887
r,0.00,0.18,-0.98,-0.04,6.891
r,0.00,0.18,-0.98,-0.04,6.895
r,0.00,0.18,-0.98,-0.04,6.898
r,0.00,0.18,-0.98,-0.04,6.903
r,0.00,0.18,-0.98,-0.04,6.907
r,0.00,0.18,-0.98,-0.04,6.911
r,0.00,0.18,-0.98,-0.04,6.916
r,0.00,0.18,-0.98,-0.04,6.920
r,0.00,0.18,-0.98,-0.04,6.925
r,0.00,0.18,-0.98,-0.04,6.928
r,0.00,0.18,-0.98,-0.04,6.932
r,0.00,0.18,-0.98,-0.04,6.936
r,0.00,0.18,-0.98,-0.04,6.939
r,0.00,0.18,-0.98,-0.04,6.944
r,0.00,0.18,-0.98,-0.04,6.948
r,0.00,0.18,-0.98,-0.04,6.951
r,0.00,0.18,-0.98,-0.04,6.955
r,0.00,0.18,-0.98,-0.04,6.959
r,0.00,0.18,-0.98,-0.04,6.962
r,0.00,0.18,-0.98,-0.04,6.967
r,0.00,0.18,-0.98,-0.04,6.971
r,0.00,0.18,-0.98,-0.04,6.975
r,0.00,0.18,-0.98,-0.04,6.979
r,0.00,0.18,-0.98,-0.04,6.984
r,0.00,0.18,-0.98,-0.04,6.987
r,0.00,0.18,-0.98,-0.04,6.991
r,0.00,0.18,-0.98,-0.04,6.995
r,0.00,0.18,-0.98,-0.04,6.998
r,0.00,0.18,-0.98,-0.04,7.003
r,0.00,0.18,-0.98,-0.04,7.007
r,0.00,0.18,-0.98,-0.04,7.010
r,0.00,0.18,-0.98,-0.04,7.014
r,0.00,0.18,-0.98,-0.04,7.018
r,0.00,0.18,-0.98,-0.04,7.021
r,0.00,0.18,-0.98,-0.04,7.026
r,0.00,0.18,-0.98,-0.04,7.030
r,0.00,0.18,-0.98,-0.04,7.033
r,0.00,0.18,-0.98,-0.04,7.038
r,0.00,0.18,-0.98,-0.04,7.043
r,0.00,0.18,-0.98,-0.04,7.046
r,0.00,0.18,-0.98,-0.04,7.050
r,0.00,0.18,-0.98,-0.04,7.054
r,0.00,0.18,-0.98,-0.04,7.057
r,0.00,0.18,-0.98,-0.04,7.061
r,0.00,0.18,-0.98,-0.04,7.066
r,0.00,0.18,-0.98,-0.04,7.069
r,0.00,0.18,-0.98,-0.04,7.074
r,0.00,0.18,-0.98,-0.04,7.079
r,0.00,0.18,-0.98,-0.04,7.083
r,0.00,0.18,-0.98,-0.04,7.086
r,0.00,0.18,-0.98,-0.04,7.090
r,0.00,0.18,-0.98,-0.04,7.093
r,0.00,0.18,-0.98,-0.04,7.097
r,0.00,0.18,-0.98,-0.04,7.102
r,0.00,0.18,-0.98,-0.04,7.106
r,0.00,0.18,-0.98,-0.04,7.110
r,0.00,0.18,-0.98,-0.04,7.114
r,0.00,0.18,-0.98,-0.04,7.117
r,0.00,0.18,-0.98,-0.04,7.121
r,0.00,0.18,-0.98,-0.04,7.126
r,0.00,0.18,-0.98,-0.04,7.129
r,0.00,0.18,-0.98,-0.04,7.133
r,0.00,0.18,-0.98,-0.04,7.137
r,0.00,0.18,-0.98,-0.04,7.140
r,0.00,0.18,-0.98,-0.04,7.145
r,0.00,0.18,-0.98,-0.04,7.149
r,0.00,0.18,-0.98,-0.04,7.153
r,0.00,0.18,-0.98,-0.04,7.156
r,0.00,0.18,-0.98,-0.04,7.160
r,0.00,0.18,-0.98,-0.04,7.164
r,0.00,0.18,-0.98,-0.04,7.168
r,0.00,0.18,-0.98,-0.04,7.172
r,0.00,0.18,-0.98,-0.04,7.176
r,0.00,0.18,-0.98,-0.04,7.181
r,0.00,0.18,-0.98,-0.04,7.186
r,0.00,0.18,-0.98,-0.04,7.188
r,0.00,0.18,-0.98,-0.04,7.193
r,0.00,0.18,-0.98,-0.04,7.196
r,0.00,0.18,-0.98,-0.04,7.199
r,0.00,0.18,-0.98,-0.04,7.204
r,0.00,0.18,-0.98,-0.04,7.208
r,0.00,0.18,-0.98,-0.04,7.211
r,0.00,0.18,-0.98,-0.04,7.216
r,0.00,0.18,-0.98,-0.04,7.220
r,0.00,0.18,-0.98,-0.04,7.223
r,0.00,0.18,-0.98,-0.04,7.228
r,0.00,0.18,-0.98,-0.04,7.232
r,0.00,0.18,-0.98,-0.04,7.235
r,0.00,0.18,-0.98,-0.04,7.239
r,0.00,0.18,-0.98,-0.04,7.244
r,0.00,0.18,-0.98,-0.04,7.247
r,0.00,0.18,-0.98,-0.04,7.251
r,0.00,0.18,-0.98,-0.04,7.256
r,0.00,0.18,-0.98,-0.04,7.259
r,0.00,0.18,-0.98,-0.04,7.263
r,0.00,0.18,-0.98,-0.04,7.267
r,0.00,0.18,-0.98,-0.04,7.271
r,0.00,0.18,-0.98,-0.04,7.275
r,0.00,0.18,-0.98,-0.04,7.279
r,0.00,0.18,-0.98,-0.04,7.284
r,0.00,0.18,-0.98,-0.04,7.286
r,0.00,0.18,-0.98,-0.04,7.290
r,0.00,0.18,-0.98,-0.04,7.294
r,0.00,0.18,-0.98,-0.04,7.297
r,0.00,0.18,-0.98,-0.04,7.301
r,0.00,0.18,-0.98,-0.04,7.306
r,0.00,0.18,-0.98,-0.04,7.309
r,0.00,0.18,-0.98,-0.04,7.314
r,0.00,0.18,-0.98,-0.04,7.318
r,0.00,0.18,-0.98,-0.04,7.322
r,0.00,0.18,-0.98,-0.04,7.326
r,0.00,0.18,-0.98,-0.04,7.330
r,0.00,0.18,-0.98,-0.04,7.333
r,0.00,0.18,-0.98,-0.04,7.337
r,0.00,0.18,-0.98,-0.04,7.341
r,0.00,0.18,-0.98,-0.04,7.345
r,0.00,0.18,-0.98,-0.04,7.350
r,0.00,0.18,-0.98,-0.04,7.354
r,0.00,0.18,-0.98,-0.04,7.357
r,0.00,0.18,-0.98,-0.04,7.362
r,0.00,0.18,-0.98,-0.04,7.366
r,0.00,0.18,-0.98,-0.04,7.370
r,0.00,0.18,-0.98,-0.04,7.374
r,0.00,0.18,-0.98,-0.04,7.379
r,0.00,0.18,-0.98,-0.04,7.383
r,0.00,0.18,-0.98,-0.04,7.387
r,0.00,0.18,-0.98,-0.04,7.392
r,0.00,0.18,-0.98,-0.04,7.395
r,0.00,0.18,-0.98,-0.04,7.400
r,0.00,0.18,-0.98,-0.04,7.405
r,0.00,0.18,-0.98,-0.04,7.408
r,0.00,0.18,-0.98,-0.04,7.412
r,0.00,0.18,-0.98,-0.04,7.416
r,0.00,0.18,-0.98,-0.04,7.420
r,0.00,0.18,-0.98,-0.04,7.425
r,0.00,0.18,-0.98,-0.04,7.429
r,0.00,0.18,-0.98,-0.04,7.433
r,0.00,0.18,-0.98,-0.04,7.438
r,0.00,0.18,-0.98,-0.04,7.443
r,0.00,0.18,-0.98,-0.04,7.446
r,0.00,0.18,-0.98,-0.04,7.450
r,0.00,0.18,-0.98,-0.04,7.453
r,0.00,0.18,-0.98,-0.04,7.456
r,0.00,0.18,-0.98,-0.04,7.461
r,0.00,0.18,-0.98,-0.04,7.465
r,0.00,0.18,-0.98,-0.04,7.468
r,0.00,0.18,-0.98,-0.04,7.473
r,0.00,0.18,-0.98,-0.04,7.477
r,0.00,0.18,-0.98,-0.04,7.481
r,0.00,0.18,-0.98,-0.04,7.485
r,0.00,0.18,-0.98,-0.04,7.489
r,0.00,0.18,-0.98,-0.04,7.492
r,0.00,0.18,-0.98,-0.04,7.496
r,0.00,0.18,-0.98,-0.04,7.501
r,0.00,0.18,-0.98,-0.04,7.505
r,0.00,0.18,-0.98,-0.04,7.509
r,0.00,0.18,-0.98,-0.04,7.513
r,0.00,0.18,-0.98,-0.04,7.516
r,0.00,0.18,-0.98,-0.04,7.521
r,0.00,0.18,-0.98,-0.04,7.525
r,0.00,0.18,-0.98,-0.04,7.528
r,0.00,0.18,-0.98,-0.04,7.533
r,0.00,0.18,-0.98,-0.04,7.538
r,0.00,0.18,-0.98,-0.04,7.542
r,0.00,0.18,-0.98,-0.04,7.547
r,0.00,0.18,-0.98,-0.04,7.551
r,0.00,0.18,-0.98,-0.04,7.556
r,0.00,0.18,-0.98,-0.04,7.559
r,0.00,0.18,-0.98,-0.04,7.564
r,0.00,0.18,-0.98,-0.04,7.568
r,0.00,0.18,-0.98,-0.04,7.571
r,0.00,0.18,-0.98,-0.04,7.576
r,0.00,0.18,-0.98,-0.04,7.580
r,0.00,0.18,-0.98,-0.04,7.584
r,0.00,0.18,-0.98,-0.04,7.588
r,0.00,0.18,-0.98,-0.04,7.592
r,0.00,0.18,-0.98,-0.04,7.595
r,0.00,0.18,-0.98,-0.04,7.599
r,0.00,0.18,-0.98,-0.04,7.603
r,0.00,0.18,-0.98,-0.04,7.607
r,0.00,0.18,-0.98,-0.04,7.611
r,0.00,0.18,-0.98,-0.04,7.616
r,0.00,0.18,-0.98,-0.04,7.619
r,0.00,0.18,-0.98,-0.04,7.623
r,0.00,0.18,-0.98,-0.04,7.628
r,0.00,0.18,-0.98,-0.04,7.631
r,0.00,0.18,-0.98,-0.04,7.635
r,0.00,0.18,-0.98,-0.04,7.639
r,0.00,0.18,-0.98,-0.04,7.642
r,0.00,0.18,-0.98,-0.04,7.645
r,0.00,0.18,-0.98,-0.04,7.650
r,0.00,0.18,-0.98,-0.04,7.653
r,0.00,0.18,-0.98,-0.04,7.657
r,0.00,0.18,-0.98,-0.04,7.662
r,0.00,0.18,-0.98,-0.04,7.665
r,0.00,0.18,-0.98,-0.04,7.669
r,0.00,0.18,-0.98,-0.04,7.673
r,0.00,0.18,-0.98,-0.04,7.676
r,0.00,0.18,-0.98,-0.04,7.680
r,0.00,0.18,-0.98,-0.04,7.685
r,0.00,0.18,-0.98,-0.04,7.688
r,0.00,0.18,-0.98,-0.04,7.692
r,0.00,0.18,-0.98,-0.04,7.696
r,0.00,0.18,-0.98,-0.04,7.700
r,0.00,0.18,-0.98,-0.04,7.704
r,0.00,0.18,-0.98,-0.04,7.708
r,0.00,0.18,-0.98,-0.04,7.712
r,0.00,0.18,-0.98,-0.04,7.717
r,0.00,0.18,-0.98,-0.04,7.722
r,0.00,0.18,-0.98,-0.04,7.724
r,0.00,0.18,-0.98,-0.04,7.728
r,0.00,0.18,-0.98,-0.04,7.732
r,0.00,0.18,-0.98,-0.04,7.735
r,0.00,0.18,-0.98,-0.04,7.740
r,0.00,0.18,-0.98,-0.04,7.745
r,0.00,0.18,-0.98,-0.04,7.749
r,0.00,0.18,-0.98,-0.04,7.753
r,0.00,0.18,-0.98,-0.04,7.758
r,0.00,0.18,-0.98,-0.04,7.763
r,0.00,0.18,-0.98,-0.04,7.768
r,0.00,0.18,-0.98,-0.04,7.772
r,0.00,0.18,-0.98,-0.04,7.775
r,0.00,0.18,-0.98,-0.04,7.781
r,0.00,0.18,-0.98,-0.04,7.785
r,0.00,0.18,-0.98,-0.04,7.788
r,0.00,0.18,-0.98,-0.04,7.792
r,0.00,0.18,-0.98,-0.04,7.797
r,0.00,0.18,-0.98,-0.04,7.802
r,0.00,0.18,-0.98,-0.04,7.805
r,0.00,0.18,-0.98,-0.04,7.810
r,0.00,0.18,-0.98,-0.04,7.814
r,0.00,0.18,-0.98,-0.04,7.816
r,0.00,0.18,-0.98,-0.04,7.820
r,0.00,0.18,-0.98,-0.04,7.825
r,0.00,0.18,-0.98,-0.04,7.828
r,0.00,0.18,-0.98,-0.04,7.832
r,0.00,0.18,-0.98,-0.04,7.836
r,0.00,0.18,-0.98,-0.04,7.839
r,0.00,0.18,-0.98,-0.04,7.844
r,0.00,0.18,-0.98,-0.04,7.848
r,0.00,0.18,-0.98,-0.04,7.852
r,0.00,0.18,-0.98,-0.04,7.855
r,0.00,0.18,-0.98,-0.04,7.859
r,0.00,0.18,-0.98,-0.04,7.862
r,0.00,0.18,-0.98,-0.04,7.866
r,0.00,0.18,-0.98,-0.04,7.870
r,0.00,0.18,-0.98,-0.04,7.873
r,0.00,0.18,-0.98,-0.04,7.878
r,0.00,0.18,-0.98,-0.04,7.882
r,0.00,0.18,-0.98,-0.04,7.885
r,0.00,0.18,-0.98,-0.04,7.890
r,0.00,0.18,-0.98,-0.04,7.894
r,0.00,0.18,-0.98,-0.04,7.897
r,0.00,0.18,-0.98,-0.04,7.902
r,0.00,0.18,-0.98,-0.04,7.907
r,0.00,0.18,-0.98,-0.04,7.910
r,0.00,0.18,-0.98,-0.04,7.914
r,0.00,0.18,-0.98,-0.04,7.918
r,0.00,0.18,-0.98,-0.04,7.922
r,0.00,0.18,-0.98,-0.04,7.926
r,0.00,0.18,-0.98,-0.04,7.930
r,0.00,0.18,-0.98,-0.04,7.933
r,0.00,0.18,-0.98,-0.04,7.937
r,0.00,0.18,-0.98,-0.04,7.941
r,0.00,0.18,-0.98,-0.04,7.945
r,0.00,0.18,-0.98,-0.04,7.949
r,0.00,0.18,-0.98,-0.04,7.953
r,0.00,0.18,-0.98,-0.04,7.956
r,0.00,0.18,-0.98,-0.04,7.960
r,0.00,0.18,-0.98,-0.04,7.965
r,0.00,0.18,-0.98,-0.04,7.969
r,0.00,0.18,-0.98,-0.04,7.973
r,0.00,0.18,-0.98,-0.04,7.977
r,0.00,0.18,-0.98,-0.04,7.981
r,0.00,0.18,-0.98,-0.04,7.985
r,0.00,0.18,-0.98,-0.04,7.990
r,0.00,0.18,-0.98,-0.04,7.994
r,0.00,0.18,-0.98,-0.04,7.998
r,0.00,0.18,-0.98,-0.04,8.002
r,0.00,0.18,-0.98,-0.04,8.006
r,0.00,0.18,-0.98,-0.04,8.009
r,0.00,0.18,-0.98,-0.04,8.013
r,0.00,0.18,-0.98,-0.04,8.016
r,0.00,0.18,-0.98,-0.04,8.020
r,0.00,0.18,-0.98,-0.04,8.024
r,0.00,0.18,-0.98,-0.04,8.027
r,0.00,0.18,-0.98,-0.04,8.032
r,0.00,0.18,-0.98,-0.04,8.036
r,0.00,0.18,-0.98,-0.04,8.040
r,0.00,0.18,-0.98,-0.04,8.044
r,0.00,0.18,-0.98,-0.04,8.048
r,0.00,0.18,-0.98,-0.04,8.052
r,0.00,0.18,-0.98,-0.04,8.056
r,0.00,0.18,-0.98,-0.04,8.061
r,0.00,0.18,-0.98,-0.04,8.064
r,0.00,0.18,-0.98,-0.04,8.068
r,0.00,0.18,-0.98,-0.04,8.072
r,0.00,0.18,-0.98,-0.04,8.076
r,0.00,0.18,-0.98,-0.04,8.081
r,0.00,0.18,-0.98,-0.04,8.085
r,0.00,0.18,-0.98,-0.04,8.089
r,0.00,0.18,-0.98,-0.04,8.094
r,0.00,0.18,-0.98,-0.04,8.098
r,0.00,0.18,-0.98,-0.04,8.103
r,0.00,0.18,-0.98,-0.04,8.107
r,0.00,0.18,-0.98,-0.04,8.111
r,0.00,0.18,-0.98,-0.04,8.114
r,0.00,0.18,-0.98,-0.04,8.118
r,0.00,0.18,-0.98,-0.04,8.123
r,0.00,0.18,-0.98,-0.04,8.126
r,0.00,0.18,-0.98,-0.04,8.131
r,0.00,0.18,-0.98,-0.04,8.135
r,0.00,0.18,-0.98,-0.04,8.138
r,0.00,0.18,-0.98,-0.04,8.143
r,0.00,0.18,-0.98,-0.04,8.147
r,0.00,0.18,-0.98,-0.04,8.151
r,0.00,0.18,-0.98,-0.04,8.155
r,0.00,0.18,-0.98,-0.04,8.160
r,0.00,0.18,-0.98,-0.04,8.163
r,0.00,0.18,-0.98,-0.04,8.166
r,0.00,0.18,-0.98,-0.04,8.171
r,0.00,0.18,-0.98,-0.04,8.174
r,0.00,0.18,-0.98,-0.04,8.178
r,0.00,0.18,-0.98,-0.04,8.182
r,0.00,0.18,-0.98,-0.04,8.185
r,0.00,0.18,-0.98,-0.04,8.189
r,0.00,0.18,-0.98,-0.04,8.194
r,0.00,0.18,-0.98,-0.04,8.198
r,0.00,0.18,-0.98,-0.04,8.202
r,0.00,0.18,-0.98,-0.04,8.206
r,0.00,0.18,-0.98,-0.04,8.210
r,0.00,0.18,-0.98,-0.04,8.213
r,0.00,0.18,-0.98,-0.04,8.217
r,0.00,0.18,-0.98,-0.04,8.222
r,0.00,0.18,-0.98,-0.04,8.225
r,0.00,0.18,-0.98,-0.04,8.229
r,0.00,0.18,-0.98,-0.04,8.234
r,0.00,0.18,-0.98,-0.04,8.237
r,0.00,0.18,-0.98,-0.04,8.242
r,0.00,0.18,-0.98,-0.04,8.246
r,0.00,0.18,-0.98,-0.04,8.249
r,0.00,0.18,-0.98,-0.04,8.254
r,0.00,0.18,-0.98,-0.04,8.258
r,0.00,0.18,-0.98,-0.04,8.262
r,0.00,0.18,-0.98,-0.04,8.266
r,0.00,0.18,-0.98,-0.04,8.269
r,0.00,0.18,-0.98,-0.04,8.273
r,0.00,0.18,-0.98,-0.04,8.277
r,0.00,0.18,-0.98,-0.04,8.282
r,0.00,0.18,-0.98,-0.04,8.285
r,0.00,0.18,-0.98,-0.04,8.289
r,0.00,0.18,-0.98,-0.04,8.293
r,0.00,0.18,-0.98,-0.04,8.296
r,0.00,0.18,-0.98,-0.04,8.301
r,0.00,0.18,-0.98,-0.04,8.306
r,0.00,0.18,-0.98,-0.04,8.308
r,0.00,0.18,-0.98,-0.04,8.312
r,0.00,0.18,-0.98,-0.04,8.316
r,0.00,0.18,-0.98,-0.04,8.320
r,0.00,0.18,-0.98,-0.04,8.324
r,0.00,0.18,-0.98,-0.04,8.328
r,0.00,0.18,-0.98,-0.04,8.331
r,0.00,0.18,-0.98,-0.04,8.336
r,0.00,0.18,-0.98,-0.04,8.341
r,0.00,0.18,-0.98,-0.04,8.344
r,0.00,0.18,-0.98,-0.04,8.348
r,0.00,0.18,-0.98,-0.04,8.352
r,0.00,0.18,-0.98,-0.04,8.355
r,0.00,0.18,-0.98,-0.04,8.359
r,0.00,0.18,-0.98,-0.04,8.364
r,0.00,0.18,-0.98,-0.04,8.367
r,0.00,0.18,-0.98,-0.04,8.371
r,0.00,0.18,-0.98,-0.04,8.376
r,0.00,0.18,-0.98,-0.04,8.380
r,0.00,0.18,-0.98,-0.04,8.383
r,0.00,0.18,-0.98,-0.04,8.387
r,0.00,0.18,-0.98,-0.04,8.390
r,0.00,0.18,-0.98,-0.04,8.394
r,0.00,0.18,-0.98,-0.04,8.399
r,0.00,0.18,-0.98,-0.04,8.402
r,0.00,0.18,-0.98,-0.04,8.406
r,0.00,0.18,-0.98,-0.04,8.411
r,0.00,0.18,-0.98,-0.04,8.414
r,0.00,0.18,-0.98,-0.04,8.419
r,0.00,0.18,-0.98,-0.04,8.423
r,0.00,0.18,-0.98,-0.04,8.426
r,0.00,0.18,-0.98,-0.04,8.430
r,0.00,0.18,-0.98,-0.04,8.434
r,0.00,0.18,-0.98,-0.04,8.437
r,0.00,0.18,-0.98,-0.04,8.442
r,0.00,0.18,-0.98,-0.04,8.446
r,0.00,0.18,-0.98,-0.04,8.451
r,0.00,0.18,-0.98,-0.04,8.454
r,0.00,0.18,-0.98,-0.04,8.458
r,0.00,0.18,-0.98,-0.04,8.463
r,0.00,0.18,-0.98,-0.04,8.466
r,0.00,0.18,-0.98,-0.04,8.471
r,0.00,0.18,-0.98,-0.04,8.476
r,0.00,0.18,-0.98,-0.04,8.481
r,0.00,0.18,-0.98,-0.04,8.485
r,0.00,0.18,-0.98,-0.04,8.489
r,0.00,0.18,-0.98,-0.04,8.493
r,0.00,0.18,-0.98,-0.04,8.498
r,0.00,0.18,-0.98,-0.04,8.503
r,0.00,0.18,-0.98,-0.04,8.506
r,0.00,0.18,-0.98,-0.04,8.510
r,0.00,0.18,-0.98,-0.04,8.514
r,0.00,0.18,-0.98,-0.04,8.517
r,0.00,0.18,-0.98,-0.04,8.521
r,0.00,0.18,-0.98,-0.04,8.526
r,0.00,0.18,-0.98,-0.04,8.529
r,0.00,0.18,-0.98,-0.04,8.533
r,0.00,0.18,-0.98,-0.04,8.538
r,0.00,0.18,-0.98,-0.04,8.542
r,0.00,0.18,-0.98,-0.04,8.546
r,0.00,0.18,-0.98,-0.04,8.551
r,0.00,0.18,-0.98,-0.04,8.554
r,0.00,0.18,-0.98,-0.04,8.558
r,0.00,0.18,-0.98,-0.04,8.562
r,0.00,0.18,-0.98,-0.04,8.565
r,0.00,0.18,-0.98,-0.04,8.569
r,0.00,0.18,-0.98,-0.04,8.574
r,0.00,0.18,-0.98,-0.04,8.577
r,0.00,0.18,-0.98,-0.04,8.582
r,0.00,0.18,-0.98,-0.04,8.586
r,0.00,0.18,-0.98,-0.04,8.588
r,0.00,0.18,-0.98,-0.04,8.593
r,0.00,0.18,-0.98,-0.04,8.597
r,0.00,0.18,-0.98,-0.04,8.600
r,0.00,0.18,-0.98,-0.04,8.605
r,0.00,0.18,-0.98,-0.04,8.609
r,0.00,0.18,-0.98,-0.04,8.612
r,0.00,0.18,-0.98,-0.04,8.616
r,0.00,0.18,-0.98,-0.04,8.621
r,0.00,0.18,-0.98,-0.04,8.625
r,0.00,0.18,-0.98,-0.04,8.628
r,0.00,0.18,-0.98,-0.04,8.632
r,0.00,0.18,-0.98,-0.04,8.636
r,0.00,0.18,-0.98,-0.04,8.640
r,0.00,0.18,-0.98,-0.04,8.645
r,0.00,0.18,-0.98,-0.04,8.648
r,0.00,0.18,-0.98,-0.04,8.651
r,0.00,0.18,-0.98,-0.04,8.656
r,0.00,0.18,-0.98,-0.04,8.661
r,0.00,0.18,-0.98,-0.04,8.664
r,0.00,0.18,-0.98,-0.04,8.669
r,0.00,0.18,-0.98,-0.04,8.673
r,0.00,0.18,-0.98,-0.04,8.676
r,0.00,0.18,-0.98,-0.04,8.682
r,0.00,0.18,-0.98,-0.04,8.686
r,0.00,0.18,-0.98,-0.04,8.689
r,0.00,0.18,-0.98,-0.04,8.692
r,0.00,0.18,-0.98,-0.04,8.696
r,0.00,0.18,-0.98,-0.04,8.700
r,0.00,0.18,-0.98,-0.04,8.703
r,0.00,0.18,-0.98,-0.04,8.707
r,0.00,0.18,-0.98,-0.04,8.710
r,0.00,0.18,-0.98,-0.04,8.714
r,0.00,0.18,-0.98,-0.04,8.719
r,0.00,0.18,-0.98,-0.04,8.722
r,0.00,0.18,-0.98,-0.04,8.726
r,0.00,0.18,-0.98,-0.04,8.731
r,0.00,0.18,-0.98,-0.04,8.734
r,0.00,0.18,-0.98,-0.04,8.738
r,0.00,0.18,-0.98,-0.04,8.743
r,0.00,0.18,-0.98,-0.04,8.746
r,0.00,0.18,-0.98,-0.04,8.750
r,0.00,0.18,-0.98,-0.04,8.755
r,0.00,0.18,-0.98,-0.04,8.759
r,0.00,0.18,-0.98,-0.04,8.763
r,0.00,0.18,-0.98,-0.04,8.767
r,0.00,0.18,-0.98,-0.04,8.770
r,0.00,0.18,-0.98,-0.04,8.774
r,0.00,0.18,-0.98,-0.04,8.778
r,0.00,0.18,-0.98,-0.04,8.782
r,0.00,0.18,-0.98,-0.04,8.786
r,0.00,0.18,-0.98,-0.04,8.791
r,0.00,0.18,-0.98,-0.04,8.794
r,0.00,0.18,-0.98,-0.04,8.798
r,0.00,0.18,-0.98,-0.04,8.802
r,0.00,0.18,-0.98,-0.04,8.805
r,0.00,0.18,-0.98,-0.04,8.810
r,0.00,0.18,-0.98,-0.04,8.813
r,0.00,0.18,-0.98,-0.04,8.817
r,0.00,0.18,-0.98,-0.04,8.822
r,0.00,0.18,-0.98,-0.04,8.826
r,0.00,0.18,-0.98,-0.04,8.829
r,0.00,0.18,-0.98,-0.04,8.833
r,0.00,0.18,-0.98,-0.04,8.837
r,0.00,0.18,-0.98,-0.04,8.840
r,0.00,0.18,-0.98,-0.04,8.844
r,0.00,0.18,-0.98,-0.04,8.848
r,0.00,0.18,-0.98,-0.04,8.852
r,0.00,0.18,-0.98,-0.04,8.856
r,0.00,0.18,-0.98,-0.04,8.861
r,0.00,0.18,-0.98,-0.04,8.864
r,0.00,0.18,-0.98,-0.04,8.868
r,0.00,0.18,-0.98,-0.04,8.872
r,0.00,0.18,-0.98,-0.04,8.875
r,0.00,0.18,-0.98,-0.04,8.880
r,0.00,0.18,-0.98,-0.04,8.884
r,0.00,0.18,-0.98,-0.04,8.888
r,0.00,0.18,-0.98,-0.04,8.891
r,0.00,0.18,-0.98,-0.04,8.895
r,0.00,0.18,-0.98,-0.04,8.901
r,0.00,0.18,-0.98,-0.04,8.904
r,0.00,0.18,-0.98,-0.04,8.908
r,0.00,0.18,-0.98,-0.04,8.913
r,0.00,0.18,-0.98,-0.04,8.917
r,0.00,0.18,-0.98,-0.04,8.921
r,0.00,0.18,-0.98,-0.04,8.925
r,0.00,0.18,-0.98,-0.04,8.928
r,0.00,0.18,-0.98,-0.04,8.932
r,0.00,0.18,-0.98,-0.04,8.936
r,0.00,0.18,-0.98,-0.04,8.940
r,0.00,0.18,-0.98,-0.04,8.944
r,0.00,0.18,-0.98,-0.04,8.948
r,0.00,0.18,-0.98,-0.04,8.951
r,0.00,0.18,-0.98,-0.04,8.955
r,0.00,0.18,-0.98,-0.04,8.960
r,0.00,0.18,-0.98,-0.04,8.964
r,0.00,0.18,-0.98,-0.04,8.967
r,0.00,0.18,-0.98,-0.04,8.972
r,0.00,0.18,-0.98,-0.04,8.975
r,0.00,0.18,-0.98,-0.04,8.980
r,0.00,0.18,-0.98,-0.04,8.984
r,0.00,0.18,-0.98,-0.04,8.987
r,0.00,0.18,-0.98,-0.04,8.991
r,0.00,0.18,-0.98,-0.04,8.995
r,0.00,0.18,-0.98,-0.04,8.999
r,0.00,0.18,-0.98,-0.04,9.003
r,0.00,0.18,-0.98,-0.04,9.008
r,0.00,0.18,-0.98,-0.04,9.012
r,0.00,0.18,-0.98,-0.04,9.016
r,0.00,0.18,-0.98,-0.04,9.020
r,0.00,0.18,-0.98,-0.04,9.024
r,0.00,0.18,-0.98,-0.04,9.027
r,0.00,0.18,-0.98,-0.04,9.031
r,0.00,0.18,-0.98,-0.04,9.035
r,0.00,0.18,-0.98,-0.04,9.040
r,0.00,0.18,-0.98,-0.04,9.043
r,0.00,0.18,-0.98,-0.04,9.046
r,0.00,0.18,-0.98,-0.04,9.050
r,0.00,0.18,-0.98,-0.04,9.054
r,0.00,0.18,-0.98,-0.04,9.057
r,0.00,0.18,-0.98,-0.04,9.062
r,0.00,0.18,-0.98,-0.04,9.066
r,0.00,0.18,-0.98,-0.04,9.069
r,0.00,0.18,-0.98,-0.04,9.074
r,0.00,0.18,-0.98,-0.04,9.078
r,0.00,0.18,-0.98,-0.04,9.081
r,0.00,0.18,-0.98,-0.04,9.085
r,0.00,0.18,-0.98,-0.04,9.090
r,0.00,0.18,-0.98,-0.04,9.093
r,0.00,0.18,-0.98,-0.04,9.098
r,0.00,0.18,-0.98,-0.04,9.102
r,0.00,0.18,-0.98,-0.04,9.105
r,0.00,0.18,-0.98,-0.04,9.110
r,0.00,0.18,-0.98,-0.04,9.114
r,0.00,0.18,-0.98,-0.04,9.117
r,0.00,0.18,-0.98,-0.04,9.121
r,0.00,0.18,-0.98,-0.04,9.125
r,0.00,0.18,-0.98,-0.04,9.129
r,0.00,0.18,-0.98,-0.04,9.132
r,0.00,0.18,-0.98,-0.04,9.137
r,0.00,0.18,-0.98,-0.04,9.141
r,0.00,0.18,-0.98,-0.04,9.145
r,0.00,0.18,-0.98,-0.04,9.149
r,0.00,0.18,-0.98,-0.04,9.152
r,0.00,0.18,-0.98,-0.04,9.156
r,0.00,0.18,-0.98,-0.04,9.160
r,0.00,0.18,-0.98,-0.04,9.164
r,0.00,0.18,-0.98,-0.04,9.168
r,0.00,0.18,-0.98,-0.04,9.172
r,0.00,0.18,-0.98,-0.04,9.176
r,0.00,0.18,-0.98,-0.04,9.180
r,0.00,0.18,-0.98,-0.04,9.184
r,0.00,0.18,-0.98,-0.04,9.187
r,0.00,0.18,-0.98,-0.04,9.192
r,0.00,0.18,-0.98,-0.04,9.196
r,0.00,0.18,-0.98,-0.04,9.199
r,0.00,0.18,-0.98,-0.04,9.203
r,0.00,0.18,-0.98,-0.04,9.208
r,0.00,0.18,-0.98,-0.04,9.211
r,0.00,0.18,-0.98,-0.04,9.216
r,0.00,0.18,-0.98,-0.04,9.220
r,0.00,0.18,-0.98,-0.04,9.223
r,0.00,0.18,-0.98,-0.04,9.227
r,0.00,0.18,-0.98,-0.04,9.231
r,0.00,0.18,-0.98,-0.04,9.234
r,0.00,0.18,-0.98,-0.04,9.239
r,0.00,0.18,-0.98,-0.04,9.243
r,0.00,0.18,-0.98,-0.04,9.246
r,0.00,0.18,-0.98,-0.04,9.250
r,0.00,0.18,-0.98,-0.04,9.255
r,0.00,0.18,-0.98,-0.04,9.259
r,0.00,0.18,-0.98,-0.04,9.263
r,0.00,0.18,-0.98,-0.04,9.267
r,0.00,0.18,-0.98,-0.04,9.271
r,0.00,0.18,-0.98,-0.04,9.275
r,0.00,0.18,-0.98,-0.04,9.280
r,0.00,0.18,-0.98,-0.04,9.284
r,0.00,0.18,-0.98,-0.04,9.287
r,0.00,0.18,-0.98,-0.04,9.291
r,0.00,0.18,-0.98,-0.04,9.294
r,0.00,0.18,-0.98,-0.04,9.299
r,0.00,0.18,-0.98,-0.04,9.304
r,0.00,0.18,-0.98,-0.04,9.307
r,0.00,0.18,-0.98,-0.04,9.311
r,0.00,0.18,-0.98,-0.04,9.315
r,0.00,0.18,-0.98,-0.04,9.319
r,0.00,0.18,-0.98,-0.04,9.324
r,0.00,0.18,-0.98,-0.04,9.329
r,0.00,0.18,-0.98,-0.04,9.333
r,0.00,0.18,-0.98,-0.04,9.337
r,0.00,0.18,-0.98,-0.04,9.342
r,0.00,0.18,-0.98,-0.04,9.347
r,0.00,0.18,-0.98,-0.04,9.350
r,0.00,0.18,-0.98,-0.04,9.354
r,0.00,0.18,-0.98,-0.04,9.358
r,0.00,0.18,-0.98,-0.04,9.361
r,0.00,0.18,-0.98,-0.04,9.366
r,0.00,0.18,-0.98,-0.04,9.370
r,0.00,0.18,-0.98,-0.04,9.374
r,0.00,0.18,-0.98,-0.04,9.379
r,0.00,0.18,-0.98,-0.04,9.383
r,0.00,0.18,-0.98,-0.04,9.386
r,0.00,0.18,-0.98,-0.04,9.390
r,0.00,0.18,-0.98,-0.04,9.395
r,0.00,0.18,-0.98,-0.04,9.399
r,0.00,0.18,-0.98,-0.04,9.403
r,0.00,0.18,-0.98,-0.04,9.407
r,0.00,0.18,-0.98,-0.04,9.410
r,0.00,0.18,-0.98,-0.04,9.414
r,0.00,0.18,-0.98,-0.04,9.418
r,0.00,0.18,-0.98,-0.04,9.422
r,0.00,0.18,-0.98,-0.04,9.426
r,0.00,0.18,-0.98,-0.04,9.430
r,0.00,0.18,-0.98,-0.04,9.433
r,0.00,0.18,-0.98,-0.04,9.437
r,0.00,0.18,-0.98,-0.04,9.441
r,0.00,0.18,-0.98,-0.04,9.444
r,0.00,0.18,-0.98,-0.04,9.449
r,0.00,0.18,-0.98,-0.04,9.453
r,0.00,0.18,-0.98,-0.04,9.456
r,0.00,0.18,-0.98,-0.04,9.461
r,0.00,0.18,-0.98,-0.04,9.465
r,0.00,0.18,-0.98,-0.04,9.468
r,0.00,0.18,-0.98,-0.04,9.472
r,0.00,0.18,-0.98,-0.04,9.476
r,0.00,0.18,-0.98,-0.04,9.480
r,0.00,0.18,-0.98,-0.04,9.484
r,0.00,0.18,-0.98,-0.04,9.489
r,0.00,0.18,-0.98,-0.04,9.492
r,0.00,0.18,-0.98,-0.04,9.497
r,0.00,0.18,-0.98,-0.04,9.501
r,0.00,0.18,-0.98,-0.04,9.504
r,0.01,-0.19,0.98,0.03,9.509
r,0.00,-0.19,0.98,0.03,9.513
r,0.00,-0.19,0.98,0.03,9.517
r,0.00,-0.19,0.98,0.03,9.521
r,0.00,-0.19,0.98,0.03,9.525
r,0.00,-0.19,0.98,0.03,9.528
r,0.00,-0.19,0.98,0.03,9.532
r,0.00,-0.19,0.98,0.03,9.536
r,0.00,-0.19,0.98,0.03,9.540
r,0.00,-0.19,0.98,0.03,9.543
r,0.00,-0.19,0.98,0.03,9.547
r,0.00,-0.19,0.98,0.03,9.550
r,0.00,-0.19,0.98,0.03,9.554
r,0.00,-0.19,0.98,0.03,9.559
r,0.00,-0.19,0.98,0.03,9.562
r,0.00,-0.19,0.98,0.03,9.566
r,0.00,-0.19,0.98,0.03,9.571
r,0.00,-0.19,0.98,0.03,9.574
r,0.00,-0.19,0.98,0.03,9.578
r,0.00,-0.19,0.98,0.03,9.583
r,0.00,-0.19,0.98,0.03,9.587
r,0.00,-0.19,0.98,0.03,9.590
r,0.00,-0.19,0.98,0.03,9.595
r,0.00,-0.19,0.98,0.03,9.599
r,0.00,-0.19,0.98,0.03,9.602
r,0.00,-0.19,0.98,0.03,9.606
r,0.00,-0.19,0.98,0.03,9.611
r,0.00,-0.19,0.98,0.03,9.614
r,0.00,-0.19,0.98,0.03,9.619
r,0.00,-0.19,0.98,0.03,9.623
r,0.00,-0.19,0.98,0.03,9.626
r,0.00,-0.19,0.98,0.03,9.631
r,0.00,-0.19,0.98,0.03,9.635
r,0.00,-0.19,0.98,0.03,9.639
r,0.00,-0.19,0.98,0.03,9.643
r,0.00,-0.19,0.98,0.03,9.646
r,0.00,-0.19,0.98,0.03,9.650
r,0.00,-0.19,0.98,0.03,9.654
r,0.00,-0.19,0.98,0.03,9.659
r,0.00,-0.19,0.98,0.03,9.663
r,0.00,-0.19,0.98,0.03,9.667
r,0.00,-0.19,0.98,0.03,9.671
r,0.00,-0.19,0.98,0.03,9.674
r,0.00,-0.19,0.98,0.03,9.678
r,0.00,-0.19,0.98,0.03,9.682
r,0.00,-0.19,0.98,0.03,9.685
r,0.00,-0.19,0.98,0.03,9.689
r,0.00,-0.19,0.98,0.03,9.693
r,0.00,-0.19,0.98,0.03,9.696
r,0.00,-0.19,0.98,0.03,9.701
r,0.00,-0.19,0.98,0.03,9.705
r,0.00,-0.19,0.98,0.03,9.708
r,0.00,-0.19,0.98,0.03,9.712
r,0.00,-0.19,0.98,0.03,9.717
r,0.00,-0.19,0.98,0.03,9.720
r,0.00,-0.19,0.98,0.03,9.724
r,0.00,-0.19,0.98,0.03,9.728
r,0.00,-0.19,0.98,0.03,9.732
r,0.00,-0.19,0.98,0.03,9.736
r,0.00,-0.19,0.98,0.03,9.740
r,0.00,-0.19,0.98,0.03,9.743
r,0.00,-0.19,0.98,0.03,9.748
r,0.00,0.19,-0.98,-0.03,9.752
r,0.00,0.19,-0.98,-0.03,9.755
r,0.00,0.19,-0.98,-0.03,9.760
r,0.00,0.19,-0.98,-0.03,9.764
r,0.00,0.19,-0.98,-0.03,9.767
r,0.00,0.19,-0.98,-0.03,9.771
r,0.00,0.19,-0.98,-0.03,9.776
r,0.00,0.19,-0.98,-0.03,9.779
r,0.00,0.19,-0.98,-0.03,9.783
r,0.00,0.19,-0.98,-0.03,9.788
r,0.00,0.19,-0.98,-0.03,9.791
r,0.00,0.19,-0.98,-0.03,9.796
r,0.00,0.19,-0.98,-0.03,9.800
r,0.00,0.19,-0.98,-0.03,9.803
r,0.00,0.19,-0.98,-0.03,9.808
r,0.00,0.19,-0.98,-0.03,9.813
r,0.00,0.19,-0.98,-0.03,9.817
r,0.00,0.19,-0.98,-0.03,9.820
r,0.00,0.19,-0.98,-0.03,9.824
r,0.00,0.19,-0.98,-0.03,9.827
r,0.00,0.19,-0.98,-0.03,9.831
r,0.00,0.19,-0.98,-0.03,9.836
r,0.00,0.19,-0.98,-0.03,9.839
r,0.00,0.19,-0.98,-0.03,9.842
r,0.00,0.19,-0.98,-0.03,9.847
r,0.00,0.19,-0.98,-0.03,9.850
r,0.00,0.19,-0.98,-0.03,9.854
r,0.00,0.19,-0.98,-0.03,9.859
r,0.00,0.19,-0.98,-0.04,9.862
r,0.00,0.19,-0.98,-0.04,9.866
r,0.00,0.19,-0.98,-0.04,9.870
r,0.00,0.19,-0.98,-0.04,9.875
r,0.00,0.19,-0.98,-0.04,9.879
r,0.00,0.19,-0.98,-0.04,9.883
r,0.00,0.19,-0.98,-0.04,9.888
r,0.00,0.19,-0.98,-0.03,9.890
r,0.00,0.19,-0.98,-0.03,9.895
r,0.00,0.19,-0.98,-0.03,9.900
r,0.00,0.19,-0.98,-0.03,9.903
r,0.00,0.19,-0.98,-0.03,9.907
r,0.00,0.19,-0.98,-0.04,9.911
r,0.00,0.19,-0.98,-0.04,9.914
r,0.00,0.19,-0.98,-0.04,9.918
r,0.00,0.19,-0.98,-0.04,9.922
r,0.00,0.19,-0.98,-0.04,9.925
r,0.00,0.19,-0.98,-0.04,9.929
r,0.00,0.19,-0.98,-0.04,9.933
r,0.00,0.19,-0.98,-0.04,9.937
r,0.00,0.19,-0.98,-0.04,9.941
r,0.00,0.19,-0.98,-0.04,9.946
r,0.00,0.19,-0.98,-0.04,9.949
r,0.00,0.19,-0.98,-0.04,9.953
r,0.00,0.19,-0.98,-0.04,9.958
r,0.00,0.19,-0.98,-0.04,9.961
r,0.00,0.19,-0.98,-0.04,9.965
r,0.00,0.19,-0.98,-0.04,9.970
r,0.00,0.19,-0.98,-0.04,9.973
r,0.00,0.19,-0.98,-0.04,9.978
r,0.00,0.19,-0.98,-0.04,9.982
r,0.00,0.19,-0.98,-0.04,9.985
r,0.00,0.19,-0.98,-0.04,9.989
r,0.00,0.19,-0.98,-0.04,9.993
r,0.00,0.19,-0.98,-0.04,9.997
r,0.00,0.19,-0.98,-0.04,10.001
r,0.00,0.19,-0.98,-0.04,10.005
r,0.00,0.19,-0.98,-0.04,10.009
r,0.00,0.19,-0.98,-0.04,10.012
r,0.00,0.19,-0.98,-0.04,10.017
r,0.00,0.19,-0.98,-0.04,10.022
r,0.00,0.19,-0.98,-0.04,10.024
r,0.00,0.19,-0.98,-0.04,10.029
r,0.00,0.19,-0.98,-0.04,10.033
r,0.00,0.19,-0.98,-0.04,10.038
r,0.00,0.19,-0.98,-0.04,10.041
r,0.00,0.19,-0.98,-0.04,10.045
r,0.00,0.19,-0.98,-0.04,10.049
r,0.00,0.19,-0.98,-0.04,10.052
r,0.00,0.19,-0.98,-0.04,10.057
r,0.00,0.19,-0.98,-0.04,10.063
r,0.00,0.19,-0.98,-0.04,10.068
r,0.00,0.19,-0.98,-0.04,10.071
r,0.00,0.19,-0.98,-0.04,10.076
r,0.00,0.19,-0.98,-0.04,10.080
r,0.00,0.19,-0.98,-0.04,10.083
r,0.00,0.19,-0.98,-0.04,10.087
r,0.00,0.19,-0.98,-0.04,10.091
r,0.00,0.19,-0.98,-0.04,10.096
r,0.00,0.19,-0.98,-0.04,10.099
r,0.00,0.19,-0.98,-0.04,10.103
r,0.00,0.19,-0.98,-0.04,10.107
r,0.00,0.19,-0.98,-0.04,10.111
r,0.00,0.19,-0.98,-0.04,10.116
r,0.00,0.19,-0.98,-0.04,10.120
r,0.00,0.19,-0.98,-0.04,10.125
r,0.00,0.19,-0.98,-0.04,10.128
r,0.00,0.19,-0.98,-0.04,10.132
r,0.00,0.19,-0.98,-0.04,10.136
r,0.00,0.19,-0.98,-0.04,10.140
r,0.00,0.19,-0.98,-0.04,10.144
r,0.00,0.19,-0.98,-0.04,10.148
r,0.00,0.19,-0.98,-0.04,10.152
r,0.00,0.19,-0.98,-0.04,10.156
r,0.00,0.19,-0.98,-0.04,10.160
r,0.00,0.19,-0.98,-0.04,10.164
r,0.00,0.19,-0.98,-0.04,10.167
r,0.00,0.19,-0.98,-0.04,10.171
r,0.00,0.19,-0.98,-0.04,10.175
r,0.00,0.19,-0.98,-0.04,10.180
r,0.00,0.19,-0.98,-0.04,10.183
r,0.00,0.19,-0.98,-0.04,10.187
r,0.00,0.19,-0.98,-0.04,10.191
r,0.00,0.19,-0.98,-0.04,10.194
r,0.00,0.19,-0.98,-0.04,10.198
r,0.00,0.19,-0.98,-0.04,10.202
r,0.00,0.19,-0.98,-0.04,10.207
r,0.00,0.19,-0.98,-0.04,10.210
r,0.00,0.19,-0.98,-0.04,10.214
r,0.00,0.19,-0.98,-0.04,10.219
r,0.00,0.19,-0.98,-0.04,10.222
r,0.00,0.19,-0.98,-0.04,10.227
r,0.00,0.19,-0.98,-0.04,10.231
r,0.00,0.19,-0.98,-0.04,10.237
r,0.00,0.19,-0.98,-0.04,10.241
r,0.00,0.19,-0.98,-0.04,10.245
r,0.00,0.19,-0.98,-0.04,10.250
r,0.00,0.19,-0.98,-0.04,10.253
r,0.00,0.19,-0.98,-0.04,10.257
r,0.00,0.19,-0.98,-0.04,10.262
r,0.00,0.19,-0.98,-0.04,10.266
r,0.00,0.19,-0.98,-0.04,10.269
r,0.00,0.19,-0.98,-0.04,10.273
r,0.00,0.19,-0.98,-0.04,10.277
r,0.00,0.19,-0.98,-0.04,10.280
r,0.00,0.19,-0.98,-0.04,10.285
r,0.00,0.19,-0.98,-0.04,10.289
r,0.00,0.19,-0.98,-0.04,10.292
r,0.00,0.19,-0.98,-0.04,10.295
r,0.00,0.19,-0.98,-0.04,10.300
r,0.00,0.19,-0.98,-0.04,10.304
r,0.00,0.19,-0.98,-0.04,10.307
r,0.00,0.19,-0.98,-0.04,10.312
r,0.00,0.19,-0.98,-0.04,10.316
r,0.00,0.19,-0.98,-0.04,10.320
r,0.00,0.19,-0.98,-0.04,10.324
r,0.00,0.19,-0.98,-0.04,10.329
r,0.00,0.19,-0.98,-0.04,10.333
r,0.00,0.19,-0.98,-0.04,10.337
r,0.00,0.19,-0.98,-0.04,10.341
r,0.00,0.19,-0.98,-0.04,10.344
r,0.00,0.19,-0.98,-0.04,10.349
r,0.00,0.19,-0.98,-0.04,10.352
r,0.00,0.19,-0.98,-0.04,10.357
r,0.00,0.19,-0.98,-0.04,10.361
r,0.00,0.19,-0.98,-0.04,10.363
r,0.00,0.19,-0.98,-0.04,10.367
r,0.00,0.19,-0.98,-0.04,10.371
r,0.00,0.19,-0.98,-0.04,10.376
r,0.00,0.19,-0.98,-0.04,10.379
r,0.00,0.19,-0.98,-0.04,10.383
r,0.00,0.19,-0.98,-0.04,10.387
r,0.00,0.19,-0.98,-0.04,10.390
r,0.00,0.19,-0.98,-0.04,10.394
r,0.00,0.19,-0.98,-0.04,10.399
r,0.00,0.19,-0.98,-0.04,10.403
r,0.00,0.19,-0.98,-0.04,10.407
r,0.00,0.19,-0.98,-0.04,10.411
r,0.00,0.19,-0.98,-0.04,10.416
r,0.00,0.19,-0.98,-0.04,10.419
r,0.00,0.19,-0.98,-0.04,10.423
r,0.00,0.19,-0.98,-0.04,10.427
r,0.00,0.19,-0.98,-0.04,10.431
r,0.00,0.19,-0.98,-0.04,10.435
r,0.00,0.19,-0.98,-0.04,10.439
r,0.00,0.19,-0.98,-0.04,10.443
r,0.00,0.19,-0.98,-0.04,10.447
r,0.00,0.19,-0.98,-0.04,10.450
r,0.00,0.19,-0.98,-0.04,10.454
r,0.00,0.19,-0.98,-0.04,10.459
r,0.00,0.19,-0.98,-0.04,10.461
r,0.00,0.19,-0.98,-0.04,10.466
r,0.00,0.19,-0.98,-0.04,10.471
r,0.00,0.19,-0.98,-0.04,10.476
r,0.00,0.19,-0.98,-0.04,10.479
r,0.00,0.19,-0.98,-0.04,10.483
r,0.00,0.19,-0.98,-0.04,10.487
r,0.00,0.19,-0.98,-0.04,10.490
r,0.00,0.19,-0.98,-0.04,10.493
r,0.00,0.19,-0.98,-0.04,10.498
r,0.00,0.19,-0.98,-0.04,10.502
r,0.00,0.19,-0.98,-0.04,10.505
r,0.00,0.19,-0.98,-0.04,10.509
r,0.00,0.19,-0.98,-0.04,10.514
r,0.00,0.19,-0.98,-0.04,10.517
r,0.00,0.19,-0.98,-0.04,10.521
r,0.00,0.19,-0.98,-0.04,10.525
r,0.00,0.19,-0.98,-0.04,10.529
r,0.00,0.19,-0.98,-0.04,10.533
r,0.00,0.19,-0.98,-0.04,10.537
r,0.00,0.19,-0.98,-0.04,10.541
r,0.00,0.19,-0.98,-0.04,10.544
r,0.00,0.19,-0.98,-0.04,10.549
r,0.00,0.19,-0.98,-0.04,10.553
r,0.00,0.19,-0.98,-0.04,10.557
r,0.00,0.19,-0.98,-0.04,10.560
r,0.00,0.19,-0.98,-0.04,10.564
r,0.00,0.19,-0.98,-0.04,10.569
r,0.00,0.19,-0.98,-0.04,10.573
r,0.00,0.19,-0.98,-0.04,10.578
r,0.00,0.19,-0.98,-0.04,10.581
r,0.00,0.19,-0.98,-0.04,10.585
r,0.00,0.19,-0.98,-0.04,10.588
r,0.00,0.19,-0.98,-0.04,10.592
r,0.00,0.19,-0.98,-0.04,10.597
r,0.00,0.19,-0.98,-0.04,10.601
r,0.00,0.19,-0.98,-0.04,10.603
r,0.00,0.19,-0.98,-0.04,10.607
r,0.00,0.19,-0.98,-0.04,10.612
r,0.00,0.19,-0.98,-0.04,10.616
r,0.00,0.19,-0.98,-0.04,10.620
r,0.00,0.19,-0.98,-0.04,10.624
r,0.00,0.19,-0.98,-0.04,10.628
r,0.00,0.19,-0.98,-0.04,10.631
r,0.00,0.19,-0.98,-0.04,10.636
r,0.00,0.19,-0.98,-0.04,10.640
r,0.00,0.19,-0.98,-0.04,10.643
r,0.00,0.19,-0.98,-0.04,10.648
r,0.00,0.19,-0.98,-0.04,10.652
r,0.00,0.19,-0.98,-0.04,10.657
r,0.00,0.19,-0.98,-0.04,10.661
r,0.00,0.19,-0.98,-0.04,10.665
r,0.00,0.19,-0.98,-0.04,10.669
r,0.00,0.19,-0.98,-0.04,10.672
r,0.00,0.19,-0.98,-0.04,10.677
r,0.00,0.19,-0.98,-0.04,10.681
r,0.00,0.19,-0.98,-0.04,10.684
r,0.00,0.19,-0.98,-0.04,10.687
r,0.00,0.19,-0.98,-0.04,10.690
r,0.00,0.19,-0.98,-0.04,10.693
r,0.00,0.19,-0.98,-0.04,10.697
r,0.00,0.19,-0.98,-0.04,10.701
r,0.00,0.19,-0.98,-0.04,10.705
r,0.00,0.19,-0.98,-0.04,10.709
r,0.00,0.19,-0.98,-0.04,10.712
r,0.00,0.19,-0.98,-0.04,10.716
r,0.00,0.19,-0.98,-0.04,10.720
r,0.00,0.19,-0.98,-0.04,10.723
r,0.00,0.19,-0.98,-0.04,10.727
r,0.00,0.19,-0.98,-0.03,10.731
r,0.00,0.19,-0.98,-0.03,10.735
r,0.00,0.19,-0.98,-0.03,10.738
r,0.00,0.20,-0.98,-0.03,10.743
r,0.00,0.20,-0.98,-0.03,10.747
r,0.00,0.20,-0.98,-0.03,10.752
r,0.00,0.20,-0.98,-0.03,10.756
r,0.00,0.20,-0.98,-0.03,10.761
r,0.00,0.20,-0.98,-0.03,10.766
r,0.00,0.20,-0.98,-0.03,10.769
r,0.00,0.20,-0.98,-0.03,10.773
r,0.00,0.20,-0.98,-0.03,10.778
r,0.00,0.20,-0.98,-0.03,10.783
r,0.00,0.20,-0.98,-0.03,10.786
r,0.00,0.20,-0.98,-0.03,10.790
r,0.00,0.20,-0.98,-0.03,10.794
r,0.00,0.20,-0.98,-0.03,10.797
r,0.00,0.20,-0.98,-0.03,10.801
r,0.00,0.20,-0.98,-0.02,10.806
r,0.00,0.20,-0.98,-0.02,10.809
r,0.00,0.20,-0.98,-0.02,10.814
r,0.00,0.20,-0.98,-0.02,10.818
r,0.00,0.20,-0.98,-0.02,10.822
r,0.00,-0.20,0.98,0.02,10.826
r,0.00,-0.20,0.98,0.02,10.830
r,0.00,-0.20,0.98,0.02,10.834
r,0.00,-0.20,0.98,0.02,10.837
r,0.00,-0.20,0.98,0.02,10.841
r,0.00,-0.20,0.98,0.02,10.846
r,0.00,-0.20,0.98,0.02,10.849
r,0.00,-0.20,0.98,0.02,10.854
r,0.00,-0.20,0.98,0.02,10.858
r,0.00,-0.20,0.98,0.02,10.861
r,0.00,-0.20,0.98,0.02,10.864
r,0.00,-0.20,0.98,0.02,10.868
r,0.00,-0.20,0.98,0.02,10.873
r,0.00,-0.20,0.98,0.02,10.876
r,0.00,-0.20,0.98,0.02,10.880
r,0.00,-0.20,0.98,0.02,10.884
r,0.00,-0.20,0.98,0.02,10.888
r,0.00,-0.20,0.98,0.02,10.892
r,0.00,-0.20,0.98,0.02,10.896
r,0.00,-0.20,0.98,0.02,10.900
r,0.00,-0.20,0.98,0.02,10.903
r,0.00,-0.20,0.98,0.02,10.908
r,0.00,-0.20,0.98,0.02,10.912
r,0.00,-0.20,0.98,0.02,10.916
r,0.00,-0.20,0.98,0.02,10.920
r,0.00,-0.20,0.98,0.02,10.924
r,0.00,-0.20,0.98,0.02,10.927
r,0.00,-0.20,0.98,0.02,10.932
r,0.00,-0.20,0.98,0.02,10.936
r,0.00,-0.20,0.98,0.02,10.940
r,0.00,-0.20,0.98,0.02,10.943
r,0.00,-0.20,0.98,0.02,10.947
r,0.00,-0.20,0.98,0.02,10.951
r,0.00,-0.20,0.98,0.02,10.955
r,0.00,-0.20,0.98,0.02,10.958
r,0.00,-0.20,0.98,0.02,10.964
r,0.00,-0.20,0.98,0.02,10.967
r,0.00,-0.20,0.98,0.02,10.970
r,0.00,-0.20,0.98,0.02,10.974
r,0.00,-0.20,0.98,0.02,10.979
r,0.00,-0.20,0.98,0.02,10.982
r,0.00,-0.20,0.98,0.02,10.987
r,0.00,-0.20,0.98,0.02,10.991
r,0.00,-0.20,0.98,0.02,10.995
r,0.00,-0.20,0.98,0.02,10.999
r,0.00,-0.20,0.98,0.02,11.003
r,0.00,-0.20,0.98,0.02,11.008
r,0.00,-0.20,0.98,0.02,11.011
r,0.00,-0.20,0.98,0.02,11.016
r,0.00,-0.20,0.98,0.02,11.019
r,0.00,-0.20,0.98,0.02,11.022
r,0.00,-0.20,0.98,0.02,11.026
r,0.00,-0.20,0.98,0.02,11.030
r,0.00,-0.20,0.98,0.02,11.034
r,0.00,-0.20,0.98,0.02,11.038
r,0.00,-0.20,0.98,0.02,11.042
r,0.00,-0.20,0.98,0.02,11.046
r,0.00,-0.20,0.98,0.02,11.049
r,0.00,-0.20,0.98,0.02,11.053
r,0.00,-0.20,0.98,0.02,11.058
r,0.00,-0.20,0.98,0.02,11.061
r,0.00,-0.20,0.98,0.02,11.065
r,0.00,-0.20,0.98,0.02,11.070
r,0.00,-0.20,0.98,0.02,11.075
r,0.00,-0.20,0.98,0.02,11.077
r,0.00,-0.20,0.98,0.02,11.081
r,0.00,-0.20,0.98,0.02,11.086
r,0.00,-0.20,0.98,0.02,11.089
r,0.00,-0.20,0.98,0.02,11.093
r,0.00,-0.20,0.98,0.02,11.097
r,0.00,-0.20,0.98,0.02,11.100
r,0.00,-0.20,0.98,0.02,11.105
r,0.00,-0.20,0.98,0.02,11.109
r,0.00,-0.20,0.98,0.02,11.113
r,0.00,-0.20,0.98,0.02,11.116
r,0.00,-0.20,0.98,0.02,11.121
r,0.00,-0.20,0.98,0.02,11.126
r,0.00,-0.20,0.98,0.02,11.129
r,0.00,-0.20,0.98,0.02,11.133
r,0.00,-0.20,0.98,0.02,11.137
r,0.00,-0.20,0.98,0.02,11.141
r,0.00,-0.20,0.98,0.02,11.144
r,0.00,-0.20,0.98,0.02,11.148
r,0.00,-0.19,0.98,0.02,11.153
r,0.00,-0.19,0.98,0.02,11.157
r,0.00,-0.19,0.98,0.02,11.161
r,0.00,-0.19,0.98,0.02,11.165
r,0.00,-0.19,0.98,0.02,11.169
r,0.00,-0.19,0.98,0.02,11.173
r,0.00,-0.19,0.98,0.02,11.177
r,0.00,-0.19,0.98,0.02,11.180
r,0.00,-0.19,0.98,0.02,11.183
r,0.00,-0.19,0.98,0.02,11.187
r,0.00,-0.19,0.98,0.02,11.192
r,0.00,-0.19,0.98,0.02,11.196
r,0.00,-0.19,0.98,0.02,11.199
r,0.00,-0.19,0.98,0.02,11.203
r,0.00,-0.19,0.98,0.02,11.208
r,0.00,-0.19,0.98,0.02,11.212
r,0.00,-0.19,0.98,0.02,11.217
r,0.00,-0.19,0.98,0.02,11.220
r,0.00,-0.19,0.98,0.02,11.224
r,0.00,-0.19,0.98,0.02,11.227
r,0.00,-0.19,0.98,0.02,11.231
r,0.00,-0.19,0.98,0.02,11.236
r,0.00,-0.19,0.98,0.02,11.239
r,0.00,-0.19,0.98,0.02,11.243
r,0.00,-0.19,0.98,0.02,11.247
r,0.00,-0.19,0.98,0.02,11.251
r,0.00,-0.19,0.98,0.02,11.255
r,0.00,-0.19,0.98,0.02,11.259
r,0.00,-0.19,0.98,0.02,11.263
r,0.00,-0.19,0.98,0.02,11.266
r,0.00,-0.19,0.98,0.02,11.270
r,0.00,-0.19,0.98,0.02,11.275
r,0.00,-0.19,0.98,0.02,11.279
r,0.00,-0.19,0.98,0.02,11.282
r,0.00,-0.19,0.98,0.02,11.286
r,0.00,-0.19,0.98,0.02,11.290
r,0.00,-0.19,0.98,0.02,11.295
r,0.00,-0.19,0.98,0.02,11.299
r,0.00,-0.19,0.98,0.02,11.303
r,0.00,-0.19,0.98,0.02,11.308
r,0.00,-0.19,0.98,0.02,11.312
r,0.00,-0.19,0.98,0.02,11.317
r,0.00,-0.19,0.98,0.02,11.321
r,0.00,-0.19,0.98,0.02,11.324
r,0.00,-0.19,0.98,0.02,11.328
r,0.00,-0.19,0.98,0.02,11.333
r,0.00,-0.19,0.98,0.02,11.338
r,0.00,-0.19,0.98,0.02,11.341
r,0.00,-0.19,0.98,0.02,11.345
r,0.00,-0.19,0.98,0.02,11.350
r,0.00,-0.19,0.98,0.02,11.354
r,0.00,-0.19,0.98,0.02,11.358
r,0.00,-0.19,0.98,0.02,11.362
r,0.00,-0.19,0.98,0.02,11.367
r,0.00,-0.19,0.98,0.02,11.370
r,0.00,-0.19,0.98,0.02,11.375
r,0.00,-0.19,0.98,0.02,11.379
r,0.00,-0.18,0.98,0.02,11.381
r,0.00,-0.18,0.98,0.02,11.385
r,0.00,-0.18,0.98,0.02,11.389
r,0.00,-0.18,0.98,0.02,11.393
r,0.00,-0.18,0.98,0.02,11.397
r,0.00,-0.18,0.98,0.02,11.401
r,0.00,-0.18,0.98,0.02,11.405
r,0.00,-0.18,0.98,0.02,11.409
r,0.00,-0.18,0.98,0.02,11.413
r,0.00,-0.18,0.98,0.02,11.417
r,0.00,-0.18,0.98,0.02,11.421
r,0.00,-0.18,0.98,0.02,11.424
r,0.00,-0.18,0.98,0.02,11.428
r,0.00,-0.18,0.98,0.02,11.433
r,0.00,-0.18,0.98,0.02,11.437
r,0.00,-0.18,0.98,0.02,11.440
r,0.00,-0.18,0.98,0.02,11.444
r,0.00,-0.18,0.98,0.02,11.448
r,0.00,-0.18,0.98,0.02,11.452
r,0.00,-0.18,0.98,0.02,11.456
r,0.00,-0.18,0.98,0.02,11.460
r,0.00,-0.18,0.98,0.02,11.464
r,0.00,-0.18,0.98,0.02,11.467
r,0.00,-0.18,0.98,0.02,11.472
r,0.00,-0.18,0.98,0.02,11.476
r,0.00,-0.18,0.98,0.02,11.480
r,0.00,-0.18,0.98,0.02,11.484
r,0.00,-0.18,0.98,0.02,11.488
r,0.00,-0.18,0.98,0.02,11.492
r,0.00,-0.18,0.98,0.02,11.496
r,0.00,-0.18,0.98,0.02,11.500
r,0.00,-0.18,0.98,0.02,11.505
r,0.00,-0.18,0.98,0.02,11.509
r,0.00,-0.18,0.98,0.02,11.513
r,0.00,-0.18,0.98,0.02,11.516
r,0.00,-0.18,0.98,0.02,11.520
r,0.00,-0.18,0.98,0.02,11.523
r,0.00,-0.18,0.98,0.02,11.527
r,0.00,-0.18,0.98,0.02,11.531
r,0.00,-0.18,0.98,0.02,11.535
r,0.00,-0.18,0.98,0.02,11.538
r,0.00,-0.18,0.98,0.02,11.541
r,0.00,-0.18,0.98,0.02,11.545
r,0.00,-0.18,0.98,0.02,11.550
r,0.00,-0.18,0.98,0.02,11.554
r,0.00,-0.18,0.98,0.02,11.558
r,0.00,-0.18,0.98,0.02,11.563
r,0.00,-0.18,0.98,0.02,11.566
r,0.00,-0.18,0.98,0.02,11.570
r,0.00,-0.18,0.98,0.02,11.575
r,0.00,-0.18,0.98,0.02,11.579
r,0.00,-0.18,0.98,0.02,11.582
r,0.00,-0.18,0.98,0.02,11.586
r,0.00,-0.18,0.98,0.02,11.590
r,0.00,-0.18,0.98,0.02,11.594
r,0.00,-0.18,0.98,0.02,11.598
r,0.00,-0.18,0.98,0.02,11.602
r,0.00,-0.18,0.98,0.02,11.606
r,0.00,-0.18,0.98,0.02,11.609
r,0.00,-0.18,0.98,0.02,11.613
r,0.00,-0.18,0.98,0.02,11.617
r,0.00,-0.18,0.98,0.02,11.621
r,0.00,-0.18,0.98,0.02,11.624
r,0.00,-0.18,0.98,0.02,11.628
r,0.00,-0.18,0.98,0.02,11.632
r,0.00,-0.18,0.98,0.02,11.635
r,0.00,-0.18,0.98,0.02,11.639
r,0.00,-0.18,0.98,0.02,11.643
r,0.00,-0.18,0.98,0.02,11.646
r,0.00,-0.18,0.98,0.02,11.650
r,0.00,-0.18,0.98,0.02,11.656
r,0.00,-0.18,0.98,0.02,11.660
r,0.00,-0.18,0.98,0.02,11.663
r,0.00,-0.18,0.98,0.02,11.667
r,0.00,-0.18,0.98,0.02,11.671
r,0.00,-0.18,0.98,0.02,11.674
r,0.00,-0.18,0.98,0.02,11.678
r,0.00,-0.18,0.98,0.02,11.682
r,0.00,-0.18,0.98,0.02,11.686
r,0.00,-0.18,0.98,0.02,11.689
r,0.00,-0.18,0.98,0.02,11.694
r,0.00,-0.18,0.98,0.02,11.699
r,0.00,-0.18,0.98,0.02,11.701
r,0.00,-0.18,0.98,0.02,11.705
r,0.00,-0.18,0.98,0.02,11.709
r,0.00,-0.18,0.98,0.02,11.714
r,0.00,-0.18,0.98,0.02,11.718
r,0.00,0.18,-0.98,-0.02,11.722
r,0.00,0.18,-0.98,-0.02,11.726
r,0.00,0.18,-0.98,-0.02,11.729
