r,0.68,0.00,-0.00,0.73,0.004
r,0.66,0.00,-0.00,0.75,0.059
r,0.66,0.00,-0.00,0.75,0.063
r,0.66,0.00,-0.00,0.75,0.066
r,0.66,0.00,-0.00,0.75,0.070
r,0.66,0.00,-0.00,0.75,0.075
r,0.66,0.00,-0.00,0.75,0.078
r,0.66,0.01,-0.00,0.75,0.082
r,0.66,0.01,-0.00,0.75,0.086
r,0.66,0.01,-0.00,0.75,0.090
r,0.66,0.01,-0.00,0.75,0.094
r,0.66,0.01,-0.00,0.75,0.099
r,0.66,0.01,-0.00,0.75,0.102
r,0.66,0.01,-0.00,0.75,0.106
r,0.66,0.01,-0.00,0.75,0.109
r,0.66,0.01,-0.00,0.75,0.113
r,0.66,0.01,-0.00,0.75,0.118
r,0.66,0.01,-0.00,0.75,0.121
r,0.66,0.01,-0.00,0.75,0.125
r,0.66,0.01,-0.00,0.75,0.130
r,0.66,0.01,-0.00,0.75,0.133
r,0.66,0.01,-0.00,0.75,0.137
r,0.66,0.01,-0.00,0.75,0.142
r,0.66,0.01,-0.00,0.75,0.145
r,0.66,0.01,-0.00,0.75,0.149
r,0.66,0.01,-0.00,0.75,0.153
r,0.66,0.01,-0.00,0.75,0.157
r,0.66,0.01,-0.00,0.75,0.161
r,0.66,0.01,-0.00,0.75,0.165
r,0.66,0.01,-0.00,0.75,0.169
r,0.66,0.01,-0.00,0.75,0.173
r,0.66,0.01,-0.00,0.75,0.177
r,0.66,0.01,-0.00,0.75,0.181
r,0.66,0.01,-0.00,0.75,0.185
r,0.66,0.01,-0.00,0.75,0.189
r,0.66,0.01,-0.00,0.75,0.193
r,0.66,0.01,-0.00,0.75,0.199
r,0.66,0.01,-0.00,0.75,0.202
r,0.66,0.01,-0.00,0.75,0.206
r,0.66,0.01,-0.00,0.75,0.209
r,0.66,0.01,-0.00,0.75,0.212
r,0.66,0.01,-0.00,0.75,0.217
r,0.66,0.01,-0.00,0.75,0.221
r,0.66,0.01,-0.00,0.75,0.224
r,0.66,0.01,-0.00,0.75,0.228
r,0.66,0.01,-0.00,0.75,0.232
r,0.66,0.01,-0.00,0.75,0.235
r,0.66,0.01,-0.00,0.75,0.241
r,0.66,0.01,-0.00,0.75,0.244
r,0.66,0.01,-0.00,0.75,0.248
r,0.66,0.01,-0.00,0.75,0.252
r,0.66,0.01,-0.00,0.75,0.255
r,0.66,0.01,-0.00,0.75,0.259
r,0.66,0.01,-0.00,0.75,0.263
r,0.66,0.01,-0.00,0.75,0.267
r,0.66,0.01,-0.00,0.75,0.271
r,0.66,0.01,-0.00,0.75,0.275
r,0.66,0.01,-0.00,0.75,0.278
r,0.66,0.01,-0.00,0.75,0.282
r,0.66,0.01,-0.00,0.75,0.287
r,0.66,0.01,-0.00,0.75,0.290
r,0.66,0.01,-0.00,0.75,0.295
r,0.66,0.01,-0.00,0.75,0.300
r,0.66,0.01,-0.00,0.75,0.303
r,0.66,0.01,-0.00,0.75,0.307
r,0.66,0.01,-0.00,0.75,0.310
r,0.66,0.01,-0.00,0.75,0.314
r,0.66,0.01,-0.00,0.75,0.319
r,0.66,0.01,-0.00,0.75,0.322
r,0.66,0.01,-0.00,0.75,0.326
r,0.66,0.01,-0.00,0.75,0.330
r,0.66,0.01,-0.00,0.75,0.333
r,0.66,0.01,-0.00,0.75,0.337
r,0.66,0.01,-0.00,0.75,0.342
r,0.66,0.01,-0.00,0.75,0.345
r,0.66,0.01,-0.00,0.75,0.349
r,0.66,0.01,-0.00,0.75,0.353
r,0.66,0.01,-0.00,0.75,0.357
r,0.66,0.01,-0.00,0.75,0.361
r,0.66,0.01,-0.00,0.75,0.365
r,0.66,0.01,-0.00,0.75,0.368
r,0.66,0.01,-0.00,0.75,0.371
r,0.66,0.01,-0.00,0.75,0.374
r,0.66,0.01,-0.00,0.75,0.379
r,0.66,0.01,-0.00,0.75,0.382
r,0.66,0.01,-0.00,0.75,0.385
r,0.66,0.01,-0.00,0.75,0.389
r,0.66,0.01,-0.00,0.75,0.393
r,0.66,0.01,-0.00,0.75,0.397
r,0.66,0.01,-0.00,0.75,0.401
r,0.66,0.01,-0.00,0.75,0.405
r,0.66,0.01,-0.00,0.75,0.408
r,0.66,0.01,-0.00,0.75,0.412
r,0.66,0.01,-0.00,0.75,0.417
r,0.66,0.01,-0.00,0.75,0.420
r,0.66,0.01,-0.00,0.75,0.424
r,0.66,0.01,-0.00,0.75,0.428
r,0.66,0.01,-0.00,0.75,0.431
r,0.66,0.01,-0.00,0.75,0.436
r,0.66,0.01,-0.00,0.75,0.439
r,0.66,0.01,-0.00,0.75,0.443
r,0.66,0.01,-0.00,0.75,0.447
r,0.66,0.01,-0.00,0.75,0.450
r,0.66,0.01,-0.00,0.75,0.454
r,0.66,0.01,-0.00,0.75,0.458
r,0.66,0.01,-0.00,0.75,0.461
r,0.66,0.01,-0.00,0.75,0.465
r,0.66,0.01,-0.00,0.75,0.470
r,0.66,0.01,-0.00,0.75,0.474
r,0.66,0.01,-0.00,0.75,0.480
r,0.66,0.01,-0.00,0.75,0.484
r,0.66,0.01,-0.00,0.75,0.487
r,0.66,0.01,-0.00,0.75,0.491
r,0.66,0.01,-0.00,0.75,0.496
r,0.66,0.01,-0.00,0.75,0.499
r,0.66,0.01,-0.00,0.75,0.504
r,0.66,0.01,-0.00,0.75,0.508
r,0.66,0.01,-0.00,0.75,0.512
r,0.66,0.01,-0.00,0.75,0.517
r,0.66,0.01,-0.00,0.75,0.520
r,0.66,0.01,-0.00,0.75,0.524
r,0.66,0.01,-0.00,0.75,0.529
r,0.66,0.01,-0.00,0.75,0.532
r,0.66,0.01,-0.00,0.75,0.536
r,0.66,0.01,-0.00,0.75,0.540
r,0.66,0.01,-0.00,0.75,0.543
r,0.66,0.01,-0.00,0.75,0.547
r,0.66,0.01,-0.00,0.75,0.552
r,0.66,0.01,-0.00,0.75,0.556
r,0.66,0.01,-0.00,0.75,0.559
r,0.66,0.01,-0.00,0.75,0.563
r,0.66,0.01,-0.00,0.75,0.566
r,0.66,0.01,-0.00,0.75,0.570
r,0.66,0.01,-0.00,0.75,0.575
r,0.66,0.01,-0.00,0.75,0.578
r,0.66,0.01,-0.00,0.75,0.582
r,0.66,0.01,-0.00,0.75,0.586
r,0.66,0.01,-0.00,0.75,0.590
r,0.66,0.01,-0.00,0.75,0.594
r,0.66,0.01,-0.00,0.75,0.598
r,0.66,0.01,-0.00,0.75,0.602
r,0.66,0.01,-0.00,0.75,0.606
r,0.66,0.01,-0.00,0.75,0.609
r,0.66,0.01,-0.00,0.75,0.613
r,0.66,0.01,-0.00,0.75,0.618
r,0.66,0.01,-0.00,0.75,0.621
r,0.66,0.01,-0.00,0.75,0.626
r,0.66,0.01,-0.00,0.75,0.630
r,0.66,0.01,-0.00,0.75,0.634
r,0.66,0.01,-0.00,0.75,0.639
r,0.66,0.01,-0.00,0.75,0.642
r,0.66,0.01,-0.00,0.75,0.646
r,0.66,0.01,-0.00,0.75,0.650
r,0.66,0.01,-0.00,0.75,0.653
r,0.66,0.01,-0.00,0.75,0.657
r,0.66,0.01,-0.00,0.75,0.661
r,0.66,0.01,-0.00,0.75,0.665
r,0.66,0.01,-0.00,0.75,0.669
r,0.66,0.01,-0.00,0.75,0.674
r,0.66,0.01,-0.00,0.75,0.678
r,0.66,0.01,-0.00,0.75,0.682
r,0.66,0.01,-0.00,0.75,0.686
r,0.66,0.01,-0.00,0.75,0.689
r,0.66,0.01,-0.00,0.75,0.693
r,0.66,0.01,-0.00,0.75,0.696
r,0.66,0.01,-0.00,0.75,0.701
r,0.66,0.01,-0.00,0.75,0.706
r,0.66,0.01,-0.00,0.75,0.709
r,0.66,0.01,-0.00,0.75,0.713
r,0.66,0.01,-0.00,0.75,0.717
r,0.66,0.01,-0.00,0.75,0.720
r,0.66,0.01,-0.00,0.75,0.724
r,0.66,0.01,-0.00,0.75,0.727
r,0.66,0.01,-0.00,0.75,0.731
r,0.66,0.01,-0.00,0.75,0.736
r,0.66,0.01,-0.00,0.75,0.739
r,0.66,0.01,-0.00,0.75,0.744
r,0.66,0.01,-0.00,0.75,0.748
r,0.66,0.01,-0.00,0.75,0.751
r,0.66,0.01,-0.00,0.75,0.756
r,0.66,0.01,-0.00,0.75,0.760
r,0.66,0.01,-0.00,0.75,0.763
r,0.66,0.01,-0.00,0.75,0.767
r,0.66,0.01,-0.00,0.75,0.770
r,0.66,0.01,-0.00,0.75,0.775
r,0.66,0.01,-0.00,0.75,0.779
r,0.66,0.01,-0.00,0.75,0.782
r,0.66,0.01,-0.00,0.75,0.786
r,0.66,0.01,-0.00,0.75,0.791
r,0.66,0.01,-0.00,0.75,0.794
r,0.66,0.01,-0.00,0.75,0.799
r,0.66,0.01,-0.00,0.75,0.803
r,0.66,0.01,-0.00,0.75,0.807
r,0.66,0.01,-0.00,0.75,0.811
r,0.66,0.01,-0.00,0.75,0.815
r,0.66,0.01,-0.00,0.75,0.820
r,0.66,0.01,-0.00,0.75,0.824
r,0.66,0.01,-0.00,0.75,0.828
r,0.66,0.01,-0.00,0.75,0.832
r,0.66,0.01,-0.00,0.75,0.836
r,0.66,0.01,-0.00,0.75,0.841
r,0.66,0.01,-0.00,0.75,0.846
r,0.66,0.01,-0.00,0.75,0.849
r,0.66,0.01,-0.00,0.75,0.854
r,0.66,0.01,-0.00,0.75,0.858
r,0.66,0.01,-0.00,0.75,0.861
r,0.66,0.01,-0.00,0.75,0.866
r,0.66,0.01,-0.00,0.75,0.870
r,0.66,0.01,-0.00,0.75,0.874
r,0.66,0.01,-0.00,0.75,0.878
r,0.66,0.01,-0.00,0.75,0.881
r,0.66,0.01,-0.00,0.75,0.885
r,0.66,0.01,-0.00,0.75,0.889
r,0.66,0.01,-0.00,0.75,0.893
r,0.66,0.01,-0.00,0.75,0.897
r,0.66,0.01,-0.00,0.75,0.901
r,0.66,0.01,-0.00,0.75,0.905
r,0.66,0.01,-0.00,0.75,0.909
r,0.66,0.01,-0.00,0.75,0.914
r,0.66,0.01,-0.00,0.75,0.917
r,0.66,0.01,-0.00,0.75,0.921
r,0.66,0.01,-0.00,0.75,0.924
r,0.66,0.01,-0.00,0.75,0.928
r,0.66,0.01,-0.00,0.75,0.932
r,0.66,0.01,-0.00,0.75,0.935
r,0.66,0.01,-0.00,0.75,0.939
r,0.66,0.01,-0.00,0.75,0.944
r,0.66,0.01,-0.00,0.75,0.948
r,0.66,0.01,-0.00,0.75,0.952
r,0.66,0.01,-0.00,0.75,0.955
r,0.66,0.01,-0.00,0.75,0.960
r,0.66,0.01,-0.00,0.75,0.964
r,0.66,0.01,-0.00,0.75,0.968
r,0.66,0.01,-0.00,0.75,0.972
r,0.66,0.01,-0.00,0.75,0.977
r,0.66,0.01,-0.00,0.75,0.980
r,0.66,0.01,-0.00,0.75,0.985
r,0.66,0.01,-0.00,0.75,0.989
r,0.66,0.01,-0.00,0.75,0.993
r,0.66,0.01,-0.00,0.75,0.998
r,0.66,0.01,-0.00,0.75,1.001
r,0.66,0.01,-0.00,0.75,1.006
r,0.66,0.01,-0.00,0.75,1.010
r,0.66,0.01,-0.00,0.75,1.017
r,0.66,0.01,-0.00,0.75,1.021
r,0.66,0.01,-0.00,0.75,1.026
r,0.66,0.01,-0.00,0.75,1.029
r,0.66,0.01,-0.00,0.75,1.034
r,0.66,0.01,-0.00,0.75,1.037
r,0.66,0.01,-0.00,0.75,1.041
r,0.66,0.01,-0.00,0.75,1.046
r,0.66,0.01,-0.00,0.75,1.050
r,0.66,0.01,-0.00,0.75,1.055
r,0.66,0.01,-0.00,0.75,1.059
r,0.66,0.01,-0.00,0.75,1.063
r,0.66,0.01,-0.00,0.75,1.067
r,0.66,0.01,-0.00,0.75,1.070
r,0.66,0.01,-0.00,0.75,1.075
r,0.66,0.01,-0.00,0.75,1.079
r,0.66,0.01,-0.00,0.75,1.083
r,0.66,0.01,-0.00,0.75,1.087
r,0.66,0.01,-0.00,0.75,1.091
r,0.66,0.01,-0.00,0.75,1.095
r,0.66,0.01,-0.00,0.75,1.099
r,0.66,0.01,-0.00,0.75,1.103
r,0.66,0.01,-0.00,0.75,1.106
r,0.66,0.01,-0.00,0.75,1.110
r,0.66,0.01,-0.00,0.75,1.114
r,0.66,0.01,-0.00,0.75,1.118
r,0.66,0.01,-0.00,0.75,1.122
r,0.66,0.01,-0.00,0.75,1.125
r,0.66,0.01,-0.00,0.75,1.130
r,0.66,0.01,-0.00,0.75,1.135
r,0.66,0.01,-0.00,0.75,1.138
r,0.66,0.01,-0.00,0.75,1.142
r,0.66,0.01,-0.00,0.75,1.145
r,0.66,0.01,-0.00,0.75,1.150
r,0.67,0.01,-0.00,0.75,1.155
r,0.67,0.01,-0.00,0.75,1.158
r,0.67,0.01,-0.00,0.75,1.163
r,0.67,0.01,-0.00,0.75,1.167
r,0.67,0.01,-0.00,0.75,1.170
r,0.67,0.01,-0.00,0.75,1.175
r,0.67,0.01,-0.00,0.75,1.180
r,0.67,0.01,-0.00,0.75,1.183
r,0.67,0.01,-0.00,0.75,1.188
r,0.67,0.01,-0.00,0.75,1.192
r,0.67,0.01,-0.00,0.75,1.197
r,0.67,0.01,-0.00,0.75,1.201
r,0.67,0.01,-0.00,0.75,1.205
r,0.67,0.01,-0.00,0.75,1.209
r,0.67,0.01,-0.00,0.75,1.214
r,0.67,0.01,-0.00,0.75,1.217
r,0.67,0.01,-0.00,0.75,1.221
r,0.67,0.01,-0.00,0.75,1.224
r,0.67,0.01,-0.00,0.75,1.228
r,0.67,0.01,-0.00,0.75,1.233
r,0.67,0.01,-0.00,0.75,1.236
r,0.67,0.01,-0.00,0.75,1.240
r,0.67,0.01,-0.00,0.75,1.244
r,0.67,0.01,-0.00,0.75,1.248
r,0.67,0.01,-0.00,0.75,1.252
r,0.67,0.01,-0.00,0.75,1.256
r,0.67,0.01,-0.00,0.75,1.260
r,0.67,0.01,-0.00,0.75,1.265
r,0.67,0.01,-0.00,0.75,1.268
r,0.67,0.01,-0.00,0.75,1.276
r,0.67,0.01,-0.00,0.75,1.280
r,0.67,0.01,-0.00,0.75,1.284
r,0.67,0.01,-0.00,0.75,1.288
r,0.67,0.01,-0.00,0.75,1.291
r,0.67,0.01,-0.00,0.75,1.296
r,0.67,0.01,-0.00,0.75,1.300
r,0.67,0.01,-0.00,0.75,1.304
r,0.67,0.01,-0.00,0.75,1.308
r,0.67,0.01,-0.00,0.75,1.313
r,0.67,0.01,-0.00,0.75,1.317
r,0.67,0.01,-0.00,0.75,1.321
r,0.67,0.01,-0.00,0.75,1.325
r,0.67,0.01,-0.00,0.75,1.329
r,0.67,0.01,-0.00,0.75,1.334
r,0.67,0.01,-0.00,0.75,1.337
r,0.67,0.01,-0.00,0.75,1.341
r,0.67,0.01,-0.00,0.75,1.345
r,0.67,0.01,-0.00,0.75,1.348
r,0.67,0.01,-0.00,0.75,1.352
r,0.67,0.01,-0.00,0.75,1.356
r,0.67,0.01,-0.00,0.75,1.360
r,0.67,0.01,-0.00,0.75,1.365
r,0.67,0.01,-0.00,0.75,1.368
r,0.67,0.01,-0.00,0.75,1.373
r,0.67,0.01,-0.00,0.75,1.376
r,0.67,0.01,-0.00,0.75,1.380
r,0.67,0.01,-0.00,0.75,1.385
r,0.67,0.01,-0.00,0.75,1.388
r,0.67,0.01,-0.00,0.75,1.393
r,0.67,0.01,-0.00,0.75,1.398
r,0.67,0.01,-0.00,0.75,1.402
r,0.67,0.01,-0.00,0.75,1.406
r,0.67,0.01,-0.00,0.75,1.410
r,0.67,0.01,-0.00,0.75,1.415
r,0.67,0.01,-0.00,0.75,1.419
r,0.67,0.01,-0.00,0.75,1.422
r,0.67,0.01,-0.00,0.75,1.426
r,0.67,0.01,-0.00,0.75,1.430
r,0.67,0.01,-0.00,0.75,1.433
r,0.67,0.01,-0.00,0.75,1.438
r,0.67,0.01,-0.00,0.75,1.441
r,0.67,0.01,-0.00,0.75,1.445
r,0.67,0.01,-0.00,0.75,1.450
r,0.67,0.01,-0.00,0.75,1.454
r,0.67,0.01,-0.00,0.75,1.458
r,0.67,0.01,-0.00,0.75,1.463
r,0.67,0.01,-0.00,0.74,1.466
r,0.67,0.01,-0.00,0.74,1.470
r,0.67,0.01,-0.00,0.74,1.474
r,0.67,0.01,-0.00,0.74,1.478
r,0.67,0.01,-0.00,0.74,1.482
r,0.67,0.01,-0.00,0.74,1.485
r,0.67,0.01,-0.00,0.74,1.489
r,0.67,0.01,-0.00,0.74,1.493
r,0.67,0.01,-0.00,0.74,1.496
r,0.67,0.01,-0.00,0.74,1.500
r,0.67,0.01,-0.00,0.74,1.505
r,0.67,0.01,-0.00,0.74,1.508
r,0.67,0.01,-0.00,0.74,1.513
r,0.67,0.01,-0.00,0.74,1.516
r,0.67,0.01,-0.00,0.74,1.521
r,0.67,0.01,-0.00,0.74,1.525
r,0.67,0.01,-0.00,0.74,1.529
r,0.67,0.01,-0.00,0.74,1.536
r,0.67,0.01,-0.00,0.74,1.540
r,0.67,0.01,-0.00,0.74,1.544
r,0.67,0.01,-0.00,0.74,1.548
r,0.67,0.01,-0.00,0.74,1.552
r,0.67,0.01,-0.00,0.74,1.556
r,0.67,0.01,-0.00,0.74,1.560
r,0.67,0.01,-0.00,0.74,1.563
r,0.67,0.01,-0.00,0.74,1.567
r,0.67,0.01,-0.00,0.74,1.572
r,0.67,0.01,-0.00,0.74,1.575
r,0.67,0.01,-0.00,0.74,1.580
r,0.67,0.01,-0.00,0.74,1.584
r,0.67,0.01,-0.00,0.74,1.587
r,0.67,0.01,-0.00,0.74,1.592
r,0.67,0.01,-0.00,0.74,1.596
r,0.67,0.01,-0.00,0.74,1.600
r,0.67,0.01,-0.00,0.74,1.605
r,0.67,0.01,-0.00,0.74,1.608
r,0.67,0.01,-0.00,0.74,1.612
r,0.67,0.01,-0.00,0.74,1.617
r,0.67,0.01,-0.00,0.74,1.620
r,0.67,0.01,-0.00,0.74,1.624
r,0.67,0.01,-0.00,0.74,1.628
r,0.67,0.01,-0.00,0.74,1.631
r,0.67,0.01,-0.00,0.74,1.636
r,0.67,0.01,-0.00,0.74,1.639
r,0.67,0.01,-0.00,0.74,1.644
r,0.67,0.01,-0.00,0.74,1.648
r,0.67,0.01,-0.00,0.74,1.652
r,0.67,0.01,-0.00,0.74,1.656
r,0.67,0.01,-0.00,0.74,1.660
r,0.67,0.01,-0.00,0.74,1.664
r,0.67,0.01,-0.00,0.74,1.668
r,0.67,0.01,-0.00,0.74,1.672
r,0.67,0.01,-0.00,0.74,1.677
r,0.67,0.01,-0.00,0.74,1.682
r,0.67,0.01,-0.00,0.74,1.686
r,0.67,0.01,-0.00,0.74,1.690
r,0.67,0.01,-0.00,0.74,1.695
r,0.67,0.01,-0.00,0.74,1.698
r,0.67,0.01,-0.00,0.74,1.702
r,0.67,0.01,-0.00,0.74,1.706
r,0.67,0.01,-0.00,0.74,1.709
r,0.67,0.01,-0.00,0.74,1.714
r,0.67,0.01,-0.00,0.74,1.717
r,0.67,0.01,-0.00,0.74,1.722
r,0.67,0.01,-0.00,0.74,1.726
r,0.67,0.01,-0.00,0.74,1.729
r,0.67,0.01,-0.00,0.74,1.734
r,0.67,0.01,-0.00,0.74,1.738
r,0.67,0.01,-0.00,0.74,1.741
r,0.67,0.01,-0.00,0.74,1.745
r,0.67,0.01,-0.00,0.74,1.750
r,0.67,0.01,-0.00,0.74,1.754
r,0.67,0.01,-0.00,0.74,1.759
r,0.67,0.01,-0.00,0.74,1.762
r,0.67,0.01,-0.00,0.74,1.767
r,0.67,0.01,-0.00,0.74,1.771
r,0.67,0.01,-0.00,0.74,1.774
r,0.67,0.01,-0.00,0.74,1.778
r,0.67,0.01,-0.00,0.74,1.782
r,0.67,0.01,-0.00,0.74,1.786
r,0.67,0.01,-0.00,0.74,1.790
r,0.67,0.01,-0.00,0.74,1.798
r,0.67,0.01,-0.00,0.74,1.801
r,0.67,0.01,-0.00,0.74,1.805
r,0.67,0.01,-0.00,0.74,1.809
r,0.67,0.01,-0.00,0.74,1.814
r,0.67,0.01,-0.00,0.74,1.818
r,0.67,0.01,-0.00,0.74,1.821
r,0.67,0.01,-0.00,0.74,1.826
r,0.67,0.01,-0.00,0.74,1.830
r,0.67,0.01,-0.00,0.74,1.834
r,0.67,0.01,-0.00,0.74,1.838
r,0.67,0.01,-0.00,0.74,1.841
r,0.67,0.01,-0.00,0.74,1.846
r,0.67,0.01,-0.00,0.74,1.850
r,0.67,0.01,-0.00,0.74,1.854
r,0.67,0.01,-0.00,0.74,1.858
r,0.67,0.01,-0.00,0.74,1.862
r,0.67,0.01,-0.00,0.74,1.865
r,0.67,0.01,-0.00,0.74,1.869
r,0.67,0.01,-0.00,0.74,1.874
r,0.67,0.01,-0.00,0.74,1.878
r,0.67,0.01,-0.00,0.74,1.881
r,0.67,0.01,-0.00,0.74,1.884
r,0.67,0.01,-0.00,0.74,1.889
r,0.67,0.01,-0.00,0.74,1.894
r,0.67,0.01,-0.00,0.74,1.896
r,0.67,0.01,-0.00,0.74,1.901
r,0.67,0.01,-0.00,0.74,1.905
r,0.67,0.01,-0.00,0.74,1.908
r,0.67,0.01,-0.00,0.74,1.913
r,0.67,0.01,-0.00,0.74,1.916
r,0.67,0.01,-0.00,0.74,1.920
r,0.67,0.01,-0.00,0.74,1.924
r,0.67,0.01,-0.00,0.74,1.927
r,0.67,0.01,-0.00,0.74,1.931
r,0.67,0.01,-0.00,0.74,1.936
r,0.67,0.01,-0.00,0.74,1.939
r,0.67,0.01,-0.00,0.74,1.943
r,0.67,0.01,-0.00,0.74,1.947
r,0.67,0.01,-0.00,0.74,1.950
r,0.67,0.01,-0.00,0.74,1.955
r,0.67,0.01,-0.00,0.74,1.959
r,0.67,0.01,-0.00,0.74,1.963
r,0.67,0.01,-0.00,0.74,1.967
r,0.67,0.01,-0.00,0.74,1.970
r,0.67,0.01,-0.00,0.74,1.975
r,0.67,0.01,-0.00,0.74,1.979
r,0.67,0.01,-0.00,0.74,1.983
r,0.67,0.01,-0.00,0.74,1.987
r,0.67,0.01,-0.00,0.74,1.992
r,0.67,0.01,-0.00,0.74,1.996
r,0.67,0.01,-0.00,0.74,2.001
r,0.67,0.01,-0.00,0.74,2.006
r,0.67,0.01,-0.00,0.74,2.009
r,0.67,0.01,-0.00,0.74,2.014
r,0.67,0.01,-0.00,0.74,2.017
r,0.67,0.01,-0.00,0.74,2.021
r,0.67,0.01,-0.00,0.74,2.026
r,0.67,0.01,-0.00,0.74,2.029
r,0.67,0.01,-0.00,0.74,2.034
r,0.67,0.01,-0.00,0.74,2.038
r,0.67,0.01,-0.00,0.74,2.041
r,0.67,0.01,-0.00,0.74,2.046
r,0.67,0.01,-0.00,0.74,2.050
r,0.67,0.01,-0.00,0.74,2.055
r,0.67,0.01,-0.00,0.74,2.059
r,0.67,0.01,-0.00,0.74,2.063
r,0.67,0.01,-0.00,0.74,2.066
r,0.67,0.01,-0.00,0.74,2.071
r,0.67,0.01,-0.00,0.74,2.074
r,0.67,0.01,-0.00,0.74,2.078
r,0.67,0.01,-0.00,0.74,2.082
r,0.67,0.01,-0.00,0.74,2.086
r,0.67,0.01,-0.00,0.74,2.090
r,0.67,0.01,-0.00,0.74,2.095
r,0.67,0.01,-0.00,0.74,2.098
r,0.67,0.01,-0.00,0.74,2.102
r,0.67,0.01,-0.00,0.74,2.106
r,0.67,0.01,-0.00,0.74,2.109
r,0.67,0.01,-0.00,0.74,2.113
r,0.67,0.01,-0.00,0.74,2.117
r,0.67,0.01,-0.00,0.74,2.120
r,0.67,0.01,-0.00,0.74,2.125
r,0.67,0.01,-0.00,0.74,2.129
r,0.67,0.01,-0.00,0.74,2.133
r,0.67,0.01,-0.00,0.74,2.137
r,0.67,0.01,-0.00,0.74,2.140
r,0.67,0.01,-0.00,0.74,2.144
r,0.67,0.01,-0.00,0.74,2.148
r,0.67,0.01,-0.00,0.74,2.152
r,0.67,0.01,-0.00,0.74,2.156
r,0.67,0.01,-0.00,0.74,2.160
r,0.67,0.01,-0.00,0.74,2.163
r,0.67,0.01,-0.00,0.74,2.167
r,0.67,0.01,-0.00,0.74,2.171
r,0.67,0.01,-0.00,0.74,2.175
r,0.67,0.01,-0.00,0.74,2.179
r,0.67,0.01,-0.00,0.74,2.184
r,0.67,0.01,-0.00,0.74,2.187
r,0.67,0.01,-0.00,0.74,2.192
r,0.67,0.01,-0.00,0.74,2.196
r,0.67,0.01,-0.00,0.74,2.199
r,0.67,0.01,-0.00,0.74,2.204
r,0.67,0.01,-0.00,0.74,2.207
r,0.67,0.01,-0.00,0.74,2.212
r,0.67,0.01,-0.00,0.74,2.216
r,0.67,0.01,-0.00,0.74,2.219
r,0.67,0.01,-0.00,0.74,2.223
r,0.67,0.01,-0.00,0.74,2.228
r,0.67,0.01,-0.00,0.74,2.232
r,0.67,0.01,-0.00,0.74,2.236
r,0.67,0.01,-0.00,0.74,2.240
r,0.67,0.01,-0.00,0.74,2.243
r,0.67,0.01,-0.00,0.74,2.247
r,0.67,0.01,-0.00,0.74,2.251
r,0.67,0.01,-0.00,0.74,2.255
r,0.67,0.01,-0.00,0.74,2.259
r,0.67,0.01,-0.00,0.74,2.264
r,0.67,0.01,-0.00,0.74,2.268
r,0.67,0.01,-0.00,0.74,2.274
r,0.67,0.01,-0.00,0.74,2.278
r,0.67,0.01,-0.00,0.74,2.281
r,0.67,0.01,-0.00,0.74,2.286
r,0.67,0.01,-0.00,0.74,2.289
r,0.67,0.01,-0.00,0.74,2.294
r,0.67,0.01,-0.00,0.74,2.298
r,0.67,0.01,-0.00,0.74,2.303
r,0.67,0.01,-0.00,0.74,2.308
r,0.67,0.01,-0.00,0.74,2.314
r,0.67,0.01,-0.00,0.74,2.317
r,0.67,0.01,-0.00,0.74,2.321
r,0.67,0.01,-0.00,0.74,2.325
r,0.67,0.01,-0.00,0.74,2.328
r,0.67,0.01,-0.00,0.74,2.333
r,0.67,0.01,-0.00,0.74,2.337
r,0.67,0.01,-0.00,0.74,2.340
r,0.67,0.01,-0.00,0.74,2.345
r,0.67,0.01,-0.00,0.74,2.348
r,0.67,0.01,-0.00,0.74,2.353
r,0.67,0.01,-0.00,0.74,2.357
r,0.67,0.01,-0.00,0.74,2.360
r,0.67,0.01,-0.00,0.74,2.364
r,0.67,0.01,-0.00,0.74,2.368
r,0.67,0.01,-0.00,0.74,2.370
r,0.67,0.01,-0.00,0.74,2.374
r,0.67,0.01,-0.00,0.74,2.378
r,0.67,0.01,-0.00,0.74,2.381
r,0.67,0.01,-0.00,0.74,2.386
r,0.67,0.01,-0.00,0.74,2.390
r,0.67,0.01,-0.00,0.74,2.394
r,0.67,0.01,-0.00,0.74,2.398
r,0.67,0.01,-0.00,0.74,2.401
r,0.67,0.01,-0.00,0.74,2.405
r,0.67,0.01,-0.00,0.74,2.409
r,0.67,0.01,-0.00,0.74,2.414
r,0.67,0.01,-0.00,0.74,2.418
r,0.67,0.01,-0.00,0.74,2.422
r,0.67,0.01,-0.00,0.74,2.425
r,0.67,0.01,-0.00,0.74,2.430
r,0.67,0.01,-0.00,0.74,2.434
r,0.67,0.01,-0.00,0.74,2.438
r,0.67,0.01,-0.00,0.74,2.443
r,0.67,0.01,-0.00,0.74,2.447
r,0.67,0.01,-0.00,0.74,2.452
r,0.67,0.01,-0.00,0.74,2.456
r,0.67,0.01,-0.00,0.74,2.459
r,0.67,0.01,-0.00,0.74,2.463
r,0.67,0.01,-0.00,0.74,2.468
r,0.67,0.01,-0.00,0.74,2.472
r,0.67,0.01,-0.00,0.74,2.476
r,0.67,0.01,-0.00,0.74,2.481
r,0.67,0.01,-0.00,0.74,2.484
r,0.67,0.01,-0.00,0.74,2.488
r,0.67,0.01,-0.00,0.74,2.494
r,0.67,0.01,-0.00,0.74,2.497
r,0.67,0.01,-0.00,0.74,2.500
r,0.67,0.01,-0.00,0.74,2.503
r,0.67,0.01,-0.00,0.74,2.507
r,0.67,0.01,-0.00,0.74,2.512
r,0.67,0.01,-0.00,0.74,2.516
r,0.67,0.01,-0.00,0.74,2.520
r,0.67,0.01,-0.00,0.74,2.524
r,0.67,0.01,-0.00,0.74,2.527
r,0.67,0.01,-0.00,0.74,2.531
r,0.67,0.01,-0.00,0.74,2.536
r,0.67,0.01,-0.00,0.74,2.540
r,0.67,0.01,-0.00,0.74,2.545
r,0.67,0.01,-0.00,0.74,2.547
r,0.67,0.01,-0.00,0.74,2.552
r,0.67,0.01,-0.00,0.74,2.558
r,0.67,0.01,-0.00,0.74,2.562
r,0.67,0.01,-0.00,0.74,2.566
r,0.67,0.01,-0.00,0.74,2.570
r,0.67,0.01,-0.00,0.74,2.574
r,0.67,0.01,-0.00,0.74,2.578
r,0.67,0.01,-0.00,0.74,2.583
r,0.67,0.01,-0.00,0.74,2.587
r,0.67,0.01,-0.00,0.74,2.592
r,0.67,0.01,-0.00,0.74,2.596
r,0.67,0.01,-0.00,0.74,2.600
r,0.67,0.01,-0.00,0.74,2.605
r,0.67,0.01,-0.00,0.74,2.610
r,0.67,0.01,-0.00,0.74,2.614
r,0.67,0.01,-0.00,0.74,2.618
r,0.67,0.01,-0.00,0.74,2.622
r,0.67,0.01,-0.00,0.74,2.626
r,0.67,0.01,-0.00,0.74,2.630
r,0.67,0.01,-0.00,0.74,2.634
r,0.68,0.01,-0.00,0.74,2.638
r,0.68,0.01,-0.00,0.74,2.642
r,0.68,0.01,-0.00,0.74,2.645
r,0.68,0.01,-0.00,0.74,2.649
r,0.68,0.01,-0.00,0.74,2.653
r,0.68,0.01,-0.00,0.74,2.656
r,0.68,0.01,-0.00,0.74,2.660
r,0.68,0.01,-0.00,0.74,2.663
r,0.68,0.01,-0.00,0.74,2.666
r,0.68,0.01,-0.00,0.74,2.670
r,0.68,0.01,-0.00,0.74,2.674
r,0.68,0.01,-0.00,0.74,2.678
r,0.68,0.01,-0.00,0.74,2.682
r,0.68,0.01,-0.00,0.74,2.685
r,0.68,0.01,-0.00,0.74,2.689
r,0.68,0.01,-0.00,0.74,2.692
r,0.68,0.01,-0.00,0.74,2.697
r,0.68,0.01,-0.00,0.74,2.702
r,0.68,0.01,-0.00,0.74,2.705
r,0.68,0.01,-0.00,0.74,2.709
r,0.68,0.01,-0.00,0.74,2.713
r,0.68,0.01,-0.00,0.74,2.716
r,0.68,0.01,-0.00,0.74,2.720
r,0.68,0.01,-0.00,0.74,2.724
r,0.68,0.01,-0.00,0.74,2.728
r,0.68,0.01,-0.00,0.74,2.733
r,0.68,0.01,-0.00,0.74,2.736
r,0.68,0.01,-0.00,0.74,2.740
r,0.68,0.01,-0.00,0.74,2.744
r,0.68,0.01,-0.00,0.74,2.747
r,0.68,0.01,-0.00,0.74,2.752
r,0.68,0.01,-0.00,0.74,2.757
r,0.68,0.01,-0.00,0.74,2.760
r,0.68,0.01,-0.00,0.74,2.765
r,0.68,0.01,-0.00,0.74,2.769
r,0.68,0.01,-0.00,0.74,2.774
r,0.68,0.01,-0.00,0.74,2.778
r,0.68,0.01,-0.00,0.74,2.782
r,0.68,0.01,-0.00,0.74,2.786
r,0.68,0.01,-0.00,0.74,2.789
r,0.68,0.01,-0.00,0.74,2.792
r,0.68,0.01,-0.00,0.74,2.797
r,0.68,0.01,-0.00,0.74,2.801
r,0.68,0.01,-0.00,0.74,2.806
r,0.68,0.01,-0.00,0.74,2.811
r,0.68,0.01,-0.00,0.74,2.814
r,0.68,0.01,-0.00,0.74,2.818
r,0.68,0.01,-0.00,0.74,2.824
r,0.68,0.01,-0.00,0.74,2.827
r,0.68,0.01,-0.00,0.74,2.832
r,0.68,0.01,-0.00,0.74,2.836
r,0.68,0.01,-0.00,0.74,2.839
r,0.68,0.01,-0.00,0.74,2.843
r,0.68,0.01,-0.00,0.74,2.846
r,0.68,0.01,-0.00,0.74,2.850
r,0.68,0.01,-0.00,0.74,2.854
r,0.68,0.01,-0.00,0.74,2.857
r,0.68,0.01,-0.00,0.74,2.861
r,0.68,0.01,-0.00,0.74,2.865
r,0.68,0.01,-0.00,0.74,2.868
r,0.68,0.01,-0.00,0.74,2.873
r,0.68,0.01,-0.00,0.74,2.876
r,0.68,0.01,-0.00,0.74,2.879
r,0.68,0.01,-0.00,0.74,2.883
r,0.68,0.01,-0.00,0.74,2.886
r,0.68,0.01,-0.00,0.74,2.890
r,0.68,0.01,-0.00,0.74,2.895
r,0.68,0.01,-0.00,0.74,2.899
r,0.68,0.01,-0.00,0.74,2.903
r,0.68,0.01,-0.00,0.74,2.906
r,0.68,0.01,-0.00,0.74,2.910
r,0.68,0.01,-0.00,0.74,2.915
r,0.68,0.01,-0.00,0.74,2.918
r,0.68,0.01,-0.00,0.74,2.922
r,0.68,0.01,-0.00,0.74,2.927
r,0.68,0.01,-0.00,0.74,2.932
r,0.68,0.01,-0.00,0.74,2.937
r,0.68,0.01,-0.00,0.74,2.942
r,0.68,0.01,-0.00,0.74,2.945
r,0.68,0.01,-0.00,0.74,2.950
r,0.68,0.01,-0.00,0.74,2.953
r,0.68,0.01,-0.00,0.74,2.957
r,0.68,0.01,-0.00,0.74,2.962
r,0.68,0.01,-0.00,0.74,2.966
r,0.68,0.01,-0.00,0.74,2.972
r,0.68,0.01,-0.00,0.74,2.976
r,0.68,0.01,-0.00,0.74,2.979
r,0.68,0.01,-0.00,0.74,2.984
r,0.68,0.01,-0.00,0.74,2.987
r,0.68,0.01,-0.00,0.74,2.992
r,0.68,0.01,-0.00,0.74,2.996
r,0.68,0.01,-0.00,0.74,2.999
r,0.68,0.01,-0.00,0.74,3.003
r,0.68,0.01,-0.00,0.74,3.007
r,0.68,0.01,-0.00,0.74,3.009
r,0.68,0.01,-0.00,0.74,3.013
r,0.68,0.01,-0.00,0.74,3.017
r,0.68,0.01,-0.00,0.74,3.020
r,0.68,0.01,-0.00,0.74,3.024
r,0.68,0.01,-0.00,0.74,3.027
r,0.68,0.01,-0.00,0.74,3.032
r,0.68,0.01,-0.00,0.74,3.036
r,0.68,0.01,-0.00,0.74,3.039
r,0.68,0.01,-0.00,0.74,3.044
r,0.68,0.01,-0.00,0.74,3.048
r,0.68,0.01,-0.00,0.74,3.051
r,0.68,0.01,-0.00,0.74,3.055
r,0.68,0.01,-0.00,0.74,3.058
r,0.68,0.01,-0.00,0.74,3.063
r,0.68,0.01,-0.00,0.74,3.067
r,0.68,0.01,-0.00,0.74,3.071
r,0.68,0.01,-0.00,0.74,3.075
r,0.68,0.01,-0.00,0.74,3.079
r,0.68,0.01,-0.00,0.74,3.084
r,0.68,0.01,-0.00,0.74,3.089
r,0.68,0.01,-0.00,0.74,3.093
r,0.68,0.01,-0.00,0.73,3.098
r,0.68,0.01,-0.00,0.73,3.102
r,0.68,0.01,-0.00,0.73,3.106
r,0.68,0.01,-0.00,0.73,3.111
r,0.68,0.01,-0.00,0.73,3.115
r,0.68,0.01,-0.00,0.73,3.119
r,0.68,0.01,-0.00,0.73,3.123
r,0.68,0.01,-0.00,0.73,3.127
r,0.68,0.01,-0.00,0.73,3.131
r,0.68,0.01,-0.00,0.73,3.135
r,0.68,0.01,-0.00,0.73,3.138
r,0.68,0.01,-0.00,0.73,3.142
r,0.68,0.01,-0.00,0.73,3.147
r,0.68,0.01,-0.00,0.73,3.151
r,0.68,0.01,-0.00,0.73,3.155
r,0.68,0.01,-0.00,0.73,3.159
r,0.68,0.01,-0.00,0.73,3.162
r,0.68,0.01,-0.00,0.73,3.166
r,0.68,0.01,-0.00,0.73,3.171
r,0.68,0.01,-0.00,0.73,3.174
r,0.68,0.01,-0.00,0.73,3.178
r,0.68,0.01,-0.00,0.73,3.181
r,0.68,0.01,-0.00,0.73,3.185
r,0.68,0.01,-0.00,0.73,3.189
r,0.68,0.01,-0.00,0.73,3.193
r,0.68,0.01,-0.00,0.73,3.197
r,0.68,0.01,-0.00,0.73,3.201
r,0.68,0.01,-0.00,0.73,3.205
r,0.68,0.01,-0.00,0.73,3.209
r,0.68,0.01,-0.00,0.73,3.213
r,0.68,0.01,-0.00,0.73,3.216
r,0.68,0.01,-0.00,0.73,3.221
r,0.68,0.01,-0.00,0.73,3.224
r,0.68,0.01,-0.00,0.73,3.228
r,0.68,0.01,-0.00,0.73,3.233
r,0.68,0.01,-0.00,0.73,3.236
r,0.68,0.01,-0.00,0.73,3.240
r,0.68,0.01,-0.00,0.73,3.244
r,0.68,0.01,-0.00,0.73,3.247
r,0.68,0.01,-0.00,0.73,3.251
r,0.68,0.01,-0.00,0.73,3.256
r,0.68,0.01,-0.00,0.73,3.259
r,0.68,0.01,-0.00,0.73,3.264
r,0.68,0.01,-0.00,0.73,3.267
r,0.68,0.01,-0.00,0.73,3.271
r,0.68,0.01,-0.00,0.73,3.276
r,0.68,0.01,-0.00,0.73,3.280
r,0.68,0.01,-0.00,0.73,3.284
r,0.68,0.01,-0.00,0.73,3.288
r,0.68,0.01,-0.00,0.73,3.292
r,0.68,0.01,-0.00,0.73,3.296
r,0.68,0.01,-0.00,0.73,3.301
r,0.68,0.01,-0.00,0.73,3.304
r,0.68,0.01,-0.00,0.73,3.309
r,0.68,0.01,-0.00,0.73,3.314
r,0.68,0.01,-0.00,0.73,3.317
r,0.68,0.01,-0.00,0.73,3.321
r,0.68,0.01,-0.00,0.73,3.323
r,0.68,0.01,-0.00,0.73,3.328
r,0.68,0.01,-0.00,0.73,3.333
r,0.68,0.01,-0.00,0.73,3.336
r,0.68,0.01,-0.00,0.73,3.343
r,0.68,0.01,-0.00,0.73,3.348
r,0.68,0.01,-0.00,0.73,3.351
r,0.68,0.01,-0.00,0.73,3.356
r,0.68,0.01,-0.00,0.73,3.361
r,0.68,0.01,-0.00,0.73,3.364
r,0.68,0.01,-0.00,0.73,3.368
r,0.68,0.01,-0.00,0.73,3.371
r,0.68,0.01,-0.00,0.73,3.376
r,0.68,0.01,-0.00,0.73,3.380
r,0.68,0.01,-0.00,0.73,3.383
r,0.68,0.01,-0.00,0.73,3.388
r,0.68,0.01,-0.00,0.73,3.392
r,0.68,0.01,-0.00,0.73,3.395
r,0.68,0.01,-0.00,0.73,3.399
r,0.68,0.01,-0.00,0.73,3.404
r,0.68,0.01,-0.00,0.73,3.407
r,0.68,0.01,-0.00,0.73,3.411
r,0.68,0.01,-0.00,0.73,3.414
r,0.68,0.01,-0.00,0.73,3.418
r,0.68,0.01,-0.00,0.73,3.423
r,0.68,0.01,-0.00,0.73,3.426
r,0.68,0.01,-0.00,0.73,3.431
r,0.68,0.01,-0.00,0.73,3.435
r,0.68,0.01,-0.00,0.73,3.438
r,0.68,0.01,-0.00,0.73,3.443
r,0.68,0.01,-0.00,0.73,3.447
r,0.68,0.01,-0.00,0.73,3.451
r,0.68,0.01,-0.00,0.73,3.455
r,0.68,0.01,-0.00,0.73,3.459
r,0.68,0.01,-0.00,0.73,3.463
r,0.68,0.01,-0.00,0.73,3.467
r,0.68,0.01,-0.00,0.73,3.472
r,0.68,0.01,-0.00,0.73,3.477
r,0.68,0.01,-0.00,0.73,3.481
r,0.68,0.01,-0.00,0.73,3.484
r,0.68,0.01,-0.00,0.73,3.488
r,0.68,0.01,-0.00,0.73,3.493
r,0.68,0.01,-0.00,0.73,3.496
r,0.68,0.01,-0.00,0.73,3.501
r,0.68,0.01,-0.00,0.73,3.505
r,0.68,0.01,-0.00,0.73,3.509
r,0.68,0.01,-0.00,0.73,3.513
r,0.68,0.01,-0.00,0.73,3.517
r,0.68,0.01,-0.00,0.73,3.520
r,0.68,0.01,-0.00,0.73,3.525
r,0.68,0.01,-0.00,0.73,3.530
r,0.68,0.01,-0.00,0.73,3.533
r,0.68,0.01,-0.00,0.73,3.538
r,0.68,0.01,-0.00,0.73,3.541
r,0.68,0.01,-0.00,0.73,3.545
r,0.68,0.01,-0.00,0.73,3.549
r,0.68,0.01,-0.00,0.73,3.553
r,0.68,0.01,-0.00,0.73,3.557
r,0.68,0.01,-0.00,0.73,3.561
r,0.68,0.01,-0.00,0.73,3.565
r,0.68,0.01,-0.00,0.73,3.571
r,0.68,0.01,-0.00,0.73,3.576
r,0.68,0.01,-0.00,0.73,3.579
r,0.68,0.01,-0.00,0.73,3.583
r,0.68,0.01,-0.00,0.73,3.588
r,0.68,0.01,-0.00,0.73,3.592
r,0.68,0.01,-0.00,0.73,3.596
r,0.68,0.01,-0.00,0.73,3.601
r,0.68,0.01,-0.00,0.73,3.605
r,0.68,0.01,-0.00,0.73,3.611
r,0.68,0.01,-0.00,0.73,3.615
r,0.68,0.01,-0.00,0.73,3.619
r,0.68,0.01,-0.00,0.73,3.623
r,0.68,0.01,-0.00,0.73,3.626
r,0.68,0.01,-0.00,0.73,3.631
r,0.68,0.01,-0.00,0.73,3.635
r,0.68,0.01,-0.00,0.73,3.639
r,0.68,0.01,-0.00,0.73,3.643
r,0.68,0.01,-0.00,0.73,3.647
r,0.68,0.01,-0.00,0.73,3.650
r,0.68,0.01,-0.00,0.73,3.654
r,0.68,0.01,-0.00,0.73,3.658
r,0.68,0.01,-0.00,0.73,3.662
r,0.68,0.01,-0.00,0.73,3.666
r,0.68,0.01,-0.00,0.73,3.671
r,0.68,0.01,-0.00,0.73,3.674
r,0.68,0.01,-0.00,0.73,3.678
r,0.68,0.01,-0.00,0.73,3.682
r,0.68,0.01,-0.00,0.73,3.686
r,0.68,0.01,-0.00,0.73,3.691
r,0.68,0.01,-0.00,0.73,3.694
r,0.68,0.01,-0.00,0.73,3.698
r,0.68,0.01,-0.00,0.73,3.703
r,0.68,0.01,-0.00,0.73,3.706
r,0.68,0.01,-0.00,0.73,3.710
r,0.68,0.01,-0.00,0.73,3.714
r,0.68,0.01,-0.00,0.73,3.717
r,0.68,0.01,-0.00,0.73,3.722
r,0.68,0.01,-0.00,0.73,3.726
r,0.68,0.01,-0.00,0.73,3.730
r,0.68,0.01,-0.00,0.73,3.735
r,0.68,0.01,-0.00,0.73,3.739
r,0.68,0.01,-0.00,0.73,3.743
r,0.68,0.01,-0.00,0.73,3.747
r,0.68,0.01,-0.00,0.73,3.751
r,0.68,0.01,-0.00,0.73,3.755
r,0.68,0.01,-0.00,0.73,3.759
r,0.68,0.01,-0.00,0.73,3.762
r,0.68,0.01,-0.00,0.73,3.766
r,0.68,0.01,-0.00,0.73,3.771
r,0.68,0.01,-0.00,0.73,3.775
r,0.68,0.01,-0.00,0.73,3.780
r,0.68,0.01,-0.00,0.73,3.784
r,0.68,0.01,-0.00,0.73,3.786
r,0.68,0.01,-0.00,0.73,3.790
r,0.68,0.01,-0.00,0.73,3.795
r,0.68,0.01,-0.00,0.73,3.798
r,0.68,0.01,-0.00,0.73,3.802
r,0.68,0.01,-0.00,0.73,3.806
r,0.68,0.01,-0.00,0.73,3.810
r,0.68,0.01,-0.00,0.73,3.814
r,0.68,0.01,-0.00,0.73,3.817
r,0.68,0.01,-0.00,0.73,3.822
r,0.68,0.01,-0.00,0.73,3.826
r,0.68,0.01,-0.00,0.73,3.830
r,0.68,0.01,-0.00,0.73,3.834
r,0.68,0.01,-0.00,0.73,3.838
r,0.68,0.01,-0.00,0.73,3.841
r,0.68,0.01,-0.00,0.73,3.845
r,0.68,0.01,-0.00,0.73,3.850
r,0.68,0.01,-0.00,0.73,3.854
r,0.68,0.01,-0.00,0.73,3.857
r,0.68,0.01,-0.00,0.73,3.863
r,0.68,0.01,-0.00,0.73,3.867
r,0.68,0.01,-0.00,0.73,3.872
r,0.68,0.01,-0.00,0.73,3.876
r,0.68,0.01,-0.00,0.73,3.879
r,0.68,0.01,-0.00,0.73,3.884
r,0.68,0.01,-0.00,0.73,3.889
r,0.68,0.01,-0.00,0.73,3.892
r,0.68,0.01,-0.00,0.73,3.896
r,0.68,0.01,-0.00,0.73,3.899
r,0.68,0.01,-0.00,0.73,3.904
r,0.68,0.01,-0.00,0.73,3.909
r,0.68,0.01,-0.00,0.73,3.912
r,0.68,0.01,-0.00,0.73,3.916
r,0.68,0.01,-0.00,0.73,3.920
r,0.68,0.01,-0.00,0.73,3.924
r,0.68,0.01,-0.00,0.73,3.929
r,0.68,0.01,-0.00,0.73,3.933
r,0.68,0.01,-0.00,0.73,3.937
r,0.68,0.01,-0.00,0.73,3.941
r,0.68,0.01,-0.00,0.73,3.945
r,0.68,0.01,-0.00,0.73,3.948
r,0.68,0.01,-0.00,0.73,3.953
r,0.68,0.01,-0.00,0.73,3.958
r,0.68,0.01,-0.00,0.73,3.962
r,0.68,0.01,-0.00,0.73,3.966
r,0.68,0.01,-0.00,0.73,3.970
r,0.68,0.01,-0.00,0.73,3.974
r,0.68,0.01,-0.00,0.73,3.978
r,0.68,0.01,-0.00,0.73,3.981
r,0.68,0.01,-0.00,0.73,3.985
r,0.68,0.01,-0.00,0.73,3.990
r,0.68,0.01,-0.00,0.73,3.993
r,0.68,0.01,-0.00,0.73,3.997
r,0.68,0.01,-0.00,0.73,4.002
r,0.68,0.01,-0.00,0.73,4.005
r,0.68,0.01,-0.00,0.73,4.010
r,0.68,0.01,-0.00,0.73,4.014
r,0.68,0.01,-0.00,0.73,4.017
r,0.68,0.01,-0.00,0.73,4.021
r,0.68,0.01,-0.00,0.73,4.025
r,0.68,0.01,-0.00,0.73,4.029
r,0.68,0.01,-0.00,0.73,4.033
r,0.68,0.01,-0.00,0.73,4.037
r,0.68,0.01,-0.00,0.73,4.042
r,0.68,0.01,-0.00,0.73,4.046
r,0.68,0.01,-0.00,0.73,4.049
r,0.68,0.01,-0.00,0.73,4.053
r,0.68,0.01,-0.00,0.73,4.057
r,0.68,0.01,-0.00,0.73,4.061
r,0.68,0.01,-0.00,0.73,4.065
r,0.68,0.01,-0.00,0.73,4.070
r,0.68,0.01,-0.00,0.73,4.073
r,0.68,0.01,-0.00,0.73,4.077
r,0.68,0.01,-0.00,0.73,4.082
r,0.68,0.01,-0.00,0.73,4.085
r,0.68,0.01,-0.00,0.73,4.090
r,0.68,0.01,-0.00,0.73,4.094
r,0.68,0.01,-0.00,0.73,4.097
r,0.68,0.01,-0.00,0.73,4.101
r,0.68,0.01,-0.00,0.73,4.104
r,0.68,0.01,-0.00,0.73,4.109
r,0.68,0.01,-0.00,0.73,4.114
r,0.68,0.01,-0.00,0.73,4.116
r,0.68,0.01,-0.00,0.73,4.122
r,0.68,0.01,-0.00,0.73,4.126
r,0.68,0.01,-0.00,0.73,4.130
r,0.68,0.01,-0.00,0.73,4.135
r,0.68,0.01,-0.00,0.73,4.140
r,0.68,0.01,-0.00,0.73,4.143
r,0.68,0.01,-0.00,0.73,4.148
r,0.68,0.01,-0.00,0.73,4.152
r,0.68,0.01,-0.00,0.73,4.156
r,0.68,0.01,-0.00,0.73,4.160
r,0.68,0.01,-0.00,0.73,4.165
r,0.68,0.01,-0.00,0.73,4.169
r,0.68,0.01,-0.00,0.73,4.173
r,0.68,0.01,-0.00,0.73,4.176
r,0.68,0.01,-0.00,0.73,4.180
r,0.68,0.01,-0.00,0.73,4.184
r,0.68,0.01,-0.00,0.73,4.187
r,0.68,0.01,-0.00,0.73,4.192
r,0.68,0.01,-0.00,0.73,4.196
r,0.68,0.01,-0.00,0.73,4.199
r,0.68,0.01,-0.00,0.73,4.203
r,0.68,0.01,-0.00,0.73,4.207
r,0.68,0.01,-0.00,0.73,4.211
r,0.68,0.01,-0.00,0.73,4.215
r,0.68,0.01,-0.00,0.73,4.219
r,0.68,0.01,-0.00,0.73,4.222
r,0.68,0.01,-0.00,0.73,4.227
r,0.68,0.01,-0.00,0.73,4.232
r,0.68,0.01,-0.00,0.73,4.235
r,0.68,0.01,-0.00,0.73,4.239
r,0.68,0.01,-0.00,0.73,4.242
r,0.68,0.01,-0.00,0.73,4.247
r,0.68,0.01,-0.00,0.73,4.252
r,0.68,0.01,-0.00,0.73,4.255
r,0.68,0.01,-0.00,0.73,4.259
r,0.68,0.01,-0.00,0.73,4.264
r,0.68,0.01,-0.00,0.73,4.268
r,0.68,0.01,-0.00,0.73,4.272
r,0.68,0.01,-0.00,0.73,4.277
r,0.68,0.01,-0.00,0.73,4.281
r,0.68,0.01,-0.00,0.73,4.286
r,0.68,0.01,-0.00,0.73,4.290
r,0.68,0.01,-0.00,0.73,4.293
r,0.68,0.01,-0.00,0.73,4.297
r,0.68,0.01,-0.00,0.73,4.301
r,0.68,0.01,-0.00,0.73,4.305
r,0.68,0.01,-0.00,0.73,4.310
r,0.68,0.01,-0.00,0.73,4.313
r,0.68,0.01,-0.00,0.73,4.317
r,0.68,0.01,-0.00,0.73,4.322
r,0.68,0.01,-0.00,0.73,4.325
r,0.68,0.01,-0.00,0.73,4.329
r,0.68,0.01,-0.00,0.73,4.333
r,0.68,0.01,-0.00,0.73,4.336
r,0.68,0.01,-0.00,0.73,4.341
r,0.68,0.01,-0.00,0.73,4.345
r,0.68,0.01,-0.00,0.73,4.349
r,0.68,0.01,-0.00,0.73,4.353
r,0.68,0.01,-0.00,0.73,4.356
r,0.68,0.01,-0.00,0.73,4.360
r,0.68,0.01,-0.00,0.73,4.365
r,0.68,0.01,-0.00,0.73,4.369
r,0.68,0.01,-0.00,0.73,4.373
r,0.68,0.01,-0.00,0.73,4.377
r,0.68,0.01,-0.00,0.73,4.381
r,0.68,0.01,-0.00,0.73,4.386
r,0.68,0.01,-0.00,0.73,4.391
r,0.68,0.01,-0.00,0.73,4.395
r,0.68,0.01,-0.00,0.73,4.400
r,0.68,0.01,-0.00,0.73,4.404
r,0.68,0.01,-0.00,0.73,4.408
r,0.68,0.01,-0.00,0.73,4.412
r,0.68,0.01,-0.00,0.73,4.415
r,0.68,0.01,-0.00,0.73,4.419
r,0.68,0.01,-0.00,0.73,4.424
r,0.68,0.01,-0.00,0.73,4.428
r,0.68,0.01,-0.00,0.73,4.432
r,0.68,0.01,-0.00,0.73,4.436
r,0.68,0.01,-0.00,0.73,4.439
r,0.68,0.01,-0.00,0.73,4.444
r,0.68,0.01,-0.00,0.73,4.449
r,0.68,0.01,-0.00,0.73,4.452
r,0.68,0.01,-0.00,0.73,4.456
r,0.68,0.01,-0.00,0.73,4.460
r,0.68,0.01,-0.00,0.73,4.463
r,0.68,0.01,-0.00,0.73,4.468
r,0.68,0.01,-0.00,0.73,4.471
r,0.68,0.01,-0.00,0.73,4.475
r,0.68,0.01,-0.00,0.73,4.479
r,0.68,0.01,-0.00,0.73,4.482
r,0.68,0.01,-0.00,0.73,4.487
r,0.68,0.01,-0.00,0.73,4.492
r,0.68,0.01,-0.00,0.73,4.495
r,0.68,0.01,-0.00,0.73,4.499
r,0.68,0.01,-0.00,0.73,4.504
r,0.68,0.01,-0.00,0.73,4.508
r,0.68,0.01,-0.00,0.73,4.512
r,0.68,0.01,-0.00,0.73,4.517
r,0.68,0.01,-0.00,0.73,4.521
r,0.68,0.01,-0.00,0.73,4.525
r,0.68,0.01,-0.00,0.73,4.530
r,0.68,0.01,-0.00,0.73,4.534
r,0.68,0.01,-0.00,0.73,4.538
r,0.68,0.01,-0.00,0.73,4.541
r,0.68,0.01,-0.00,0.73,4.546
r,0.68,0.01,-0.00,0.73,4.550
r,0.68,0.01,-0.00,0.73,4.553
r,0.68,0.01,-0.00,0.73,4.558
r,0.68,0.01,-0.00,0.73,4.563
r,0.68,0.01,-0.00,0.73,4.567
r,0.68,0.01,-0.00,0.73,4.571
r,0.68,0.01,-0.00,0.73,4.576
r,0.68,0.01,-0.00,0.73,4.579
r,0.68,0.01,-0.00,0.73,4.584
r,0.68,0.01,-0.00,0.73,4.590
r,0.68,0.01,-0.00,0.73,4.593
r,0.68,0.01,-0.00,0.73,4.597
r,0.68,0.01,-0.00,0.73,4.600
r,0.68,0.01,-0.00,0.73,4.605
r,0.68,0.01,-0.00,0.73,4.609
r,0.68,0.01,-0.00,0.73,4.612
r,0.68,0.01,-0.00,0.73,4.616
r,0.68,0.01,-0.00,0.73,4.620
r,0.68,0.01,-0.00,0.73,4.623
r,0.68,0.01,-0.00,0.73,4.626
r,0.68,0.01,-0.00,0.73,4.632
r,0.68,0.01,-0.00,0.73,4.636
r,0.68,0.01,-0.00,0.73,4.641
r,0.68,0.01,-0.00,0.73,4.646
r,0.68,0.01,-0.00,0.73,4.650
r,0.68,0.01,-0.00,0.73,4.654
r,0.68,0.01,-0.00,0.73,4.658
r,0.68,0.01,-0.00,0.73,4.662
r,0.68,0.01,-0.00,0.73,4.667
r,0.68,0.01,-0.00,0.73,4.670
r,0.68,0.01,-0.00,0.73,4.674
r,0.68,0.01,-0.00,0.73,4.678
r,0.68,0.01,-0.00,0.73,4.681
r,0.68,0.01,-0.00,0.73,4.685
r,0.68,0.01,-0.00,0.73,4.689
r,0.68,0.01,-0.00,0.73,4.693
r,0.68,0.01,-0.00,0.73,4.698
r,0.68,0.01,-0.00,0.73,4.702
r,0.68,0.01,-0.00,0.73,4.706
r,0.68,0.01,-0.00,0.73,4.711
r,0.68,0.01,-0.00,0.73,4.715
r,0.68,0.01,-0.00,0.73,4.719
r,0.68,0.01,-0.00,0.73,4.724
r,0.68,0.01,-0.00,0.73,4.728
r,0.68,0.01,-0.00,0.73,4.733
r,0.68,0.01,-0.00,0.73,4.737
r,0.68,0.01,-0.00,0.73,4.741
r,0.68,0.01,-0.00,0.73,4.745
r,0.68,0.01,-0.00,0.73,4.749
r,0.68,0.01,-0.00,0.73,4.752
r,0.68,0.01,-0.00,0.73,4.756
r,0.68,0.01,-0.00,0.73,4.760
r,0.68,0.01,-0.00,0.73,4.764
r,0.68,0.01,-0.00,0.73,4.769
r,0.68,0.01,-0.00,0.73,4.772
r,0.68,0.01,-0.00,0.73,4.776
r,0.68,0.01,-0.00,0.73,4.781
r,0.68,0.01,-0.00,0.73,4.784
r,0.68,0.01,-0.00,0.73,4.789
r,0.68,0.01,-0.00,0.73,4.793
r,0.68,0.01,-0.00,0.73,4.796
r,0.68,0.01,-0.00,0.73,4.800
r,0.68,0.01,-0.00,0.73,4.804
r,0.68,0.01,-0.00,0.73,4.808
r,0.68,0.01,-0.00,0.73,4.813
r,0.68,0.01,-0.00,0.73,4.817
r,0.68,0.01,-0.00,0.73,4.822
r,0.68,0.01,-0.00,0.73,4.826
r,0.68,0.01,-0.00,0.73,4.829
r,0.68,0.01,-0.00,0.73,4.833
r,0.68,0.01,-0.00,0.73,4.837
r,0.68,0.01,-0.00,0.73,4.840
r,0.68,0.01,-0.00,0.73,4.843
r,0.68,0.01,-0.00,0.73,4.848
r,0.68,0.01,-0.00,0.73,4.851
r,0.68,0.01,-0.00,0.73,4.855
r,0.68,0.01,-0.00,0.73,4.859
r,0.68,0.01,-0.00,0.73,4.862
r,0.68,0.01,-0.00,0.73,4.866
r,0.68,0.01,-0.00,0.73,4.870
r,0.68,0.01,-0.00,0.73,4.874
r,0.68,0.01,-0.00,0.73,4.878
r,0.68,0.01,-0.00,0.73,4.881
r,0.68,0.01,-0.00,0.73,4.886
r,0.68,0.01,-0.00,0.73,4.892
r,0.68,0.01,-0.00,0.73,4.895
r,0.68,0.01,-0.00,0.73,4.899
r,0.68,0.01,-0.00,0.73,4.903
r,0.68,0.01,-0.00,0.73,4.906
r,0.68,0.01,-0.00,0.73,4.911
r,0.68,0.01,-0.00,0.73,4.915
r,0.68,0.01,-0.00,0.73,4.918
r,0.68,0.01,-0.00,0.73,4.923
r,0.68,0.01,-0.00,0.73,4.927
r,0.68,0.01,-0.00,0.73,4.932
r,0.68,0.01,-0.00,0.73,4.936
r,0.68,0.01,-0.00,0.73,4.940
r,0.68,0.01,-0.00,0.73,4.944
r,0.68,0.01,-0.00,0.73,4.949
r,0.68,0.01,-0.00,0.73,4.952
r,0.68,0.01,-0.00,0.73,4.957
r,0.68,0.01,-0.00,0.73,4.961
r,0.68,0.01,-0.00,0.73,4.965
r,0.68,0.01,-0.00,0.73,4.970
r,0.68,0.01,-0.00,0.73,4.973
r,0.68,0.01,-0.00,0.73,4.978
r,0.68,0.01,-0.00,0.73,4.982
r,0.68,0.01,-0.00,0.73,4.985
r,0.68,0.01,-0.00,0.73,4.990
r,0.68,0.01,-0.00,0.73,4.993
r,0.68,0.01,-0.00,0.73,4.996
r,0.68,0.01,-0.00,0.73,5.000
r,0.68,0.01,-0.00,0.73,5.004
r,0.68,0.01,-0.00,0.73,5.008
r,0.68,0.01,-0.00,0.73,5.012
r,0.68,0.01,-0.00,0.73,5.016
r,0.68,0.01,-0.00,0.73,5.019
r,0.68,0.01,-0.00,0.73,5.023
r,0.68,0.01,-0.00,0.73,5.028
r,0.68,0.01,-0.00,0.73,5.032
r,0.68,0.01,-0.00,0.73,5.036
r,0.68,0.01,-0.00,0.73,5.040
r,0.68,0.01,-0.00,0.73,5.044
r,0.68,0.01,-0.00,0.73,5.048
r,0.68,0.01,-0.00,0.73,5.051
r,0.68,0.01,-0.00,0.73,5.055
r,0.68,0.01,-0.00,0.73,5.060
r,0.68,0.01,-0.00,0.73,5.063
r,0.68,0.01,-0.00,0.73,5.068
r,0.68,0.01,-0.00,0.73,5.071
r,0.68,0.01,-0.00,0.73,5.075
r,0.68,0.01,-0.00,0.73,5.080
r,0.68,0.01,-0.00,0.73,5.083
r,0.68,0.01,-0.00,0.73,5.088
r,0.68,0.01,-0.00,0.73,5.092
r,0.68,0.01,-0.00,0.73,5.095
r,0.68,0.01,-0.00,0.73,5.100
r,0.68,0.01,-0.00,0.73,5.104
r,0.68,0.01,-0.00,0.73,5.109
r,0.68,0.01,-0.00,0.73,5.113
r,0.68,0.01,-0.00,0.73,5.117
r,0.68,0.01,-0.00,0.73,5.122
r,0.68,0.01,-0.00,0.73,5.127
r,0.68,0.01,-0.00,0.73,5.130
r,0.68,0.01,-0.00,0.73,5.135
r,0.68,0.01,-0.00,0.73,5.139
r,0.68,0.01,-0.00,0.73,5.142
r,0.68,0.01,-0.00,0.73,5.149
r,0.68,0.01,-0.00,0.73,5.153
r,0.68,0.01,-0.00,0.73,5.157
r,0.68,0.01,-0.00,0.73,5.161
r,0.68,0.01,-0.00,0.73,5.167
r,0.68,0.01,-0.00,0.73,5.170
r,0.68,0.01,-0.00,0.73,5.174
r,0.68,0.01,-0.00,0.73,5.177
r,0.68,0.01,-0.00,0.73,5.181
r,0.68,0.01,-0.00,0.73,5.185
r,0.68,0.01,-0.00,0.73,5.189
r,0.68,0.01,-0.00,0.73,5.193
r,0.68,0.01,-0.00,0.73,5.197
r,0.68,0.01,-0.00,0.73,5.200
r,0.68,0.01,-0.00,0.73,5.205
r,0.68,0.01,-0.00,0.73,5.209
r,0.68,0.01,-0.00,0.73,5.212
r,0.68,0.01,-0.00,0.73,5.217
r,0.68,0.01,-0.00,0.73,5.222
r,0.68,0.01,-0.00,0.73,5.226
r,0.68,0.01,-0.00,0.73,5.229
r,0.68,0.01,-0.00,0.73,5.232
r,0.68,0.01,-0.00,0.73,5.236
r,0.68,0.01,-0.00,0.73,5.240
r,0.68,0.01,-0.00,0.73,5.244
r,0.68,0.01,-0.00,0.73,5.249
r,0.68,0.01,-0.00,0.73,5.253
r,0.68,0.01,-0.00,0.73,5.256
r,0.68,0.01,-0.00,0.73,5.260
r,0.68,0.01,-0.00,0.73,5.264
r,0.68,0.01,-0.00,0.73,5.268
r,0.68,0.01,-0.00,0.73,5.272
r,0.68,0.01,-0.00,0.73,5.276
r,0.68,0.01,-0.00,0.73,5.279
r,0.68,0.01,-0.00,0.73,5.284
r,0.68,0.01,-0.00,0.73,5.287
r,0.68,0.01,-0.00,0.73,5.291
r,0.68,0.01,-0.00,0.73,5.295
r,0.69,0.01,-0.00,0.73,5.299
r,0.69,0.01,-0.00,0.73,5.303
r,0.69,0.01,-0.00,0.73,5.308
r,0.69,0.01,-0.00,0.73,5.311
r,0.69,0.01,-0.00,0.73,5.315
r,0.69,0.01,-0.00,0.73,5.320
r,0.69,0.01,-0.00,0.73,5.323
r,0.69,0.01,-0.00,0.73,5.327
r,0.69,0.01,-0.00,0.73,5.330
r,0.69,0.01,-0.00,0.73,5.335
r,0.69,0.01,-0.00,0.73,5.340
r,0.69,0.01,-0.00,0.73,5.343
r,0.69,0.01,-0.00,0.73,5.347
r,0.69,0.01,-0.00,0.73,5.351
r,0.69,0.01,-0.00,0.73,5.354
r,0.69,0.01,-0.00,0.73,5.359
r,0.69,0.01,-0.00,0.73,5.363
r,0.69,0.01,-0.00,0.73,5.367
r,0.69,0.01,-0.00,0.73,5.371
r,0.69,0.01,-0.00,0.73,5.374
r,0.69,0.01,-0.00,0.73,5.378
r,0.69,0.01,-0.00,0.73,5.383
r,0.69,0.01,-0.00,0.73,5.387
r,0.69,0.01,-0.00,0.73,5.392
r,0.69,0.01,-0.00,0.73,5.396
r,0.69,0.01,-0.00,0.73,5.399
r,0.69,0.01,-0.00,0.73,5.403
r,0.69,0.01,-0.00,0.73,5.409
r,0.69,0.01,-0.00,0.73,5.414
r,0.69,0.01,-0.00,0.73,5.419
r,0.69,0.01,-0.00,0.73,5.422
r,0.69,0.01,-0.00,0.73,5.427
r,0.69,0.01,-0.00,0.73,5.431
r,0.69,0.01,-0.00,0.73,5.434
r,0.69,0.01,-0.00,0.73,5.439
r,0.69,0.01,-0.00,0.73,5.443
r,0.69,0.01,-0.00,0.73,5.447
r,0.69,0.01,-0.00,0.73,5.451
r,0.69,0.01,-0.00,0.73,5.454
r,0.69,0.01,-0.00,0.73,5.459
r,0.69,0.01,-0.00,0.73,5.463
r,0.69,0.01,-0.00,0.73,5.467
r,0.69,0.01,-0.00,0.73,5.472
r,0.69,0.01,-0.00,0.73,5.477
r,0.69,0.01,-0.00,0.73,5.480
r,0.69,0.01,-0.00,0.73,5.483
r,0.69,0.01,-0.00,0.73,5.486
r,0.69,0.01,-0.00,0.73,5.490
r,0.69,0.01,-0.00,0.73,5.494
r,0.69,0.01,-0.00,0.73,5.497
r,0.69,0.01,-0.00,0.73,5.501
r,0.69,0.01,-0.00,0.73,5.506
r,0.69,0.01,-0.00,0.73,5.510
r,0.69,0.01,-0.00,0.73,5.514
r,0.69,0.01,-0.00,0.73,5.519
r,0.69,0.01,-0.00,0.73,5.522
r,0.69,0.01,-0.00,0.73,5.527
r,0.69,0.01,-0.00,0.73,5.531
r,0.69,0.01,-0.00,0.73,5.536
r,0.69,0.01,-0.00,0.73,5.540
r,0.69,0.01,-0.00,0.73,5.544
r,0.69,0.01,-0.00,0.73,5.548
r,0.69,0.01,-0.00,0.73,5.553
r,0.69,0.01,-0.00,0.73,5.556
r,0.69,0.01,-0.00,0.73,5.561
r,0.69,0.01,-0.00,0.73,5.565
r,0.69,0.01,-0.00,0.73,5.569
r,0.69,0.01,-0.00,0.73,5.574
r,0.69,0.01,-0.00,0.73,5.577
r,0.69,0.01,-0.00,0.73,5.581
r,0.69,0.01,-0.00,0.73,5.587
r,0.69,0.01,-0.00,0.73,5.591
r,0.69,0.01,-0.00,0.73,5.595
r,0.69,0.01,-0.00,0.73,5.599
r,0.69,0.01,-0.00,0.73,5.603
r,0.69,0.01,-0.00,0.73,5.608
r,0.69,0.01,-0.00,0.73,5.611
r,0.69,0.01,-0.00,0.73,5.616
r,0.69,0.01,-0.00,0.73,5.621
r,0.69,0.01,-0.00,0.73,5.625
r,0.69,0.01,-0.00,0.73,5.629
r,0.69,0.01,-0.00,0.73,5.633
r,0.69,0.01,-0.00,0.73,5.636
r,0.69,0.01,-0.00,0.73,5.641
r,0.69,0.01,-0.00,0.73,5.646
r,0.69,0.01,-0.00,0.73,5.650
r,0.69,0.01,-0.00,0.73,5.654
r,0.69,0.01,-0.00,0.73,5.658
r,0.69,0.01,-0.00,0.73,5.662
r,0.69,0.01,-0.00,0.73,5.666
r,0.69,0.01,-0.00,0.73,5.670
r,0.69,0.01,-0.00,0.73,5.675
r,0.69,0.01,-0.00,0.73,5.679
r,0.69,0.01,-0.00,0.73,5.682
r,0.69,0.01,-0.00,0.73,5.687
r,0.69,0.01,-0.00,0.73,5.691
r,0.69,0.01,-0.00,0.73,5.695
r,0.69,0.01,-0.00,0.73,5.699
r,0.69,0.01,-0.00,0.73,5.703
r,0.69,0.01,-0.00,0.73,5.708
r,0.69,0.01,-0.00,0.73,5.712
r,0.69,0.01,-0.00,0.73,5.716
r,0.69,0.01,-0.00,0.73,5.721
r,0.69,0.01,-0.00,0.73,5.726
r,0.69,0.01,-0.00,0.73,5.730
r,0.69,0.01,-0.00,0.73,5.734
r,0.69,0.01,-0.00,0.73,5.737
r,0.69,0.01,-0.00,0.73,5.741
r,0.69,0.01,-0.00,0.73,5.746
r,0.69,0.01,-0.00,0.73,5.749
r,0.69,0.01,-0.00,0.73,5.753
r,0.69,0.01,-0.00,0.73,5.758
r,0.69,0.01,-0.00,0.73,5.761
r,0.69,0.01,-0.00,0.73,5.766
r,0.69,0.01,-0.00,0.73,5.770
r,0.69,0.01,-0.00,0.73,5.773
r,0.69,0.01,-0.00,0.73,5.778
r,0.69,0.01,-0.00,0.73,5.781
r,0.69,0.01,-0.00,0.73,5.786
r,0.69,0.01,-0.00,0.73,5.790
r,0.69,0.01,-0.00,0.73,5.793
r,0.69,0.01,-0.00,0.73,5.798
r,0.69,0.01,-0.00,0.73,5.802
r,0.69,0.01,-0.00,0.73,5.806
r,0.69,0.01,-0.00,0.73,5.810
r,0.69,0.01,-0.00,0.73,5.813
r,0.69,0.01,-0.00,0.73,5.817
r,0.69,0.01,-0.00,0.73,5.821
r,0.69,0.01,-0.00,0.73,5.825
r,0.69,0.01,-0.00,0.73,5.830
r,0.69,0.01,-0.00,0.73,5.834
r,0.69,0.01,-0.00,0.73,5.838
r,0.69,0.01,-0.00,0.73,5.843
r,0.69,0.01,-0.00,0.73,5.848
r,0.69,0.01,-0.00,0.73,5.852
r,0.69,0.01,-0.00,0.73,5.857
r,0.69,0.01,-0.00,0.73,5.860
r,0.69,0.01,-0.00,0.73,5.865
r,0.69,0.01,-0.00,0.73,5.869
r,0.69,0.01,-0.00,0.73,5.872
r,0.69,0.01,-0.00,0.73,5.876
r,0.69,0.01,-0.00,0.73,5.881
r,0.69,0.01,-0.00,0.73,5.885
r,0.68,0.01,-0.00,0.73,5.889
r,0.68,0.01,-0.00,0.73,5.892
r,0.68,0.01,-0.00,0.73,5.896
r,0.68,0.01,-0.00,0.73,5.900
r,0.68,0.01,-0.00,0.73,5.903
r,0.68,0.01,-0.00,0.73,5.908
r,0.68,0.01,-0.00,0.73,5.912
r,0.68,0.01,-0.00,0.73,5.915
r,0.68,0.01,-0.00,0.73,5.920
r,0.68,0.01,-0.00,0.73,5.925
r,0.68,0.01,-0.00,0.73,5.928
r,0.68,0.01,-0.00,0.73,5.933
r,0.68,0.01,-0.00,0.73,5.937
r,0.68,0.01,-0.00,0.73,5.941
r,0.68,0.01,-0.00,0.73,5.946
r,0.68,0.01,-0.00,0.73,5.950
r,0.68,0.01,-0.00,0.73,5.955
r,0.68,0.01,-0.00,0.73,5.959
r,0.68,0.01,-0.00,0.73,5.963
r,0.68,0.01,-0.00,0.73,5.968
r,0.68,0.01,-0.00,0.73,5.972
r,0.68,0.01,-0.00,0.73,5.975
r,0.68,0.01,-0.00,0.73,5.980
r,0.68,0.01,-0.00,0.73,5.985
r,0.68,0.01,-0.00,0.73,5.990
r,0.68,0.01,-0.00,0.73,5.995
r,0.68,0.01,-0.00,0.73,5.998
r,0.68,0.01,-0.00,0.73,6.002
r,0.68,0.01,-0.00,0.73,6.007
r,0.68,0.01,-0.00,0.73,6.010
r,0.68,0.01,-0.00,0.73,6.015
r,0.68,0.01,-0.00,0.73,6.019
r,0.68,0.01,-0.00,0.73,6.023
r,0.68,0.01,-0.00,0.73,6.028
r,0.68,0.01,-0.00,0.73,6.031
r,0.68,0.01,-0.00,0.73,6.035
r,0.68,0.01,-0.00,0.73,6.039
r,0.68,0.01,-0.00,0.73,6.044
r,0.68,0.01,-0.00,0.73,6.048
r,0.68,0.01,-0.00,0.73,6.052
r,0.68,0.01,-0.00,0.73,6.055
r,0.68,0.01,-0.00,0.73,6.059
r,0.68,0.01,-0.00,0.73,6.064
r,0.68,0.01,-0.00,0.73,6.068
r,0.68,0.01,-0.00,0.73,6.073
r,0.68,0.01,-0.00,0.73,6.076
r,0.68,0.01,-0.00,0.73,6.080
r,0.68,0.01,-0.00,0.73,6.085
r,0.68,0.01,-0.00,0.73,6.088
r,0.68,0.01,-0.00,0.73,6.093
r,0.68,0.01,-0.00,0.73,6.097
r,0.68,0.01,-0.00,0.73,6.100
r,0.68,0.01,-0.00,0.73,6.105
r,0.68,0.01,-0.00,0.73,6.110
r,0.68,0.01,-0.00,0.73,6.113
r,0.68,0.01,-0.00,0.73,6.118
r,0.68,0.01,-0.00,0.73,6.122
r,0.68,0.01,-0.00,0.73,6.127
r,0.68,0.01,-0.00,0.73,6.131
r,0.68,0.01,-0.00,0.73,6.135
r,0.68,0.01,-0.00,0.73,6.140
r,0.68,0.01,-0.00,0.73,6.144
r,0.68,0.01,-0.00,0.73,6.147
r,0.68,0.01,-0.00,0.73,6.152
r,0.68,0.01,-0.00,0.73,6.156
r,0.68,0.01,-0.00,0.73,6.159
r,0.68,0.01,-0.00,0.73,6.163
r,0.68,0.01,-0.00,0.73,6.167
r,0.68,0.01,-0.00,0.73,6.171
r,0.68,0.01,-0.00,0.73,6.175
r,0.68,0.01,-0.00,0.73,6.178
r,0.68,0.01,-0.00,0.73,6.184
r,0.68,0.01,-0.00,0.73,6.188
r,0.68,0.01,-0.00,0.73,6.191
r,0.68,0.01,-0.00,0.73,6.195
r,0.68,0.01,-0.00,0.73,6.199
r,0.68,0.01,-0.00,0.73,6.203
r,0.68,0.01,-0.00,0.73,6.207
r,0.68,0.01,-0.00,0.73,6.210
r,0.68,0.01,-0.00,0.73,6.215
r,0.68,0.01,-0.00,0.73,6.219
r,0.68,0.01,-0.00,0.73,6.223
r,0.68,0.01,-0.00,0.73,6.227
r,0.68,0.01,-0.00,0.73,6.231
r,0.68,0.01,-0.00,0.73,6.234
r,0.68,0.01,-0.00,0.73,6.238
r,0.68,0.01,-0.00,0.73,6.243
r,0.68,0.01,-0.00,0.73,6.246
r,0.68,0.01,-0.00,0.73,6.250
r,0.68,0.01,-0.00,0.73,6.254
r,0.68,0.01,-0.00,0.73,6.258
r,0.68,0.01,-0.00,0.73,6.263
r,0.68,0.01,-0.00,0.73,6.266
r,0.68,0.01,-0.00,0.73,6.270
r,0.68,0.01,-0.00,0.73,6.274
r,0.68,0.01,-0.00,0.73,6.277
r,0.68,0.01,-0.00,0.73,6.282
r,0.68,0.01,-0.00,0.73,6.287
r,0.68,0.01,-0.00,0.73,6.290
r,0.68,0.01,-0.00,0.73,6.294
r,0.68,0.01,-0.00,0.73,6.298
r,0.68,0.01,-0.00,0.73,6.301
r,0.68,0.01,-0.00,0.73,6.306
r,0.68,0.01,-0.00,0.73,6.309
r,0.68,0.01,-0.00,0.73,6.314
r,0.68,0.01,-0.00,0.73,6.318
r,0.68,0.01,-0.00,0.73,6.321
r,0.68,0.01,-0.00,0.73,6.326
r,0.68,0.01,-0.00,0.73,6.330
r,0.68,0.01,-0.00,0.73,6.334
r,0.68,0.01,-0.00,0.73,6.338
r,0.68,0.01,-0.00,0.73,6.342
r,0.68,0.01,-0.00,0.73,6.345
r,0.68,0.01,-0.00,0.73,6.349
r,0.68,0.01,-0.00,0.73,6.352
r,0.68,0.01,-0.00,0.73,6.357
r,0.68,0.01,-0.00,0.73,6.361
r,0.68,0.01,-0.00,0.73,6.364
r,0.68,0.01,-0.00,0.73,6.368
r,0.68,0.01,-0.00,0.73,6.373
r,0.68,0.01,-0.00,0.73,6.376
r,0.68,0.01,-0.00,0.73,6.380
r,0.68,0.01,-0.00,0.73,6.385
r,0.68,0.01,-0.00,0.73,6.389
r,0.68,0.01,-0.00,0.73,6.393
r,0.68,0.01,-0.00,0.73,6.397
r,0.68,0.01,-0.00,0.73,6.401
r,0.68,0.01,-0.00,0.73,6.406
r,0.68,0.01,-0.00,0.73,6.409
r,0.68,0.01,-0.00,0.73,6.413
r,0.68,0.01,-0.00,0.73,6.417
r,0.68,0.01,-0.00,0.73,6.420
r,0.68,0.01,-0.00,0.73,6.425
r,0.68,0.01,-0.00,0.73,6.428
r,0.68,0.01,-0.00,0.73,6.432
r,0.68,0.01,-0.00,0.73,6.437
r,0.68,0.01,-0.00,0.73,6.440
r,0.68,0.01,-0.00,0.73,6.445
r,0.68,0.01,-0.00,0.73,6.449
r,0.68,0.01,-0.00,0.73,6.452
r,0.68,0.01,-0.00,0.73,6.457
r,0.68,0.01,-0.00,0.73,6.461
r,0.68,0.01,-0.00,0.73,6.465
r,0.68,0.01,-0.00,0.73,6.469
r,0.68,0.01,-0.00,0.73,6.472
r,0.68,0.01,-0.00,0.73,6.477
r,0.68,0.01,-0.00,0.73,6.482
r,0.68,0.01,-0.00,0.73,6.486
r,0.68,0.01,-0.00,0.73,6.491
r,0.68,0.01,-0.00,0.73,6.495
r,0.68,0.01,-0.00,0.73,6.498
r,0.68,0.01,-0.00,0.73,6.502
r,0.68,0.01,-0.00,0.73,6.507
r,0.68,0.01,-0.00,0.73,6.510
r,0.68,0.01,-0.00,0.73,6.514
r,0.68,0.01,-0.00,0.73,6.519
r,0.68,0.01,-0.00,0.73,6.523
r,0.68,0.01,-0.00,0.73,6.527
r,0.68,0.01,-0.00,0.73,6.530
r,0.68,0.01,-0.00,0.73,6.534
r,0.68,0.01,-0.00,0.73,6.538
r,0.68,0.01,-0.00,0.73,6.543
r,0.69,0.01,-0.00,0.73,6.547
r,0.69,0.01,-0.00,0.73,6.551
r,0.69,0.01,-0.00,0.73,6.554
r,0.69,0.01,-0.00,0.73,6.558
r,0.69,0.01,-0.00,0.73,6.562
r,0.69,0.01,-0.00,0.73,6.566
r,0.69,0.01,-0.00,0.73,6.570
r,0.69,0.01,-0.00,0.73,6.573
r,0.69,0.01,-0.00,0.73,6.577
r,0.69,0.01,-0.00,0.73,6.582
r,0.69,0.01,-0.00,0.73,6.585
r,0.69,0.01,-0.00,0.73,6.589
r,0.69,0.01,-0.00,0.73,6.594
r,0.69,0.01,-0.00,0.73,6.597
r,0.69,0.01,-0.00,0.73,6.602
r,0.69,0.01,-0.00,0.73,6.605
r,0.69,0.01,-0.00,0.73,6.609
r,0.69,0.01,-0.00,0.73,6.613
r,0.69,0.01,-0.00,0.73,6.616
r,0.69,0.01,-0.00,0.73,6.620
r,0.69,0.01,-0.00,0.73,6.625
r,0.69,0.01,-0.00,0.73,6.629
r,0.69,0.01,-0.00,0.73,6.634
r,0.69,0.01,-0.00,0.73,6.637
r,0.69,0.01,-0.00,0.73,6.642
r,0.69,0.01,-0.00,0.73,6.646
r,0.69,0.01,-0.00,0.73,6.649
r,0.69,0.01,-0.00,0.73,6.654
r,0.69,0.01,-0.00,0.73,6.659
r,0.69,0.01,-0.00,0.73,6.664
r,0.69,0.01,-0.00,0.73,6.668
r,0.69,0.01,-0.00,0.73,6.672
r,0.69,0.01,-0.00,0.73,6.676
r,0.69,0.01,-0.00,0.73,6.680
r,0.69,0.01,-0.00,0.73,6.684
r,0.69,0.01,-0.00,0.73,6.688
r,0.69,0.01,-0.00,0.73,6.692
r,0.69,0.01,-0.00,0.73,6.696
r,0.69,0.01,-0.00,0.73,6.700
r,0.69,0.01,-0.00,0.73,6.704
r,0.69,0.01,-0.00,0.73,6.707
r,0.69,0.01,-0.00,0.73,6.712
r,0.69,0.01,-0.00,0.73,6.716
r,0.69,0.01,-0.00,0.73,6.720
r,0.69,0.01,-0.00,0.73,6.724
r,0.69,0.01,-0.00,0.73,6.727
r,0.69,0.01,-0.00,0.73,6.731
r,0.69,0.01,-0.00,0.73,6.736
r,0.69,0.01,-0.00,0.73,6.740
r,0.69,0.01,-0.00,0.73,6.744
r,0.69,0.01,-0.00,0.73,6.748
r,0.69,0.01,-0.00,0.73,6.751
r,0.69,0.01,-0.00,0.73,6.755
r,0.69,0.01,-0.00,0.73,6.759
r,0.69,0.01,-0.00,0.73,6.763
r,0.69,0.01,-0.00,0.73,6.767
r,0.69,0.01,-0.00,0.73,6.770
r,0.69,0.01,-0.00,0.73,6.774
r,0.69,0.01,-0.00,0.73,6.779
r,0.69,0.01,-0.00,0.73,6.783
r,0.69,0.01,-0.00,0.73,6.787
r,0.69,0.01,-0.00,0.73,6.791
r,0.69,0.01,-0.00,0.73,6.795
r,0.69,0.01,-0.00,0.73,6.799
r,0.69,0.01,-0.00,0.73,6.803
r,0.69,0.01,-0.00,0.73,6.807
r,0.69,0.01,-0.00,0.73,6.812
r,0.69,0.01,-0.00,0.73,6.815
r,0.69,0.01,-0.00,0.73,6.819
r,0.69,0.01,-0.00,0.73,6.824
r,0.69,0.01,-0.00,0.73,6.827
r,0.69,0.01,-0.00,0.73,6.831
r,0.69,0.01,-0.00,0.73,6.834
r,0.69,0.01,-0.00,0.73,6.838
r,0.69,0.01,-0.00,0.73,6.843
r,0.69,0.01,-0.00,0.73,6.846
r,0.69,0.01,-0.00,0.73,6.850
r,0.69,0.01,-0.00,0.73,6.854
r,0.69,0.01,-0.00,0.73,6.858
r,0.69,0.01,-0.00,0.73,6.863
r,0.69,0.01,-0.00,0.73,6.867
r,0.69,0.01,-0.00,0.73,6.871
r,0.69,0.01,-0.00,0.73,6.876
r,0.69,0.01,-0.00,0.73,6.879
r,0.69,0.01,-0.00,0.73,6.885
r,0.69,0.01,-0.00,0.73,6.889
r,0.69,0.01,-0.00,0.73,6.893
r,0.69,0.01,-0.00,0.73,6.897
r,0.69,0.01,-0.00,0.73,6.902
r,0.69,0.01,-0.00,0.73,6.905
r,0.69,0.01,-0.00,0.73,6.909
r,0.69,0.01,-0.00,0.73,6.914
r,0.69,0.01,-0.00,0.73,6.917
r,0.69,0.01,-0.00,0.73,6.922
r,0.69,0.01,-0.00,0.73,6.925
r,0.69,0.01,-0.00,0.73,6.929
r,0.69,0.01,-0.00,0.73,6.934
r,0.69,0.01,-0.00,0.73,6.938
r,0.69,0.01,-0.00,0.73,6.943
r,0.69,0.01,-0.00,0.73,6.946
r,0.69,0.01,-0.00,0.73,6.949
r,0.69,0.01,-0.00,0.73,6.953
r,0.69,0.01,-0.00,0.73,6.956
r,0.69,0.01,-0.00,0.73,6.961
r,0.69,0.01,-0.00,0.73,6.965
r,0.69,0.01,-0.00,0.73,6.968
r,0.69,0.01,-0.00,0.73,6.972
r,0.69,0.01,-0.00,0.73,6.976
r,0.69,0.01,-0.00,0.73,6.980
r,0.69,0.01,-0.00,0.73,6.985
r,0.69,0.01,-0.00,0.73,6.988
r,0.69,0.01,-0.00,0.73,6.992
r,0.69,0.01,-0.00,0.73,6.996
r,0.69,0.01,-0.00,0.73,6.999
r,0.69,0.01,-0.00,0.73,7.005
r,0.69,0.01,-0.00,0.73,7.009
r,0.69,0.01,-0.00,0.73,7.012
r,0.69,0.01,-0.00,0.73,7.016
r,0.69,0.01,-0.00,0.73,7.020
r,0.69,0.01,-0.00,0.73,7.024
r,0.69,0.01,-0.00,0.73,7.028
r,0.69,0.01,-0.00,0.73,7.032
r,0.69,0.01,-0.00,0.73,7.036
r,0.69,0.01,-0.00,0.73,7.040
r,0.69,0.01,-0.00,0.73,7.044
r,0.69,0.01,-0.00,0.73,7.048
r,0.69,0.01,-0.00,0.73,7.052
r,0.69,0.01,-0.00,0.73,7.056
r,0.69,0.01,-0.00,0.73,7.061
r,0.69,0.01,-0.00,0.73,7.065
r,0.69,0.01,-0.00,0.73,7.069
r,0.69,0.01,-0.00,0.73,7.074
r,0.69,0.01,-0.00,0.73,7.078
r,0.69,0.01,-0.00,0.73,7.083
r,0.69,0.01,-0.00,0.73,7.087
r,0.69,0.01,-0.00,0.73,7.090
r,0.69,0.01,-0.00,0.73,7.095
r,0.69,0.01,-0.00,0.73,7.098
r,0.69,0.01,-0.00,0.73,7.103
r,0.69,0.01,-0.00,0.73,7.107
r,0.69,0.01,-0.00,0.73,7.110
r,0.69,0.01,-0.00,0.73,7.114
r,0.69,0.01,-0.00,0.73,7.118
r,0.69,0.01,-0.00,0.73,7.122
r,0.69,0.01,-0.00,0.73,7.126
r,0.69,0.01,-0.00,0.73,7.131
r,0.69,0.01,-0.00,0.73,7.134
r,0.69,0.01,-0.00,0.73,7.138
r,0.69,0.01,-0.00,0.73,7.142
r,0.69,0.01,-0.00,0.73,7.146
r,0.69,0.01,-0.00,0.73,7.150
r,0.69,0.01,-0.00,0.73,7.153
r,0.69,0.01,-0.00,0.73,7.158
r,0.69,0.01,-0.00,0.73,7.163
r,0.69,0.01,-0.00,0.73,7.166
r,0.69,0.01,-0.00,0.73,7.170
r,0.69,0.01,-0.00,0.73,7.173
r,0.69,0.01,-0.00,0.73,7.177
r,0.69,0.01,-0.00,0.73,7.182
r,0.69,0.01,-0.00,0.73,7.185
r,0.69,0.01,-0.00,0.73,7.189
r,0.69,0.01,-0.00,0.73,7.193
r,0.69,0.01,-0.00,0.73,7.197
r,0.69,0.01,-0.00,0.73,7.202
r,0.69,0.01,-0.00,0.73,7.205
r,0.69,0.01,-0.00,0.73,7.209
r,0.69,0.01,-0.00,0.73,7.213
r,0.69,0.01,-0.00,0.73,7.217
r,0.69,0.01,-0.00,0.73,7.222
r,0.69,0.01,-0.00,0.73,7.226
r,0.69,0.01,-0.00,0.73,7.230
r,0.69,0.01,-0.00,0.73,7.234
r,0.69,0.01,-0.00,0.73,7.237
r,0.69,0.01,-0.00,0.73,7.241
r,0.69,0.01,-0.00,0.73,7.245
r,0.69,0.01,-0.00,0.73,7.248
r,0.69,0.01,-0.00,0.73,7.253
r,0.69,0.01,-0.00,0.73,7.256
r,0.69,0.01,-0.00,0.73,7.260
r,0.69,0.01,-0.00,0.73,7.265
r,0.69,0.01,-0.00,0.73,7.268
r,0.69,0.01,-0.00,0.73,7.273
r,0.69,0.01,-0.00,0.73,7.278
r,0.69,0.01,-0.00,0.73,7.282
r,0.69,0.01,-0.00,0.73,7.286
r,0.69,0.01,-0.00,0.73,7.290
r,0.69,0.01,-0.00,0.73,7.295
r,0.69,0.01,-0.00,0.73,7.300
r,0.69,0.01,-0.00,0.73,7.304
r,0.69,0.01,-0.00,0.73,7.308
r,0.69,0.01,-0.00,0.73,7.316
r,0.69,0.01,-0.00,0.73,7.320
r,0.69,0.01,-0.00,0.73,7.324
r,0.69,0.01,-0.00,0.73,7.327
r,0.69,0.01,-0.00,0.73,7.332
r,0.69,0.01,-0.00,0.73,7.336
r,0.69,0.01,-0.00,0.73,7.340
r,0.69,0.01,-0.00,0.73,7.345
r,0.69,0.01,-0.00,0.73,7.349
r,0.69,0.01,-0.00,0.73,7.352
r,0.69,0.01,-0.00,0.73,7.356
r,0.69,0.01,-0.00,0.73,7.360
r,0.69,0.01,-0.00,0.73,7.363
r,0.69,0.01,-0.00,0.73,7.367
r,0.69,0.01,-0.00,0.73,7.370
r,0.69,0.01,-0.00,0.73,7.374
r,0.69,0.01,-0.00,0.73,7.377
r,0.69,0.01,-0.00,0.73,7.380
r,0.69,0.01,-0.00,0.73,7.385
r,0.69,0.01,-0.00,0.73,7.388
r,0.69,0.01,-0.00,0.73,7.391
r,0.69,0.01,-0.00,0.73,7.395
r,0.69,0.01,-0.00,0.73,7.398
r,0.69,0.01,-0.00,0.73,7.402
r,0.69,0.01,-0.00,0.73,7.407
r,0.69,0.01,-0.00,0.73,7.410
r,0.69,0.01,-0.00,0.73,7.414
r,0.69,0.01,-0.00,0.73,7.418
r,0.69,0.01,-0.00,0.73,7.423
r,0.69,0.01,-0.00,0.73,7.427
r,0.69,0.01,-0.00,0.73,7.430
r,0.69,0.01,-0.00,0.73,7.435
r,0.69,0.01,-0.00,0.73,7.439
r,0.69,0.01,-0.00,0.73,7.442
r,0.69,0.01,-0.00,0.73,7.446
r,0.69,0.01,-0.00,0.73,7.450
r,0.69,0.01,-0.00,0.73,7.453
r,0.69,0.01,-0.00,0.73,7.457
r,0.69,0.01,-0.00,0.73,7.462
r,0.69,0.01,-0.00,0.73,7.465
r,0.69,0.01,-0.00,0.73,7.469
r,0.69,0.01,-0.00,0.73,7.472
r,0.69,0.01,-0.00,0.73,7.477
r,0.69,0.01,-0.00,0.73,7.482
r,0.69,0.01,-0.00,0.73,7.485
r,0.69,0.01,-0.00,0.73,7.490
r,0.69,0.01,-0.00,0.73,7.495
r,0.69,0.01,-0.00,0.73,7.498
r,0.69,0.01,-0.00,0.73,7.503
r,0.69,0.01,-0.00,0.73,7.506
r,0.69,0.01,-0.00,0.73,7.510
r,0.69,0.01,-0.00,0.73,7.515
r,0.69,0.01,-0.00,0.73,7.518
r,0.69,0.01,-0.00,0.73,7.524
r,0.69,0.01,-0.00,0.73,7.528
r,0.69,0.01,-0.00,0.73,7.532
r,0.69,0.01,-0.00,0.73,7.536
r,0.69,0.01,-0.00,0.73,7.541
r,0.69,0.01,-0.00,0.73,7.544
r,0.69,0.01,-0.00,0.73,7.548
r,0.69,0.01,-0.00,0.73,7.552
r,0.69,0.01,-0.00,0.73,7.556
r,0.69,0.01,-0.00,0.73,7.561
r,0.69,0.01,-0.00,0.73,7.564
r,0.69,0.01,-0.00,0.73,7.568
r,0.69,0.01,-0.00,0.73,7.574
r,0.69,0.01,-0.00,0.73,7.577
r,0.69,0.01,-0.00,0.73,7.582
r,0.69,0.01,-0.00,0.73,7.586
r,0.69,0.01,-0.00,0.73,7.590
r,0.69,0.01,-0.00,0.73,7.595
r,0.69,0.01,-0.00,0.73,7.598
r,0.69,0.01,-0.00,0.73,7.603
r,0.69,0.01,-0.00,0.73,7.608
r,0.69,0.01,-0.00,0.73,7.611
r,0.69,0.01,-0.00,0.73,7.615
r,0.69,0.01,-0.00,0.73,7.619
r,0.69,0.01,-0.00,0.73,7.622
r,0.69,0.01,-0.00,0.73,7.627
r,0.69,0.01,-0.00,0.73,7.630
r,0.69,0.01,-0.00,0.73,7.634
r,0.69,0.01,-0.00,0.73,7.639
r,0.69,0.01,-0.00,0.73,7.642
r,0.69,0.01,-0.00,0.73,7.647
r,0.69,0.01,-0.00,0.73,7.651
r,0.69,0.01,-0.00,0.73,7.654
r,0.69,0.01,-0.00,0.73,7.659
r,0.69,0.01,-0.00,0.73,7.664
r,0.69,0.01,-0.00,0.73,7.667
r,0.69,0.01,-0.00,0.73,7.672
r,0.69,0.01,-0.00,0.73,7.675
r,0.69,0.01,-0.00,0.73,7.681
r,0.69,0.01,-0.00,0.73,7.685
r,0.69,0.01,-0.00,0.73,7.688
r,0.69,0.01,-0.00,0.73,7.692
r,0.69,0.01,-0.00,0.73,7.696
r,0.69,0.01,-0.00,0.73,7.699
r,0.69,0.01,-0.00,0.73,7.703
r,0.69,0.01,-0.00,0.73,7.707
r,0.69,0.01,-0.00,0.73,7.711
r,0.69,0.01,-0.00,0.73,7.715
r,0.69,0.01,-0.00,0.73,7.718
r,0.69,0.01,-0.00,0.73,7.722
r,0.69,0.01,-0.00,0.73,7.726
r,0.69,0.01,-0.00,0.73,7.729
r,0.69,0.01,-0.00,0.73,7.734
r,0.69,0.01,-0.00,0.73,7.738
r,0.69,0.01,-0.00,0.73,7.742
r,0.69,0.01,-0.00,0.73,7.746
r,0.69,0.01,-0.00,0.73,7.749
r,0.69,0.01,-0.00,0.73,7.753
r,0.69,0.01,-0.00,0.73,7.757
r,0.69,0.01,-0.00,0.73,7.761
r,0.69,0.01,-0.00,0.73,7.765
r,0.69,0.01,-0.00,0.73,7.770
r,0.69,0.01,-0.00,0.73,7.773
r,0.69,0.01,-0.00,0.73,7.777
r,0.69,0.01,-0.00,0.73,7.782
r,0.69,0.01,-0.00,0.73,7.786
r,0.69,0.01,-0.00,0.73,7.790
r,0.69,0.01,-0.00,0.73,7.794
r,0.69,0.01,-0.00,0.73,7.799
r,0.69,0.01,-0.00,0.73,7.804
r,0.69,0.01,-0.00,0.73,7.807
r,0.69,0.01,-0.00,0.73,7.812
r,0.69,0.01,-0.00,0.73,7.816
r,0.69,0.01,-0.00,0.73,7.818
r,0.69,0.01,-0.00,0.73,7.822
r,0.69,0.01,-0.00,0.73,7.826
r,0.69,0.01,-0.00,0.73,7.829
r,0.69,0.01,-0.00,0.73,7.834
r,0.69,0.01,-0.00,0.73,7.837
r,0.69,0.01,-0.00,0.73,7.842
r,0.69,0.01,-0.00,0.73,7.846
r,0.69,0.01,-0.00,0.73,7.849
r,0.69,0.01,-0.00,0.73,7.854
r,0.69,0.01,-0.00,0.73,7.858
r,0.69,0.01,-0.00,0.73,7.862
r,0.69,0.01,-0.00,0.73,7.866
r,0.69,0.01,-0.00,0.73,7.869
r,0.69,0.01,-0.00,0.73,7.873
r,0.69,0.01,-0.00,0.73,7.877
r,0.69,0.01,-0.00,0.73,7.881
r,0.69,0.01,-0.00,0.73,7.886
r,0.69,0.01,-0.00,0.73,7.890
r,0.69,0.01,-0.00,0.73,7.894
r,0.69,0.01,-0.00,0.73,7.898
r,0.69,0.01,-0.00,0.73,7.904
r,0.69,0.01,-0.00,0.73,7.907
r,0.69,0.01,-0.00,0.73,7.911
r,0.69,0.01,-0.00,0.73,7.914
r,0.69,0.01,-0.00,0.73,7.919
r,0.69,0.01,-0.00,0.73,7.923
r,0.69,0.01,-0.00,0.73,7.926
r,0.69,0.01,-0.00,0.73,7.931
r,0.69,0.01,-0.00,0.73,7.935
r,0.69,0.01,-0.00,0.73,7.939
r,0.69,0.01,-0.00,0.73,7.943
r,0.69,0.01,-0.00,0.73,7.946
r,0.69,0.01,-0.00,0.73,7.950
r,0.69,0.01,-0.00,0.73,7.954
r,0.69,0.01,-0.00,0.73,7.957
r,0.69,0.01,-0.00,0.73,7.962
r,0.69,0.01,-0.00,0.73,7.967
r,0.69,0.01,-0.00,0.73,7.971
r,0.69,0.01,-0.00,0.73,7.975
r,0.69,0.01,-0.00,0.73,7.980
r,0.69,0.01,-0.00,0.73,7.983
r,0.69,0.01,-0.00,0.73,7.987
r,0.69,0.01,-0.00,0.73,7.991
r,0.69,0.01,-0.00,0.73,7.996
r,0.69,0.01,-0.00,0.73,8.002
r,0.69,0.01,-0.00,0.73,8.005
r,0.69,0.01,-0.00,0.73,8.009
r,0.69,0.01,-0.00,0.73,8.014
r,0.69,0.01,-0.00,0.73,8.017
r,0.69,0.01,-0.00,0.73,8.022
r,0.69,0.01,-0.00,0.73,8.025
r,0.69,0.01,-0.00,0.73,8.029
r,0.69,0.01,-0.00,0.73,8.034
r,0.69,0.01,-0.00,0.73,8.037
r,0.69,0.01,-0.00,0.73,8.042
r,0.69,0.01,-0.00,0.73,8.046
r,0.69,0.01,-0.00,0.73,8.049
r,0.69,0.01,-0.00,0.73,8.053
r,0.69,0.01,-0.00,0.73,8.057
r,0.69,0.01,-0.00,0.73,8.060
r,0.69,0.01,-0.00,0.73,8.064
r,0.69,0.01,-0.00,0.73,8.067
r,0.69,0.01,-0.00,0.73,8.071
r,0.69,0.01,-0.00,0.73,8.075
r,0.69,0.01,-0.00,0.73,8.078
r,0.69,0.01,-0.00,0.73,8.082
r,0.69,0.01,-0.00,0.73,8.087
r,0.69,0.01,-0.00,0.73,8.093
r,0.69,0.01,-0.00,0.73,8.097
r,0.69,0.01,-0.00,0.73,8.101
r,0.69,0.01,-0.00,0.73,8.106
r,0.69,0.01,-0.00,0.73,8.110
r,0.69,0.01,-0.00,0.73,8.113
r,0.69,0.01,-0.00,0.73,8.117
r,0.69,0.01,-0.00,0.73,8.122
r,0.69,0.01,-0.00,0.73,8.125
r,0.69,0.01,-0.00,0.73,8.129
r,0.69,0.01,-0.00,0.73,8.134
r,0.69,0.01,-0.00,0.73,8.137
r,0.69,0.01,-0.00,0.73,8.141
r,0.69,0.01,-0.00,0.73,8.145
r,0.69,0.01,-0.00,0.73,8.149
r,0.69,0.01,-0.00,0.73,8.153
r,0.69,0.01,-0.00,0.73,8.156
r,0.69,0.01,-0.00,0.73,8.161
r,0.69,0.01,-0.00,0.73,8.165
r,0.69,0.01,-0.00,0.73,8.168
r,0.69,0.01,-0.00,0.73,8.173
r,0.69,0.01,-0.00,0.73,8.176
r,0.69,0.01,-0.00,0.73,8.181
r,0.69,0.01,-0.00,0.73,8.185
r,0.69,0.01,-0.00,0.73,8.188
r,0.69,0.01,-0.00,0.73,8.193
r,0.69,0.01,-0.00,0.73,8.197
r,0.69,0.01,-0.00,0.73,8.202
r,0.69,0.01,-0.00,0.73,8.206
r,0.69,0.01,-0.00,0.73,8.210
r,0.69,0.01,-0.00,0.73,8.212
r,0.69,0.01,-0.00,0.73,8.216
r,0.69,0.01,-0.00,0.73,8.220
r,0.69,0.01,-0.00,0.73,8.224
r,0.69,0.01,-0.00,0.73,8.228
r,0.69,0.01,-0.00,0.73,8.231
r,0.69,0.01,-0.00,0.73,8.235
r,0.69,0.01,-0.00,0.73,8.239
r,0.69,0.01,-0.00,0.73,8.243
r,0.69,0.01,-0.00,0.73,8.247
r,0.69,0.01,-0.00,0.73,8.250
r,0.69,0.01,-0.00,0.73,8.255
r,0.69,0.01,-0.00,0.73,8.260
r,0.69,0.01,-0.00,0.73,8.263
r,0.69,0.01,-0.00,0.73,8.268
r,0.69,0.01,-0.00,0.73,8.272
r,0.69,0.01,-0.00,0.73,8.275
r,0.69,0.01,-0.00,0.73,8.279
r,0.69,0.01,-0.00,0.73,8.284
r,0.69,0.01,-0.00,0.73,8.287
r,0.69,0.01,-0.00,0.73,8.291
r,0.69,0.01,-0.00,0.73,8.294
r,0.69,0.01,-0.00,0.73,8.298
r,0.69,0.01,-0.00,0.73,8.303
r,0.69,0.01,-0.00,0.73,8.306
r,0.69,0.01,-0.00,0.73,8.311
r,0.69,0.01,-0.00,0.73,8.315
r,0.69,0.01,-0.00,0.73,8.318
r,0.69,0.01,-0.00,0.73,8.323
r,0.69,0.01,-0.00,0.73,8.326
r,0.69,0.01,-0.00,0.73,8.330
r,0.69,0.01,-0.00,0.73,8.334
r,0.69,0.01,-0.00,0.73,8.337
r,0.69,0.01,-0.00,0.73,8.342
r,0.69,0.01,-0.00,0.73,8.346
r,0.69,0.01,-0.00,0.73,8.351
r,0.69,0.01,-0.00,0.73,8.355
r,0.69,0.01,-0.00,0.73,8.359
r,0.69,0.01,-0.00,0.73,8.362
r,0.69,0.01,-0.00,0.73,8.366
r,0.69,0.01,-0.00,0.73,8.370
r,0.69,0.01,-0.00,0.73,8.374
r,0.69,0.01,-0.00,0.73,8.379
r,0.69,0.01,-0.00,0.73,8.383
r,0.69,0.01,-0.00,0.73,8.387
r,0.69,0.01,-0.00,0.73,8.391
r,0.69,0.01,-0.00,0.73,8.394
r,0.69,0.01,-0.00,0.73,8.400
r,0.69,0.01,-0.00,0.73,8.404
r,0.69,0.01,-0.00,0.73,8.408
r,0.69,0.01,-0.00,0.73,8.412
r,0.69,0.01,-0.00,0.73,8.415
r,0.69,0.01,-0.00,0.73,8.421
r,0.69,0.01,-0.00,0.73,8.425
r,0.69,0.01,-0.00,0.73,8.428
r,0.69,0.01,-0.00,0.73,8.432
r,0.69,0.01,-0.00,0.73,8.436
r,0.69,0.01,-0.00,0.73,8.440
r,0.69,0.01,-0.00,0.73,8.444
r,0.69,0.01,-0.00,0.73,8.447
r,0.69,0.01,-0.00,0.73,8.452
r,0.69,0.01,-0.00,0.73,8.456
r,0.69,0.01,-0.00,0.73,8.460
r,0.69,0.01,-0.00,0.73,8.464
r,0.69,0.01,-0.00,0.73,8.468
r,0.69,0.01,-0.00,0.73,8.471
r,0.69,0.01,-0.00,0.73,8.475
r,0.69,0.01,-0.00,0.73,8.480
r,0.69,0.01,-0.00,0.73,8.483
r,0.69,0.01,-0.00,0.73,8.487
r,0.69,0.01,-0.00,0.73,8.490
r,0.69,0.01,-0.00,0.73,8.495
r,0.69,0.01,-0.00,0.73,8.500
r,0.69,0.01,-0.00,0.73,8.503
r,0.69,0.01,-0.00,0.73,8.507
r,0.69,0.01,-0.00,0.73,8.511
r,0.69,0.01,-0.00,0.73,8.515
r,0.69,0.01,-0.00,0.73,8.520
r,0.69,0.01,-0.00,0.73,8.524
r,0.69,0.01,-0.00,0.73,8.528
r,0.69,0.01,-0.00,0.73,8.532
r,0.69,0.01,-0.00,0.73,8.535
r,0.69,0.01,-0.00,0.73,8.540
r,0.69,0.01,-0.00,0.73,8.545
r,0.69,0.01,-0.00,0.73,8.548
r,0.69,0.01,-0.00,0.73,8.553
r,0.69,0.01,-0.00,0.73,8.557
r,0.69,0.01,-0.00,0.73,8.562
r,0.69,0.01,-0.00,0.73,8.566
r,0.69,0.01,-0.00,0.73,8.569
r,0.69,0.01,-0.00,0.73,8.573
r,0.69,0.01,-0.00,0.73,8.579
r,0.69,0.01,-0.00,0.73,8.582
r,0.69,0.01,-0.00,0.73,8.586
r,0.69,0.01,-0.00,0.73,8.591
r,0.69,0.01,-0.00,0.73,8.594
r,0.69,0.01,-0.00,0.73,8.599
r,0.69,0.01,-0.00,0.73,8.603
r,0.69,0.01,-0.00,0.73,8.606
r,0.69,0.01,-0.00,0.73,8.611
r,0.69,0.01,-0.00,0.73,8.614
r,0.69,0.01,-0.00,0.73,8.619
r,0.69,0.01,-0.00,0.73,8.623
r,0.69,0.01,-0.00,0.73,8.627
r,0.69,0.01,-0.00,0.73,8.631
r,0.69,0.01,-0.00,0.73,8.635
r,0.69,0.01,-0.00,0.73,8.638
r,0.69,0.01,-0.00,0.73,8.643
r,0.69,0.01,-0.00,0.73,8.647
r,0.69,0.01,-0.00,0.73,8.650
r,0.69,0.01,-0.00,0.73,8.654
r,0.69,0.01,-0.00,0.73,8.657
r,0.69,0.01,-0.00,0.73,8.662
r,0.69,0.01,-0.00,0.73,8.666
r,0.69,0.01,-0.00,0.73,8.670
r,0.69,0.01,-0.00,0.73,8.674
r,0.69,0.01,-0.00,0.73,8.678
r,0.69,0.01,-0.00,0.73,8.682
r,0.69,0.01,-0.00,0.73,8.686
r,0.69,0.01,-0.00,0.73,8.689
r,0.69,0.01,-0.00,0.73,8.693
r,0.69,0.01,-0.00,0.73,8.697
r,0.69,0.01,-0.00,0.73,8.700
r,0.69,0.01,-0.00,0.73,8.705
r,0.69,0.01,-0.00,0.73,8.710
r,0.69,0.01,-0.00,0.73,8.713
r,0.69,0.01,-0.00,0.73,8.718
r,0.69,0.01,-0.00,0.73,8.723
r,0.69,0.01,-0.00,0.73,8.725
r,0.69,0.01,-0.00,0.73,8.730
r,0.69,0.01,-0.00,0.73,8.733
r,0.69,0.01,-0.00,0.73,8.738
r,0.69,0.01,-0.00,0.73,8.743
r,0.69,0.01,-0.00,0.73,8.747
r,0.69,0.01,-0.00,0.73,8.751
r,0.69,0.01,-0.00,0.73,8.755
r,0.69,0.01,-0.00,0.73,8.759
r,0.69,0.01,-0.00,0.73,8.763
r,0.69,0.01,-0.00,0.73,8.768
r,0.69,0.01,-0.00,0.73,8.771
r,0.69,0.01,-0.00,0.73,8.775
r,0.69,0.01,-0.00,0.73,8.778
r,0.69,0.01,-0.00,0.73,8.782
r,0.69,0.01,-0.00,0.73,8.787
r,0.69,0.01,-0.00,0.73,8.790
r,0.69,0.01,-0.00,0.73,8.795
r,0.69,0.01,-0.00,0.73,8.800
r,0.69,0.01,-0.00,0.73,8.803
r,0.69,0.01,-0.00,0.73,8.808
r,0.69,0.01,-0.00,0.73,8.811
r,0.69,0.01,-0.00,0.73,8.815
r,0.69,0.01,-0.00,0.73,8.820
r,0.69,0.01,-0.00,0.73,8.823
r,0.69,0.01,-0.00,0.73,8.827
r,0.69,0.01,-0.00,0.73,8.831
r,0.69,0.01,-0.00,0.73,8.834
r,0.69,0.01,-0.00,0.73,8.838
r,0.69,0.01,-0.00,0.73,8.842
r,0.69,0.01,-0.00,0.73,8.846
r,0.69,0.01,-0.00,0.73,8.850
r,0.69,0.01,-0.00,0.73,8.853
r,0.69,0.01,-0.00,0.73,8.857
r,0.69,0.01,-0.00,0.73,8.862
r,0.69,0.01,-0.00,0.73,8.865
r,0.69,0.01,-0.00,0.73,8.871
r,0.69,0.01,-0.00,0.73,8.875
r,0.69,0.01,-0.00,0.73,8.879
r,0.69,0.01,-0.00,0.73,8.883
r,0.69,0.01,-0.00,0.73,8.888
r,0.69,0.01,-0.00,0.73,8.891
r,0.69,0.01,-0.00,0.73,8.895
r,0.69,0.01,-0.00,0.73,8.899
r,0.69,0.01,-0.00,0.73,8.905
r,0.69,0.01,-0.00,0.73,8.909
r,0.69,0.01,-0.00,0.73,8.911
r,0.69,0.01,-0.00,0.73,8.915
r,0.69,0.01,-0.00,0.73,8.920
r,0.69,0.01,-0.00,0.73,8.922
r,0.69,0.01,-0.00,0.73,8.926
r,0.69,0.01,-0.00,0.73,8.930
r,0.69,0.01,-0.00,0.73,8.933
r,0.69,0.01,-0.00,0.73,8.938
r,0.69,0.01,-0.00,0.73,8.941
r,0.69,0.01,-0.00,0.73,8.945
r,0.69,0.01,-0.00,0.73,8.950
r,0.69,0.01,-0.00,0.73,8.953
r,0.69,0.01,-0.00,0.73,8.957
r,0.69,0.01,-0.00,0.73,8.962
r,0.69,0.01,-0.00,0.73,8.965
r,0.69,0.01,-0.00,0.73,8.969
r,0.69,0.01,-0.00,0.73,8.972
r,0.69,0.01,-0.00,0.73,8.976
r,0.69,0.01,-0.00,0.73,8.981
r,0.69,0.01,-0.00,0.73,8.984
r,0.69,0.01,-0.00,0.73,8.989
r,0.69,0.01,-0.00,0.73,8.993
r,0.69,0.01,-0.00,0.73,8.996
r,0.69,0.01,-0.00,0.73,9.001
r,0.69,0.01,-0.00,0.73,9.005
r,0.69,0.01,-0.00,0.73,9.009
r,0.69,0.01,-0.00,0.73,9.013
r,0.69,0.01,-0.00,0.73,9.017
r,0.69,0.01,-0.00,0.73,9.022
r,0.69,0.01,-0.00,0.73,9.027
r,0.69,0.01,-0.00,0.73,9.030
r,0.69,0.01,-0.00,0.73,9.034
r,0.69,0.01,-0.00,0.73,9.038
r,0.69,0.01,-0.00,0.73,9.042
r,0.69,0.01,-0.00,0.73,9.047
r,0.69,0.01,-0.00,0.73,9.050
r,0.69,0.01,-0.00,0.73,9.054
r,0.69,0.01,-0.00,0.73,9.057
r,0.69,0.01,-0.00,0.73,9.061
r,0.69,0.01,-0.00,0.73,9.065
r,0.69,0.01,-0.00,0.73,9.069
r,0.69,0.01,-0.00,0.73,9.072
r,0.69,0.01,-0.00,0.73,9.077
r,0.69,0.01,-0.00,0.73,9.080
r,0.69,0.01,-0.00,0.73,9.084
r,0.69,0.01,-0.00,0.73,9.088
r,0.69,0.01,-0.00,0.73,9.091
r,0.69,0.01,-0.00,0.73,9.095
r,0.69,0.01,-0.00,0.73,9.100
r,0.69,0.01,-0.00,0.73,9.103
r,0.69,0.01,-0.00,0.73,9.107
r,0.69,0.01,-0.00,0.73,9.111
r,0.69,0.01,-0.00,0.73,9.114
r,0.69,0.01,-0.00,0.73,9.119
r,0.69,0.01,-0.00,0.73,9.122
r,0.69,0.01,-0.00,0.73,9.126
r,0.69,0.01,-0.00,0.73,9.132
r,0.69,0.01,-0.00,0.73,9.135
r,0.69,0.01,-0.00,0.73,9.139
r,0.69,0.01,-0.00,0.73,9.143
r,0.69,0.01,-0.00,0.73,9.146
r,0.69,0.01,-0.00,0.73,9.150
r,0.69,0.01,-0.00,0.73,9.153
r,0.69,0.01,-0.00,0.73,9.157
r,0.69,0.01,-0.00,0.73,9.162
r,0.69,0.01,-0.00,0.73,9.166
r,0.69,0.01,-0.00,0.73,9.170
r,0.69,0.01,-0.00,0.73,9.174
r,0.69,0.01,-0.00,0.73,9.178
r,0.69,0.01,-0.00,0.73,9.182
r,0.69,0.01,-0.00,0.73,9.187
r,0.69,0.01,-0.00,0.73,9.191
r,0.69,0.01,-0.00,0.73,9.195
r,0.69,0.01,-0.00,0.73,9.199
r,0.69,0.01,-0.00,0.73,9.203
r,0.69,0.01,-0.00,0.73,9.207
r,0.69,0.01,-0.00,0.73,9.210
r,0.69,0.01,-0.00,0.73,9.214
r,0.69,0.01,-0.00,0.73,9.219
r,0.69,0.01,-0.00,0.73,9.223
r,0.69,0.01,-0.00,0.73,9.227
r,0.68,0.01,-0.00,0.73,9.232
r,0.68,0.01,-0.00,0.73,9.235
r,0.68,0.01,-0.01,0.73,9.241
r,0.68,0.01,-0.01,0.73,9.244
r,0.68,0.01,-0.01,0.73,9.248
r,0.68,0.01,-0.01,0.73,9.252
r,0.68,0.01,-0.01,0.73,9.256
r,0.68,0.01,-0.01,0.73,9.260
r,0.68,0.01,-0.01,0.73,9.264
r,0.68,0.01,-0.01,0.73,9.268
r,0.68,0.01,-0.01,0.73,9.272
r,0.68,0.01,-0.01,0.73,9.276
r,0.68,0.01,-0.00,0.73,9.280
r,0.68,0.01,-0.00,0.73,9.284
r,0.68,0.00,-0.00,0.73,9.288
r,0.68,0.00,-0.00,0.73,9.291
r,0.68,0.01,-0.00,0.73,9.296
r,0.68,0.00,-0.00,0.73,9.301
r,0.68,0.00,0.00,0.73,9.304
r,0.68,0.00,0.00,0.73,9.308
r,0.68,0.00,0.00,0.73,9.311
r,0.68,0.00,0.00,0.73,9.316
r,0.68,0.00,0.00,0.73,9.321
r,0.68,0.00,-0.00,0.73,9.324
r,0.68,0.00,-0.00,0.73,9.329
r,0.68,0.00,0.00,0.73,9.332
r,0.68,0.00,-0.00,0.73,9.336
r,0.68,0.00,0.00,0.73,9.341
r,0.68,0.00,-0.00,0.73,9.344
r,0.68,0.00,-0.00,0.73,9.348
r,0.68,0.00,-0.00,0.73,9.352
r,0.68,0.00,-0.00,0.73,9.355
r,0.68,0.00,-0.00,0.73,9.359
r,0.68,0.00,-0.00,0.73,9.363
r,0.68,0.00,-0.00,0.73,9.366
r,0.68,0.00,-0.00,0.73,9.370
r,0.68,0.00,-0.00,0.73,9.372
r,0.68,0.00,-0.00,0.73,9.376
r,0.68,0.00,-0.00,0.73,9.381
r,0.68,0.00,-0.00,0.73,9.383
r,0.68,0.00,-0.00,0.73,9.387
r,0.68,0.00,-0.00,0.73,9.392
r,0.68,0.00,-0.00,0.73,9.395
r,0.68,0.00,-0.00,0.73,9.400
r,0.68,0.00,-0.00,0.73,9.404
r,0.68,0.00,-0.00,0.73,9.407
r,0.68,0.00,-0.00,0.73,9.411
r,0.68,0.00,-0.00,0.73,9.415
r,0.68,0.00,-0.00,0.73,9.418
r,0.68,0.00,-0.00,0.73,9.423
r,0.68,0.00,-0.00,0.73,9.427
r,0.68,0.00,-0.00,0.73,9.431
r,0.68,0.00,-0.00,0.73,9.435
r,0.68,0.00,-0.00,0.73,9.439
r,0.68,0.00,-0.00,0.73,9.442
r,0.68,0.00,-0.00,0.73,9.446
r,0.68,0.00,-0.00,0.73,9.451
r,0.68,0.00,-0.00,0.73,9.454
r,0.68,0.00,-0.00,0.73,9.459
r,0.68,0.00,-0.00,0.73,9.463
r,0.68,0.00,-0.00,0.73,9.466
r,0.68,0.00,-0.00,0.73,9.471
r,0.68,0.00,-0.00,0.73,9.475
r,0.68,0.00,-0.00,0.73,9.479
r,0.68,0.00,-0.00,0.73,9.483
r,0.68,0.00,-0.00,0.73,9.486
r,0.68,0.00,-0.00,0.73,9.490
r,0.68,0.00,-0.00,0.73,9.494
r,0.68,0.00,-0.00,0.73,9.498
r,0.68,0.00,-0.00,0.73,9.502
r,0.68,0.00,-0.00,0.73,9.506
r,0.68,0.00,-0.00,0.73,9.510
r,0.68,0.00,-0.00,0.73,9.514
r,0.68,0.00,-0.00,0.73,9.519
r,0.68,0.00,-0.00,0.73,9.522
r,0.68,0.00,-0.00,0.73,9.526
r,0.68,0.00,-0.00,0.73,9.531
r,0.68,0.00,-0.00,0.73,9.534
r,0.68,0.01,-0.00,0.73,9.539
r,0.68,0.01,-0.00,0.73,9.543
r,0.68,0.01,-0.00,0.73,9.546
r,0.68,0.01,-0.00,0.73,9.550
r,0.68,0.01,-0.00,0.73,9.554
r,0.68,0.01,-0.00,0.73,9.558
r,0.68,0.01,-0.00,0.73,9.563
r,0.68,0.01,-0.00,0.73,9.565
r,0.68,0.01,-0.00,0.73,9.569
r,0.68,0.01,-0.00,0.73,9.573
r,0.68,0.01,-0.00,0.73,9.576
r,0.68,0.01,-0.00,0.73,9.581
r,0.68,0.01,-0.00,0.73,9.586
r,0.68,0.01,-0.00,0.73,9.589
r,0.68,0.01,-0.00,0.73,9.593
r,0.68,0.01,-0.00,0.73,9.597
r,0.68,0.01,-0.00,0.73,9.601
r,0.68,0.01,-0.00,0.73,9.605
r,0.68,0.01,-0.00,0.73,9.609
r,0.68,0.01,-0.00,0.73,9.613
r,0.68,0.01,-0.00,0.73,9.618
r,0.68,0.01,-0.00,0.73,9.621
r,0.68,0.01,-0.00,0.73,9.626
r,0.68,0.01,-0.00,0.73,9.631
r,0.68,0.01,-0.00,0.73,9.634
r,0.68,0.01,-0.00,0.73,9.638
r,0.68,0.01,-0.00,0.73,9.643
r,0.68,0.01,-0.00,0.73,9.647
r,0.68,0.01,-0.00,0.73,9.651
r,0.68,0.01,-0.00,0.73,9.655
r,0.68,0.01,-0.00,0.73,9.659
r,0.68,0.01,-0.00,0.73,9.663
r,0.68,0.01,-0.00,0.73,9.667
r,0.68,0.01,-0.00,0.73,9.670
r,0.68,0.01,-0.00,0.73,9.675
r,0.68,0.01,-0.00,0.73,9.679
r,0.68,0.01,-0.00,0.73,9.682
r,0.68,0.01,-0.00,0.73,9.686
r,0.68,0.01,-0.00,0.73,9.690
r,0.68,0.01,-0.00,0.73,9.694
r,0.68,0.01,-0.00,0.73,9.698
r,0.68,0.01,-0.00,0.73,9.702
r,0.68,0.01,-0.00,0.73,9.707
r,0.68,0.01,-0.00,0.73,9.711
r,0.68,0.01,-0.00,0.73,9.714
r,0.68,0.01,-0.00,0.73,9.718
r,0.68,0.01,-0.00,0.73,9.722
r,0.68,0.01,-0.00,0.73,9.725
r,0.68,0.01,-0.00,0.73,9.730
r,0.68,0.01,-0.00,0.73,9.734
r,0.68,0.01,-0.00,0.73,9.738
r,0.68,0.01,-0.00,0.73,9.742
r,0.68,0.01,-0.00,0.73,9.746
r,0.68,0.01,-0.00,0.73,9.749
r,0.68,0.01,-0.00,0.73,9.753
r,0.68,0.01,-0.00,0.73,9.758
r,0.68,0.01,-0.00,0.73,9.762
r,0.68,0.01,-0.00,0.73,9.766
r,0.68,0.01,-0.00,0.73,9.770
r,0.68,0.01,-0.00,0.73,9.775
r,0.68,0.01,-0.00,0.73,9.780
r,0.68,0.01,-0.00,0.73,9.782
r,0.68,0.01,-0.00,0.73,9.786
r,0.68,0.01,-0.00,0.73,9.790
r,0.68,0.01,-0.00,0.73,9.793
r,0.68,0.01,-0.00,0.73,9.798
r,0.68,0.01,-0.00,0.73,9.802
r,0.68,0.01,-0.00,0.73,9.805
r,0.68,0.01,-0.00,0.73,9.810
r,0.68,0.01,-0.00,0.73,9.814
r,0.68,0.01,-0.00,0.73,9.818
r,0.68,0.01,-0.00,0.73,9.822
r,0.68,0.01,-0.00,0.73,9.826
r,0.68,0.01,-0.00,0.73,9.829
r,0.68,0.01,-0.00,0.73,9.833
r,0.68,0.01,-0.00,0.73,9.837
r,0.68,0.01,-0.00,0.73,9.842
r,0.68,0.01,-0.00,0.73,9.845
r,0.68,0.01,-0.00,0.73,9.848
r,0.68,0.01,-0.00,0.73,9.853
r,0.68,0.01,-0.00,0.73,9.858
r,0.68,0.01,-0.00,0.73,9.861
r,0.68,0.01,-0.00,0.73,9.865
r,0.68,0.01,-0.00,0.73,9.869
r,0.68,0.01,-0.00,0.73,9.872
r,0.68,0.01,-0.00,0.73,9.877
r,0.68,0.01,-0.00,0.73,9.881
r,0.68,0.01,-0.00,0.73,9.885
r,0.68,0.01,-0.00,0.73,9.890
r,0.68,0.01,-0.00,0.73,9.894
r,0.68,0.01,-0.00,0.73,9.898
r,0.68,0.01,-0.00,0.73,9.902
r,0.68,0.01,-0.00,0.73,9.904
r,0.68,0.01,-0.00,0.73,9.908
r,0.68,0.01,-0.00,0.73,9.912
r,0.68,0.01,-0.00,0.73,9.916
r,0.68,0.01,-0.00,0.73,9.920
r,0.68,0.01,-0.00,0.73,9.924
r,0.68,0.01,-0.00,0.73,9.927
r,0.68,0.01,-0.00,0.73,9.931
r,0.68,0.01,-0.00,0.73,9.936
r,0.68,0.01,-0.00,0.73,9.940
r,0.68,0.01,-0.00,0.73,9.944
r,0.68,0.01,-0.00,0.73,9.948
r,0.68,0.01,-0.00,0.73,9.952
r,0.68,0.01,-0.00,0.73,9.957
r,0.68,0.01,-0.00,0.73,9.961
r,0.68,0.01,-0.00,0.73,9.965
r,0.68,0.01,-0.00,0.73,9.970
r,0.68,0.01,-0.00,0.73,9.973
r,0.68,0.01,-0.00,0.73,9.978
r,0.68,0.01,-0.00,0.73,9.982
r,0.68,0.01,-0.00,0.73,9.985
r,0.68,0.01,-0.00,0.73,9.990
r,0.68,0.01,-0.00,0.73,9.994
r,0.68,0.01,-0.00,0.73,9.998
r,0.68,0.01,-0.00,0.73,10.002
r,0.68,0.01,-0.00,0.73,10.007
r,0.68,0.01,-0.00,0.73,10.010
r,0.68,0.01,-0.00,0.73,10.015
r,0.68,0.01,-0.00,0.73,10.019
r,0.68,0.01,-0.00,0.73,10.022
r,0.68,0.01,-0.00,0.73,10.025
r,0.68,0.01,-0.00,0.73,10.030
r,0.68,0.01,-0.00,0.73,10.034
r,0.68,0.01,-0.00,0.73,10.037
r,0.68,0.01,-0.00,0.73,10.042
r,0.68,0.01,-0.00,0.73,10.047
r,0.68,0.01,-0.00,0.73,10.050
r,0.68,0.01,-0.00,0.73,10.054
r,0.68,0.01,-0.00,0.73,10.058
r,0.68,0.01,-0.00,0.73,10.061
r,0.68,0.01,-0.00,0.73,10.065
r,0.68,0.01,-0.00,0.73,10.069
r,0.68,0.01,-0.00,0.73,10.072
r,0.68,0.01,-0.00,0.73,10.077
r,0.68,0.01,-0.00,0.73,10.081
r,0.68,0.01,-0.00,0.73,10.085
r,0.68,0.01,-0.00,0.73,10.089
r,0.68,0.01,-0.00,0.73,10.093
r,0.68,0.01,-0.00,0.73,10.098
r,0.68,0.01,-0.00,0.73,10.102
r,0.68,0.01,-0.00,0.73,10.106
r,0.68,0.01,-0.00,0.73,10.110
r,0.68,0.01,-0.00,0.73,10.113
r,0.68,0.01,-0.00,0.73,10.118
r,0.68,0.01,-0.00,0.73,10.122
r,0.68,0.01,-0.00,0.73,10.125
r,0.68,0.01,-0.00,0.73,10.129
r,0.68,0.01,-0.00,0.73,10.133
r,0.68,0.01,-0.00,0.73,10.138
r,0.68,0.01,-0.00,0.73,10.141
r,0.68,0.01,-0.00,0.73,10.145
r,0.68,0.01,-0.00,0.73,10.149
r,0.68,0.01,-0.00,0.73,10.152
r,0.68,0.01,-0.00,0.73,10.157
r,0.68,0.01,-0.00,0.73,10.162
r,0.68,0.01,-0.00,0.73,10.164
r,0.68,0.01,-0.00,0.73,10.168
r,0.68,0.01,-0.00,0.73,10.172
r,0.68,0.01,-0.00,0.73,10.176
r,0.68,0.01,-0.00,0.73,10.180
r,0.68,0.01,-0.00,0.73,10.184
r,0.68,0.01,-0.00,0.73,10.187
r,0.68,0.01,-0.00,0.73,10.191
r,0.68,0.01,-0.00,0.73,10.195
r,0.68,0.01,-0.00,0.73,10.199
r,0.68,0.01,-0.00,0.73,10.204
r,0.68,0.01,-0.00,0.73,10.208
r,0.68,0.01,-0.00,0.73,10.212
r,0.68,0.01,-0.00,0.73,10.216
r,0.68,0.01,-0.00,0.73,10.220
r,0.68,0.01,-0.00,0.73,10.225
r,0.68,0.01,-0.00,0.73,10.228
r,0.68,0.01,-0.00,0.73,10.232
r,0.68,0.01,-0.00,0.73,10.237
r,0.68,0.01,-0.00,0.73,10.240
r,0.68,0.01,-0.00,0.73,10.244
r,0.68,0.01,-0.00,0.73,10.248
r,0.68,0.01,-0.00,0.73,10.251
r,0.68,0.01,-0.00,0.73,10.255
r,0.68,0.01,-0.00,0.73,10.259
r,0.68,0.01,-0.00,0.73,10.262
r,0.68,0.01,-0.00,0.73,10.266
r,0.68,0.01,-0.00,0.73,10.270
r,0.68,0.01,-0.00,0.73,10.274
r,0.68,0.01,-0.00,0.73,10.278
r,0.68,0.01,-0.00,0.73,10.282
r,0.68,0.01,-0.00,0.73,10.287
r,0.68,0.01,-0.00,0.73,10.291
r,0.68,0.01,-0.00,0.73,10.296
r,0.68,0.01,-0.00,0.73,10.299
r,0.68,0.01,-0.00,0.73,10.302
r,0.68,0.01,-0.00,0.73,10.306
r,0.68,0.01,-0.00,0.73,10.310
r,0.68,0.01,-0.00,0.73,10.314
r,0.68,0.01,-0.00,0.73,10.319
r,0.68,0.01,-0.00,0.73,10.323
r,0.68,0.01,-0.00,0.73,10.327
r,0.68,0.01,-0.00,0.73,10.331
r,0.68,0.01,-0.00,0.73,10.336
r,0.68,0.01,-0.00,0.73,10.339
r,0.68,0.01,-0.00,0.73,10.343
r,0.68,0.01,-0.00,0.73,10.347
r,0.68,0.01,-0.00,0.73,10.350
r,0.68,0.01,-0.00,0.73,10.354
r,0.68,0.01,-0.00,0.73,10.359
r,0.68,0.01,-0.00,0.73,10.363
r,0.68,0.01,-0.00,0.73,10.367
r,0.68,0.01,-0.00,0.73,10.371
r,0.68,0.01,-0.00,0.73,10.375
r,0.68,0.01,-0.00,0.73,10.379
r,0.68,0.01,-0.00,0.73,10.383
r,0.68,0.01,-0.00,0.73,10.387
r,0.68,0.01,-0.00,0.73,10.390
r,0.68,0.01,-0.00,0.73,10.395
r,0.68,0.01,-0.00,0.73,10.400
r,0.68,0.01,-0.00,0.73,10.404
r,0.68,0.01,-0.00,0.73,10.408
r,0.68,0.01,-0.00,0.73,10.412
r,0.68,0.01,-0.00,0.73,10.416
r,0.68,0.01,-0.00,0.73,10.420
r,0.68,0.01,-0.00,0.73,10.425
r,0.68,0.01,-0.00,0.73,10.428
r,0.68,0.01,-0.00,0.73,10.433
r,0.68,0.01,-0.00,0.73,10.437
r,0.68,0.01,-0.00,0.73,10.441
r,0.68,0.01,-0.00,0.73,10.444
r,0.68,0.01,-0.00,0.73,10.448
r,0.68,0.01,-0.00,0.73,10.452
r,0.68,0.01,-0.00,0.73,10.455
r,0.68,0.01,-0.00,0.73,10.460
r,0.68,0.01,-0.00,0.73,10.464
r,0.68,0.01,-0.00,0.73,10.467
r,0.68,0.01,-0.00,0.73,10.471
r,0.68,0.01,-0.00,0.73,10.476
r,0.68,0.01,-0.00,0.73,10.479
r,0.68,0.01,-0.00,0.73,10.483
r,0.68,0.01,-0.00,0.73,10.487
r,0.68,0.01,-0.00,0.73,10.492
r,0.68,0.01,-0.00,0.73,10.496
r,0.68,0.01,-0.00,0.73,10.500
r,0.68,0.01,-0.00,0.73,10.504
r,0.68,0.01,-0.00,0.73,10.507
r,0.68,0.01,-0.00,0.73,10.511
r,0.68,0.01,-0.00,0.73,10.516
r,0.68,0.01,-0.00,0.73,10.519
r,0.68,0.01,-0.00,0.73,10.523
r,0.68,0.01,-0.00,0.73,10.527
r,0.68,0.01,-0.00,0.73,10.530
r,0.68,0.01,-0.00,0.73,10.535
r,0.68,0.01,-0.00,0.73,10.539
r,0.68,0.01,-0.00,0.73,10.542
r,0.68,0.01,-0.00,0.73,10.546
r,0.68,0.01,-0.00,0.73,10.551
r,0.68,0.01,-0.00,0.73,10.556
r,0.68,0.01,-0.00,0.73,10.559
r,0.68,0.01,-0.00,0.73,10.564
r,0.68,0.01,-0.00,0.73,10.568
r,0.68,0.01,-0.00,0.73,10.571
r,0.68,0.01,-0.00,0.73,10.576
r,0.68,0.01,-0.00,0.73,10.580
r,0.68,0.01,-0.00,0.73,10.583
r,0.68,0.01,-0.00,0.73,10.587
r,0.68,0.01,-0.00,0.73,10.592
r,0.68,0.01,-0.00,0.73,10.596
r,0.68,0.01,-0.00,0.73,10.599
r,0.68,0.01,-0.00,0.73,10.603
r,0.68,0.01,-0.00,0.73,10.607
r,0.68,0.01,-0.00,0.73,10.610
r,0.68,0.01,-0.00,0.73,10.614
r,0.68,0.01,-0.00,0.73,10.619
r,0.68,0.01,-0.00,0.73,10.622
r,0.68,0.01,-0.00,0.73,10.626
r,0.68,0.01,-0.00,0.73,10.629
r,0.68,0.01,-0.00,0.73,10.632
r,0.68,0.01,-0.00,0.73,10.638
r,0.68,0.01,-0.00,0.73,10.642
r,0.68,0.01,-0.00,0.73,10.646
r,0.68,0.01,-0.00,0.73,10.649
r,0.68,0.01,-0.00,0.73,10.653
r,0.68,0.01,-0.00,0.73,10.658
r,0.68,0.01,-0.00,0.73,10.661
r,0.68,0.01,-0.00,0.73,10.666
r,0.68,0.01,-0.00,0.73,10.670
r,0.68,0.01,-0.00,0.73,10.675
r,0.68,0.01,-0.00,0.73,10.678
r,0.68,0.01,-0.00,0.73,10.682
r,0.68,0.01,-0.00,0.73,10.687
r,0.68,0.01,-0.00,0.73,10.690
r,0.68,0.01,-0.00,0.73,10.694
r,0.68,0.01,-0.00,0.73,10.698
r,0.68,0.01,-0.00,0.73,10.700
r,0.68,0.01,-0.00,0.73,10.704
r,0.68,0.01,-0.00,0.73,10.708
r,0.68,0.01,-0.00,0.73,10.712
r,0.68,0.01,-0.00,0.73,10.716
r,0.68,0.01,-0.00,0.73,10.720
r,0.68,0.01,-0.00,0.73,10.724
r,0.68,0.01,-0.00,0.73,10.728
r,0.68,0.01,-0.00,0.73,10.733
r,0.68,0.01,-0.00,0.73,10.738
r,0.68,0.01,-0.00,0.73,10.741
r,0.68,0.01,-0.00,0.73,10.746
r,0.68,0.01,-0.00,0.73,10.750
r,0.68,0.01,-0.00,0.73,10.756
r,0.68,0.01,-0.00,0.73,10.759
r,0.68,0.01,-0.00,0.73,10.763
r,0.68,0.01,-0.00,0.73,10.767
r,0.68,0.01,-0.00,0.73,10.771
r,0.68,0.01,-0.00,0.73,10.776
r,0.68,0.01,-0.00,0.73,10.780
r,0.68,0.01,-0.00,0.73,10.783
r,0.68,0.01,-0.00,0.73,10.787
r,0.68,0.01,-0.00,0.73,10.791
r,0.68,0.01,-0.00,0.73,10.795
r,0.68,0.01,-0.00,0.73,10.800
r,0.68,0.01,-0.00,0.73,10.804
r,0.68,0.01,-0.00,0.73,10.809
r,0.68,0.01,-0.00,0.73,10.812
r,0.68,0.01,-0.00,0.73,10.816
r,0.68,0.01,-0.00,0.73,10.820
r,0.68,0.01,-0.00,0.73,10.823
r,0.68,0.01,-0.00,0.73,10.827
r,0.68,0.01,-0.00,0.73,10.831
r,0.68,0.01,-0.00,0.73,10.835
r,0.68,0.01,-0.00,0.73,10.840
r,0.68,0.01,-0.00,0.73,10.843
r,0.68,0.01,-0.00,0.73,10.846
r,0.68,0.01,-0.00,0.73,10.850
r,0.68,0.01,-0.00,0.73,10.854
r,0.68,0.01,-0.00,0.73,10.858
r,0.68,0.01,-0.00,0.73,10.860
r,0.68,0.01,-0.00,0.73,10.864
r,0.68,0.01,-0.00,0.73,10.869
r,0.68,0.01,-0.00,0.73,10.873
r,0.68,0.01,-0.00,0.73,10.877
r,0.68,0.01,-0.00,0.73,10.881
r,0.68,0.01,-0.00,0.73,10.884
r,0.68,0.01,-0.00,0.73,10.888
